text,date,stock_label,predicted_effect,price_now,price_5min,price_10min,price_1h
"RT @charliekirk11: Facts:

Federal tax dollars will no longer go to sanctuary states or cities that harbor criminal illegal aliens

If a pr…",2020-03-12 10:00:25+00:00,dollar,no change,1.1242,1.12392,1.1232,1.12372
RT @WhiteHouse: President @realDonaldTrump signed the $8.3 billion funding bill to combat Coronavirus and defend the health and safety of t…,2020-03-08 04:04:06+00:00,dollar,no change,1.13499,1.13499,1.13499,1.13499
The Fannie and Freddie execs should not get million dollar bonuses with our tax dollars. They were bailed out with $169B of our money.,2011-11-10 15:26:44+00:00,dollar,decrease,1.3568,1.35532,1.35668,1.35761
"The Democrat Party has given up on counting votes in Iowa. Looks like it all got computer “fried”. Nobody knows who the real winner is. Maybe it’s Sleepy Joe, but it’s not looking that way. They lost millions &amp; millions of dollars, all for NOTHING. But I WON Iowa big!",2020-02-07 16:31:56+00:00,dollar,decrease,1.09479,1.0951,1.09518,1.09472
"RT @SenateGOP: Trade with Mexico and Canada supports 12 million American jobs. 

USMCA secures those jobs and grows our economy by $70 bill…",2020-02-02 04:36:20+00:00,dollar,increase,1.10951,1.10951,1.10951,1.10951
"The Democrats are just, as always, looking for trouble. They do nothing constructive, even in times of crisis. They don’t want to blame their cash cow, China, for the plague. China is blaming Europe. Dr. Fauci will be testifying before the Senate very soon! #DONOTHINGDEMOCRATS https://t.co/fgHuYeiOQY",2020-05-02 23:00:39+00:00,euro,decrease,,,,
RT @RichardGrenell: Now would be a good time to note that NATO is funded by $130 BILLION more today (and $400 BILLION coming by 2024) becau…,2020-02-08 12:26:04+00:00,dollar,increase,,,,
"The biggest loser tonight, by far, is Mini Mike Bloomberg. His “political” consultants took him for a ride. $700 million washed down the drain, and he got nothing for it but the nickname Mini Mike, and the complete destruction of his reputation. Way to go Mike!",2020-03-04 03:23:58+00:00,dollar,decrease,1.1165,1.11658,1.11654,1.11579
"Breaking News: The Fifth Circuit Court of Appeals just reversed a lower court decision &amp, gave us the go ahead to build one of the largest sections of the desperately needed Southern Border Wall, Four Billion Dollars. Entire Wall is under construction or getting ready to start!",2020-01-09 13:46:26+00:00,dollar,increase,1.11136,1.1117,1.11161,1.1109
"“11,000 points gained in the Dow in the 3 years since the Election of President Trump. Today it may hit 29,000. That has NEVER happened before in that time frame. That has added 12.8 Trillion Dollars to the VALUE of American Business.” @Varneyco @FoxNews  The best is yet to come!",2020-01-10 15:08:14+00:00,dollar,increase,1.11064,1.11088,1.11084,1.11128
"Mini Mike Bloomberg just “quit” the race for President. I could have told him long ago that he didn’t have what it takes, and he would have saved himself a billion dollars, the real cost. Now he will pour money into Sleepy Joe’s campaign, hoping to save face. It won’t work!",2020-03-04 15:40:01+00:00,dollar,decrease,1.11174,1.11202,1.11252,1.11341
"Congress has agreed to provide $8 Billion to fight Coronavirus! This means @CDC, @HHSGov, and @DHSgov will have the resources they need to Keep America Safe and keep the risk to workers and families very low. This is great news for our Health, our Economy, and our Nation!",2020-03-04 23:45:39+00:00,dollar,increase,1.11383,1.1139,1.11374,
"Congress has agreed to provide $8 Billion to fight Coronavirus! This means @CDCgov, @HHSGov, and @DHSgov will have the resources they need to Keep America Safe and keep the risk to workers and families very low. This is great news for our Health, our Economy, and our Nation!",2020-03-04 23:46:50+00:00,dollar,increase,1.11389,1.11388,1.11368,
John Kerry got caught essentially admitting that funds given ridiculously to Iran were used to fund attacks on the USA. Only a complete fool would have given that 150 Billion Dollars Plus to Iran. They then went on a Middle East Rampage! @foxandfriends @PeteHegseth,2020-01-12 14:06:03+00:00,dollar,decrease,1.11164,1.11164,1.11164,1.11164
"RT @realDonaldTrump: Congress has agreed to provide $8 Billion to fight Coronavirus! This means @CDCgov, @HHSGov, and @DHSgov will have the…",2020-03-05 00:16:07+00:00,dollar,no change,1.11351,1.11372,1.11373,1.11345
"Governors should let roads and highway construction begin before heavy traffic starts, which will be soon. Some Governors never stopped, which proved to be very smart. They built and fixed roads during long no traffic periods. Also, saved big dollars!",2020-05-05 13:13:29+00:00,dollar,increase,1.0859,1.08656,1.08643,1.08671
RT @TeamTrump: President @realDonaldTrump: “We’ve spent 8 trillion dollars in the Middle East and we’re not fixing our roads.” https://t.co…,2020-05-01 11:56:52+00:00,dollar,decrease,1.0974,1.0975,1.09764,1.09772
"At my meeting with Jay Powell this morning, I protested fact that our Fed Rate is set too high relative to the interest rates of other competitor countries. In fact, our rates should be lower than all others (we are the U.S.). Too strong a Dollar hurting manufacturers &amp, growth!",2019-11-19 03:34:12+00:00,dollar,decrease,1.10744,1.10744,1.10745,1.1075
"Just finished a very good &amp, cordial meeting at the White House with Jay Powell of the Federal Reserve. Everything was discussed including interest rates, negative interest, low inflation, easing, Dollar strength &amp, its effect on manufacturing, trade with China, E.U. &amp, others, etc.",2019-11-18 16:01:42+00:00,dollar,increase,1.10823,1.10826,1.10868,1.10797
"Republicans &amp, others must remember, the Ukrainian President and Foreign Minister both said that there was no pressure placed on them whatsoever. Also, they didn’t even know the money wasn’t paid, and got the money with no conditions. But why isn’t Germany, France (Europe) paying?",2019-11-17 20:08:08+00:00,euro,decrease,1.10528,1.10528,1.10528,1.10528
"The Democrat Caucus is an unmitigated disaster. Nothing works, just like they ran the Country. Remember the  5 Billion Dollar Obamacare Website, that should have cost 2% of that. The only person that can claim a very big victory in Iowa last night is “Trump”.",2020-02-04 11:33:23+00:00,dollar,decrease,1.10547,1.10535,1.1054,1.10505
"Hoping to get the payroll tax cut approved by both Republicans and Democrats, and please remember, very important for all countries &amp; businesses to know that trade will in no way be affected by the 30-day restriction on travel from Europe. The restriction stops people not goods.",2020-03-12 02:13:32+00:00,euro,no change,1.13158,1.13226,1.13256,1.13133
RT @mattgaetz: Bloomberg spent $500m just to win American Samoa. He could have spent $700m to buy the whole place. It would have been a bet…,2020-03-06 03:48:34+00:00,dollar,no change,1.12328,1.12306,1.12334,1.12325
RT @JenniferJJacobs: Trump’s new coronavirus travel prohibitions will not apply to the trade and cargo that flow between Europe and the Uni…,2020-03-12 13:40:37+00:00,euro,no change,1.12213,1.1231,1.12216,1.11464
"RT @SBAJovita: UPDATE – At least 9,970 loans have been processed; $3,200,000,000+ originated. #CARESAct &amp; #PaycheckProtectionProgram offers…",2020-04-04 13:21:19+00:00,dollar,no change,,,,
RT @CDCtravel: #CDCTRAVELNOTICE: #Coronavirus in most of #Europe. CDC recommends avoiding all nonessential travel to most of Europe. More i…,2020-03-12 13:53:56+00:00,euro,decrease,1.1218,1.12408,1.1216,1.1149
"I will be signing our 738 Billion Dollar Defense Spending Bill today. It will include 12 weeks  Paid Parental Leave, gives our troops a raise, importantly creates the SPACE FORCE, SOUTHERN BORDER WALL FUNDING, repeals “Cadillac Tax” on Health Plans, raises smoking age to 21! BIG!",2019-12-20 14:19:20+00:00,dollar,increase,1.1086,1.10822,1.10856,1.10833
"RT @IvankaTrump: Latest: Day 1 
#PaycheckProtectionProgram numbers: 6,820 loans valued at more than $2,200,000,000. 

Are you a small busin…",2020-04-04 13:22:39+00:00,dollar,no change,,,,
"RT @stevenmnuchin1: #PPPloan UPDATE $400,000,000 originated. Thank you #communitybank #largebanks @SBAgov @USTreasury #CARESAct #SmallBusin…",2020-04-04 13:23:55+00:00,dollar,increase,,,,
RT @RepKenBuck: The President put America first by ensuring U.S. taxpayer dollars weren't funding Ukrainian corruption. Ukrainians didn't k...,2019-12-12 17:54:06+00:00,dollar,no change,1.11108,1.11101,1.11085,1.11082
"I also have constantly asked, “Why aren’t Germany, France and other European countries helping Ukraine more? They are the biggest beneficiaries. Why is it always the good ol’ United States?” The Radical Left, Do Nothing Democrats, never mention this at their phony hearing!",2019-12-12 16:05:26+00:00,euro,decrease,1.11195,1.1119,1.11134,1.11137
"RT @WhiteHouse: President Trump has been fighting for increased burden sharing by NATO members, and it's working. Over $130 billion in new...",2019-12-03 16:26:14+00:00,dollar,increase,1.10886,1.10902,1.10894,1.10864
"The Fed should lower rates (there is almost no inflation) and loosen, making us competitive with other nations, and manufacturing will SOAR! Dollar is very strong relative to others.",2019-12-02 22:21:21+00:00,dollar,increase,1.10812,1.10802,1.10804,1.10766
"Manufacturers are being held back by the strong Dollar, which is being propped up by the ridiculous policies of the Federal Reserve - Which has called interest rates and quantitative tightening wrong from the first days of Jay Powell!",2019-12-02 21:19:46+00:00,dollar,decrease,1.10787,1.108,1.10792,1.10794
"In the 3 decades before my election, NATO spending declined by two-thirds, and only 3 other NATO members were meeting their financial obligations. Since I took office, the number of NATO allies fulfilling their obligations more than DOUBLED, and NATO spending increased by $130B!",2019-12-02 18:17:15+00:00,dollar,no change,1.10706,1.10719,1.10724,1.10824
Heading to Europe to represent our Country and fight hard for the American People while the Do Nothing Democrats purposely scheduled an Impeachment Hoax hearing on the same date as NATO. Not nice! https://t.co/LCXYhoOWF6,2019-12-02 16:02:48+00:00,euro,decrease,1.10746,1.10794,1.10816,1.10748
".....Reserve should likewise act so that countries, of which there are many, no longer take advantage of our strong dollar by further devaluing their currencies. This makes it very hard for our manufactures &amp, farmers to fairly export their goods. Lower Rates &amp, Loosen - Fed!",2019-12-02 10:59:33+00:00,dollar,decrease,1.10117,1.10128,1.1015,1.10084
"When Jerome Powell started his testimony today, the Dow was up 125, &amp; heading higher. As he spoke it drifted steadily downward, as usual, and is now at -15. Germany &amp; other countries get paid to borrow money. We are more prime, but Fed Rate is too high, Dollar tough on exports.",2020-02-11 16:39:59+00:00,dollar,no change,1.0918,1.09143,1.09156,1.0921
"Starting early next week, at my order, the USA will be purchasing, from our Farmers, Ranchers &amp; Specialty Crop Growers, 3 Billion Dollars worth of Dairy, Meat &amp; Produce for Food Lines &amp; Kitchens. “FARMERS TO FAMILY FOOD BOX”  Great news for all!  @SecretarySonny @ZippyDuvall",2020-05-09 19:06:38+00:00,dollar,increase,,,,
"Impeachment King Steyer (how did that work out?) spent 200 Million Dollars and got less than 1% of the vote in Iowa, and only 3% of the Vote in New Hampshire. Could it be that something is just plain missing? Not easy to do what I did, is it?",2020-02-12 02:34:14+00:00,dollar,decrease,1.09194,1.09188,1.09178,1.09178
RT @RudyGiuliani: The Accounts Chamber in Ukraine found an alleged misuse of $5.3B in U.S. funds during the Obama administration while Bide...,2019-12-28 04:33:15+00:00,dollar,no change,,,,
"RT @TeamTrump: .@realDonaldTrump is strengthening our trade deals:✅Replaced outdated NAFTA✅USMCA will add $68B to U.S. economy &amp, create...",2019-12-31 22:27:06+00:00,dollar,increase,,,,
"Sohrab Ahmari, New York Post “The Trump Campaign raised $10 million in the two days following the impeachment (Scam) vote. It seems the Democrats have shot themselves in the foot in one more way. They set up a process they know is not going to lead to the Presidents removal, &amp,...",2020-01-02 13:42:41+00:00,dollar,decrease,1.11932,1.11938,1.11934,1.11727
"...the Fake News Media into not covering them, but that effort failed because the ratings are through the roof according to, of all sources, the Failing New York Times, “Monday Night Football, Bachelor Finale” type numbers (&amp; sadly, they get it $FREE). Trump Derangement Syndrome!",2020-04-08 14:42:25+00:00,dollar,decrease,1.08732,1.08729,1.0882,1.08705
"The United States has paid Iraq Billions of Dollars a year, for many years. That is on top of all else we have done for them. The people of Iraq don’t want to be dominated &amp, controlled by Iran, but ultimately, that is their choice. Over the last 15 years, Iran has gained more....",2020-01-03 15:09:32+00:00,dollar,decrease,1.11585,1.11618,1.11653,1.11648
"RT @CNBCnow: BREAKING: Democrats block McConnell’s effort to get unanimous support for $250 billion in additional small business aid 
https…",2020-04-10 04:58:26+00:00,dollar,no change,1.09382,1.09369,1.09361,1.0941
"RT @TIME: The $60,000 telegram that helped Abraham Lincoln abolish slavery https://t.co/9GAYCWbWhy",2020-05-11 01:55:15+00:00,dollar,no change,1.08465,1.08501,1.08476,1.0847
"Democrats are blocking a 251 Million Dollar funding boost for Small Businesses which will help them keep their employees. It should be for only that reason, with no additions. We should have a big Infrastructure Phase Four with Payroll Tax Cuts &amp; more. Big Economic Bounceback!",2020-04-10 11:19:50+00:00,dollar,no change,1.094,1.094,1.09402,1.09414
"Democrats are blocking a 251 Billion Dollar funding boost for Small Businesses which will help them keep their employees. It should be for only that reason, with no additions. We should have a big Infrastructure Phase Four with Payroll Tax Cuts &amp; more. Big Economic Bounceback!",2020-04-10 11:32:26+00:00,dollar,no change,1.0939,1.09401,1.09384,1.09424
"So now the Fake News @nytimes is tracing the CoronaVirus origins back to Europe, NOT China. This is a first! I wonder what the Failing New York Times got for this one? Are there any NAMED sources? They were recently thrown out of China like dogs, and obviously want back in. Sad!",2020-04-11 22:22:58+00:00,euro,decrease,,,,
RT @SteveScalise: #GoodNewsOfTheDay → The Trump Administration is sending over $10 MILLION to 36 Community Health Centers across Louisiana…,2020-05-12 00:05:57+00:00,dollar,increase,1.08089,1.08042,1.07986,1.07929
"So now the Fake News @nytimes is tracing the CoronaVirus origins back to Europe, NOT China. This is a first! I wonder where the Failing New York Times got for this one? Are there any NAMED sources? They were recently thrown out of China like dogs, and obviously want back in. Sad!",2020-04-11 22:27:01+00:00,euro,decrease,,,,
"So now the Fake News @nytimes is tracing the CoronaVirus origins back to Europe, NOT China. This is a first! I wonder what the Failing New York Times got for this one? Are there any NAMED sources? They were recently thrown out of China like dogs, and obviously want back in. Sad!",2020-04-11 23:34:58+00:00,euro,decrease,,,,
Would be sooo great if the Fed would further lower interest rates and quantitative ease. The Dollar is very strong against other currencies and there is almost no inflation. This is the time to do it. Exports would zoom!,2019-12-17 15:12:35+00:00,dollar,increase,1.11536,1.11536,1.11552,1.1157
RT @CLewandowski_: US House hopeful Mowers raised $354K in first quarter; campaign says it’s a primary record for a GOP candidate in NH. We…,2020-04-13 00:55:15+00:00,dollar,no change,1.09322,1.09304,1.09294,1.09298
"The United States has foolishly given Pakistan more than 33 billion dollars in aid over the last 15 years, and they have given us nothing but lies &amp, deceit, thinking of our leaders as fools. They give safe haven to the terrorists we hunt in Afghanistan, with little help. No more!",2018-01-01 12:12:00+00:00,dollar,decrease,1.20071,1.20071,1.20071,1.20071
"It's not only Pakistan that we pay billions of dollars to for nothing, but also many other countries, and others. As an example, we pay the Palestinians HUNDRED OF MILLIONS OF DOLLARS a year and get no appreciation or respect. They don’t even want to negotiate a long overdue...",2018-01-02 22:37:56+00:00,dollar,decrease,1.20568,1.2057,1.2057,1.20652
"“Some 40 U.S. companies have responded to President Trump’s tax cut and reform victory in Congress last year by handing out bonuses up to $2,000, increases in 401k matches and spending on charity, a much higher number than previously known.” https://t.co/bmWrwWzxMR",2018-01-04 02:07:37+00:00,dollar,increase,1.20108,1.20095,1.2013,1.20162
"Dow goes from 18,589 on November 9, 2016, to 25,075 today, for a new all-time Record. Jumped 1000 points in last 5 weeks, Record fastest 1000 point move in history. This is all about the Make America Great Again agenda! Jobs, Jobs, Jobs. Six trillion dollars in value created!",2018-01-05 11:35:30+00:00,dollar,increase,1.20522,1.20527,1.20512,1.20486
"Brian Ross, the reporter who made a fraudulent live newscast about me that drove the Stock Market down 350 points (billions of dollars), was suspended for a month but is now back at ABC NEWS in a lower capacity. He is no longer allowed to report on Trump. Should have been fired!",2018-01-06 11:57:35+00:00,dollar,decrease,,,,
"The Stock Market has been creating tremendous benefits for our country in the form of not only Record Setting Stock Prices, but present and future Jobs, Jobs, Jobs. Seven TRILLION dollars of value created since our big election win!",2018-01-07 20:42:13+00:00,dollar,increase,1.2028,1.2028,1.2028,1.2028
"""RT @Jim_Jordan: .@KellyannePolls said it best: """"I'm not going to be lectured by people who voted... to fork over $130 billion in cash to Ir...""",2020-01-07 00:39:02+00:00,dollar,decrease,1.11923,1.11917,1.11906,1.11951
"The United States just spent Two Trillion Dollars on Military Equipment. We are the biggest and by far the BEST in the World! If Iran attacks an American Base, or any American, we will be sending some of that brand new beautiful equipment their way...and without hesitation!",2020-01-05 05:11:03+00:00,dollar,increase,1.1168,1.1168,1.1168,1.1168
"Tom Steyer who, other than Mini Mike Bloomberg, spent more dollars for NOTHING than any candidate in history, quit the race today proclaiming how thrilled he was to be a part of the the Democrat Clown Show. Go away Tom and save whatever little money you have left!",2020-03-01 05:30:08+00:00,dollar,decrease,1.10437,1.10437,1.10437,1.10437
"RT @WHO: @DrTedros @WHOWPRO @pahowho @WHO_Europe @WHOAFRO @WHOEMRO @WHOSEARO ""🔟 it’s normal &amp; understandable to feel anxious, especially if…",2020-03-02 12:28:57+00:00,euro,no change,1.11121,1.11067,1.1105,1.11231
Washington is wasting over $2 billion this year on Solyndra type loans. Yet they want to cut military spending.,2011-10-06 14:32:56+00:00,dollar,decrease,1.34284,1.34192,1.34108,1.34232
He says he will spend $1 B to get re-elected: @BarackObama. I can match him--preserving my options.,2011-12-14 15:01:17+00:00,dollar,no change,1.29794,1.29768,1.29784,1.29572
"I'm proud to accept the 2010 HollyRod Foundation Humanitarian Award from Holly Robinson Peete, who raised $700,000 on Celebrity Apprentice",2010-07-20 15:10:28+00:00,dollar,increase,1.29032,1.29056,1.29192,1.29098
"The Eric Trump Foundation has raised over $1,000,000 towards St. Jude Children's Research Hospital.  http://twitter.com/EricTrumpFdn",2010-06-24 18:44:46+00:00,dollar,increase,1.23388,1.23332,1.23368,1.23286
Great job on the Larry King Live Gulf Telethon last night--$1.3 million was raised in 2 hours.,2010-06-22 16:09:28+00:00,dollar,increase,1.23072,1.23144,1.23118,1.23134
Trump Tycoon App for iPhone & iPod Touch - It's $2.99 but the advice is priceless! http://bit.ly/UGUF0,2010-01-15 16:28:02+00:00,dollar,increase,1.43846,1.43788,1.43796,1.43774
He is destroying our country:@BarackObama has requested to raise our debt limit to over $16.4Trillion by the end (cont) http://t.co/A5DGJvhP,2011-12-28 20:13:37+00:00,dollar,decrease,1.29406,1.29322,1.2935,1.2936
"The habitual vacationer, @BarackObama, is now in Hawaii. This vacation is costing taxpayers $4 milion +++  while there is 20% unemployment.",2011-12-27 19:08:55+00:00,dollar,decrease,1.30724,1.3076,1.3074,1.30692
"The average family has spent $4,155 this year filling up the car on $3.50/gallon average. Both record highs. (cont) http://t.co/TdkHJRKA",2011-12-20 21:11:58+00:00,dollar,no change,1.30796,1.30787,1.30789,1.30812
"With a record deficit and $15 trillion in debt, @BarackObama is spending $4 million of our money on his Hawaii vacation. Just plain wrong.",2011-12-19 21:25:24+00:00,dollar,decrease,1.29987,1.29948,1.29959,1.30013
OPEC is setting crude at $94/barrel on 'signs US economy is improving.' OPEC uses any excuse to rip us off and our leaders just watch.,2011-12-16 21:12:15+00:00,dollar,decrease,1.30348,1.30361,1.30352,
This is what @BarackObama thinks: that America would be better off if we acted more like European socialist (cont) http://t.co/YbFa0LD6,2011-12-15 19:07:07+00:00,euro,no change,1.30196,1.30202,1.30202,1.3013
You know what is the worst part of @BarackObama's Tuesday speech playing class warfare--we paid for it with our tax dollars.,2011-12-08 20:25:16+00:00,dollar,decrease,1.33526,1.33568,1.33672,1.33463
Why doesn't OPEC lower the price of crude to help avert the European crisis? Crude keeps rising during the dow... (cont) http://t.co/seLDvy28,2011-12-01 20:15:04+00:00,euro,decrease,1.34624,1.34618,1.34706,1.34635
The Fed continues to recklessly flood the market with dollars. This will eventually create record inflation. It has to stop. #TimeToGetTough,2011-12-01 19:14:45+00:00,dollar,decrease,1.34668,1.34684,1.3473,1.34618
The banks were bailed out by us. They should start lending to private entrepreneurs. The banks are slowing American growth.,2011-11-29 20:14:31+00:00,euro,decrease,1.33281,1.33296,1.33318,1.3332
Washington will continue to run record deficits into the election. We are borrowing at a rate of $1.40 from China. Truly unsustainable.,2011-11-28 19:31:52+00:00,dollar,decrease,1.33218,1.33216,1.33218,1.33074
"Once Iran has nuclear weapons, they will shut down the Strait of Hormuz.  Oil will be over $300/Barrel. Iran'... (cont) http://t.co/IJwTmtkm",2011-11-28 16:03:02+00:00,dollar,decrease,1.33495,1.33442,1.33394,1.33364
"As of September 30th, we have a record trade deficit with China of over $217Billion. They are ripping us off.  #TimeToGetTough",2011-11-22 19:08:31+00:00,dollar,decrease,1.35228,1.35228,1.35205,1.35062
"The Federal deficit crossed $15Trillion, 100% of our GDP. Yet the Super Committee can't find $1.2Trillion i... (cont) http://t.co/e9BkXiS3",2011-11-17 18:51:34+00:00,dollar,decrease,1.34568,1.34598,1.34682,1.3474
"Crude is at $100/Barrel. With the current state of the world economy, how is that possible? OPEC is ripping of... (cont) http://t.co/BJW5fZyc",2011-11-16 20:50:18+00:00,dollar,decrease,1.34843,1.34829,1.34707,1.3459
"“When mistakes are made, and they will be, the entrepreneur’s true character emerges and further growth takes place.” – The Midas Touch.",2011-11-16 00:18:31+00:00,euro,no change,1.34963,1.35016,1.35021,1.35063
@BarackObama has already added $5 Trillion to the national debt in less than 3 years. We must defeat him in 2012. #TimeToGetTough,2011-11-15 17:02:45+00:00,dollar,decrease,1.35289,1.35362,1.35255,1.35424
"The Fed should not bail out the EU.  Europe's financial mess is their problem, not our problem!",2011-11-10 19:54:06+00:00,euro,decrease,1.35877,1.35791,1.3588,1.36014
The Federal government spent over $3.7 trillion last year. This is unsustainable and a true danger. The American dream is being destroyed.,2011-11-08 20:17:17+00:00,dollar,decrease,1.38391,1.38398,1.38329,1.38393
The Al Qaeda flag is now flying over Benghazi. @BarackObama spent over $3Billion of our money for this?,2011-11-01 19:17:16+00:00,dollar,decrease,1.37026,1.37056,1.37026,1.37007
Our economy cannot stay competitive with policies like these: @BarackObama is proposing over $90 Billion in new regulations.,2011-10-28 18:18:56+00:00,dollar,decrease,1.41614,1.41683,1.41733,1.41512
My interview yesterday with @TeamCavuto discussing Europe's debt deal and the GOP primary   http://t.co/1Tz0Hevr,2011-10-28 13:47:20+00:00,euro,no change,1.41442,1.41478,1.41472,1.41668
"In response to @Lawrence, my net worth is substantially more than 7 billion dollars--- very low debt, great as... (cont) http://t.co/2FON2L0U",2011-10-26 16:38:04+00:00,dollar,increase,1.38362,1.3829,1.38304,1.38646
"""So much for creating American jobs--@BarackObama gave $529 Million to a """"Green"""" car company---so they can be manufactured in Finland.""",2011-10-24 20:11:08+00:00,dollar,no change,1.39311,1.39236,1.39225,1.39295
The Dollar is at an all-time WWII low against the Yen. The Fed's recklessness is going to lead to record inflation.,2011-10-24 16:39:52+00:00,dollar,no change,1.39207,1.39207,1.39156,1.39356
Why is  crude oil priced at $86/Barrel?  OPEC is  ripping us off. Not worth $30/Barrel.  America needs new leaders.,2011-10-21 13:23:48+00:00,dollar,decrease,1.38772,1.38828,1.38814,1.38832
We must stop outsourcing our jobs overseas and end our multi-billion dollar trade deficits.,2011-10-20 16:09:54+00:00,dollar,decrease,1.36706,1.36736,1.3662,1.3706
Late last Friday @BarackObama announced his 2011 budget deficit  was $1.299 trillion -- the second largest in US history.,2011-10-17 20:52:12+00:00,dollar,no change,1.37313,1.37348,1.37422,1.37323
How many  more billions of dollars will @BarackObama continue to waste in these solar companies?,2011-09-30 17:27:58+00:00,dollar,decrease,1.34466,1.34504,1.34538,1.34274
The Fed's reckless policies of low interest and flooding the market with dollars needs to be stopped or we will face record inflation.,2011-09-29 19:24:04+00:00,dollar,decrease,1.35609,1.35639,1.35662,1.3584
It seems @BarackObama had our tax dollars buy guns for Mexican drug lords that were used to kill Americans. We need answers now.,2011-09-27 19:32:23+00:00,dollar,decrease,1.36036,1.36074,1.35922,1.35879
ObamaCare is a major threat to America's entrepreneurial spirit and competitiveness. Small businesses will b... (cont) http://t.co/xCf3TMcV,2011-09-26 15:59:30+00:00,euro,decrease,1.3516,1.34948,1.34888,1.34611
The Solyndra Scandal--@BarackObama's $500Million photo op. He loves wasting our money.,2011-09-15 15:43:03+00:00,dollar,decrease,1.38566,1.38586,1.3848,1.38774
"""I watched POTUS speech from Europe---same old """"tax and spend"""" won't create jobs.""",2011-09-09 17:41:24+00:00,euro,decrease,1.36898,1.36877,1.36845,1.36744
China is happy to learn that @BarackObama plans to borrow another $300 Billion. @BarackObama is their favorite client.,2011-09-08 17:23:42+00:00,dollar,increase,1.39168,1.39249,1.39072,1.38978
@BarackObama trillion $ stimulus was supposed to create jobs -- instead it gave us more debt and higher unemployment.,2011-09-06 20:23:34+00:00,dollar,decrease,1.39932,1.39888,1.39896,1.39974
"With gas prices rising and the economy failing,  @BarackObama seeks to have his EPA raise energy prices by $109B  http://t.co/vcM5gmd",2011-08-31 18:01:54+00:00,dollar,decrease,1.43715,1.43726,1.4373,1.43759
Crude is at $85 right now – isn’t even worth half that. OPEC is ripping us off.,2011-08-29 18:39:38+00:00,dollar,decrease,1.45029,1.4498,1.44989,1.45119
@BarackObama inherited $10.6 Trillion in National Debt---will leave after his first term with the Debt at over $17.6 Trillion.,2011-08-25 15:54:53+00:00,dollar,no change,1.43754,1.43794,1.43754,1.43694
We have spent over $1 Billion on the  Libya operation. What are we getting back?,2011-08-24 18:02:54+00:00,dollar,decrease,1.44216,1.44224,1.44256,1.44203
We  spent over a billion on Libya and lead the way---why is Europe getting the oil?,2011-08-23 15:57:52+00:00,euro,no change,1.44272,1.44258,1.44237,1.44236
Ron Paul is right that we are wasting trillions of dollars in Iraq and Afghanistan.,2011-08-13 13:28:58+00:00,dollar,decrease,1.42485,1.42485,1.42485,1.42485
The Fed continues to flood the market with US dollars. Wrong move.,2011-08-10 19:26:21+00:00,dollar,decrease,1.42054,1.41994,1.42002,1.41923
Oil is starting to rise again despite the horrible times. OPEC continues to rip us off. Not worth $30. New leadership needed.,2011-08-10 18:25:17+00:00,dollar,decrease,1.42334,1.42354,1.42312,1.42086
The S&P are losers. They did this for personal publicity in order to straighten out their terrible reputatio... (cont) http://deck.ly/~PgL6v,2011-08-09 17:40:33+00:00,sp500,decrease,1139.8,1140.1,1138.6,1109.0
My interview yesterday on the S&P downgrade with Wolf Blitzer on CNN  http://bit.ly/nXfqVo,2011-08-09 16:02:37+00:00,sp500,no change,1149.8,1148.8,1148.3,1141.3
The S&P downgrade is a direct result of @BarackObama's increased reckless budget spending and Obama Care. He owns this.,2011-08-08 15:12:48+00:00,sp500,decrease,1166.4,1163.9,1161.7,1158.7
Unfortunately@BarackObama's continued attack on the US $ will lead to ever rising gas prices at the pump and lots of other really bad things,2011-07-25 14:36:26+00:00,dollar,decrease,1.434,1.43456,1.43476,1.43679
Every dollar @BarackObama spends costs $1.40 with interest borrowed from China on our children and grandchildren's backs. CUT-CAP-BALANCE!,2011-07-18 18:51:33+00:00,dollar,decrease,1.40782,1.40804,1.40898,1.41188
@BarackObama You have increased discretionary spending by 25% annually and amassed over $4 trillion in debt. T-E-A http://t.co/Wr9C7Z7,2011-07-15 19:23:36+00:00,dollar,decrease,1.41398,1.41448,1.4147,1.41585
"House GOP wants to cut Medicare, Obama took $500 billion from Medicare for Obamacare. Both Wrong!",2011-07-08 16:24:15+00:00,dollar,decrease,1.42604,1.4255,1.42546,1.4235
ObamaCare Tragedy Primed to Further Explode the Deficit  http://t.co/wRxqlxA  And @Obama transferred $500 billion from Medicare to fund it!,2011-07-08 16:22:30+00:00,dollar,decrease,1.42648,1.42552,1.42572,1.42334
I want to see people make lots of $$ and live better lives. I really think they can do that through TheTrumpNetwork http://trumpnetwork.com/,2011-03-21 17:39:47+00:00,dollar,increase,1.42166,1.42154,1.42142,1.42305
I always enjoy watching young entrepreneurs enter the business world.  I can tell who reads my books and who doesn’t.  #MidasTouch,2012-12-28 20:23:47+00:00,euro,increase,1.32206,1.322,1.32236,1.32207
“Donald Trump’s Miss USA Pageant Scores $5 Million Legal Victory Following Rigged Claims” http://t.co/FeYJJi2A via @eonline,2012-12-18 18:48:27+00:00,dollar,no change,1.32294,1.32284,1.32284,1.32224
"I still don't get how @KarlRove spent $400 million &amp, lost all.",2012-12-10 22:48:33+00:00,dollar,decrease,1.29388,1.29399,1.29406,1.29376
The government is borrowing 46 cents on every dollar it spends http://t.co/joS4tjDA  Dangerous for us but great news for China.,2012-12-10 20:45:29+00:00,dollar,decrease,1.29408,1.2943,1.29418,1.29422
The Chinese are smart.  They bought up over $7B in US housing last year http://t.co/tt9BZwxR  U.S. is busy making China even richer.,2012-12-10 20:32:45+00:00,dollar,increase,1.29366,1.29377,1.29388,1.2944
"China is about to acquire a unit of AIG, which we bailed out, for $5.5B http://t.co/0xBsByf6  China is making great deals on our backs.",2012-12-10 20:30:58+00:00,dollar,increase,1.29364,1.29366,1.29391,1.29438
Dopey  @Lord_Sugar  I'm worth $8 billion and you're worth peanuts...without my show nobody would even know who you are.,2012-12-07 17:48:19+00:00,dollar,decrease,1.29419,1.29408,1.29379,1.2934
"Dopey Sugar @Lord_Sugar--I'm worth more than $8 billion, acknowledged, almost no debt ...",2012-12-07 16:31:33+00:00,dollar,increase,1.29438,1.2946,1.29336,1.29442
Sugar: @Lord_Sugar--Keep working hard so I make plenty of $ with your show...,2012-12-06 21:22:31+00:00,dollar,increase,1.29691,1.29677,1.29689,1.29666
"When I renovated Wollman Rink in Central Park, it came in $750,000 under budget..",2012-12-06 19:06:17+00:00,dollar,no change,1.29565,1.29557,1.29557,1.29625
"Obama is laughing at Karl Rove &amp, all the losers who spent hundreds of millions of dollars and didn’t win one race, including the big one!",2012-12-03 21:05:26+00:00,dollar,decrease,1.3052,1.30505,1.30508,1.30549
Karl Rove is now making excuses for his total wasting of $400M—not one win—(the Republicans better get smart next time)...,2012-12-03 21:04:11+00:00,dollar,decrease,1.30536,1.30505,1.30496,1.30556
"Now that it’s almost over, I can’t believe that unions &amp, management couldn’t save Twinkies etc--&amp, management just got a $1.75M  bonus.",2012-11-30 21:20:32+00:00,dollar,decrease,1.30046,1.30046,1.30021,
Crude is about to pass $90/barrel.  The OPEC monopoly must be broken.  They are robbing our country blind.,2012-11-29 20:20:55+00:00,dollar,decrease,1.29738,1.29734,1.29738,1.29766
"FM @AlexSalmond of Scotland spent more than $750,000 of taxpayers $ to visit Ryder Cup in Chicago--peanuts compared to his windmill folly.",2012-11-29 17:14:44+00:00,dollar,decrease,1.29645,1.29659,1.29706,1.29698
... where he raised 2 million dollars for the wonderful kids. Eric has a great heart!,2012-11-29 14:52:56+00:00,dollar,increase,1.29949,1.2998,1.30086,1.29786
"I always enjoy speaking to young aspiring entrepreneurs.  They are hungry, motivated and eager to learn.  Proves America can still be great.",2012-11-29 13:48:40+00:00,euro,increase,1.299,1.29901,1.2988,1.29988
"I still can’t get over how the Republicans—my friends—spent hundreds of millions of dollars on such terrible &amp, ineffective ads.",2012-11-28 19:24:53+00:00,dollar,decrease,1.29273,1.29291,1.293,1.29305
"For those asking, my son, @EricTrump, makes zero $$ running his charity &amp, raises a great deal of  $$, all of it for @StJude @EricTrumpFdn",2012-11-21 20:09:49+00:00,dollar,no change,1.28245,1.28249,1.28238,1.28252
Direct foreign investments continue to flow into China at over $100B a year http://t.co/jtmBTMgw  That's money that could be spent here.,2012-11-21 20:02:35+00:00,dollar,no change,1.28256,1.28245,1.28247,1.28254
...while her charity is getting less than 5 cents per donated dollar. She should be ashamed!,2012-11-19 18:06:33+00:00,dollar,decrease,1.28037,1.28043,1.28047,1.28037
".@redcross CEO’s salary in 2011 was $951,957. Where is the outrage?",2012-11-19 18:04:37+00:00,dollar,decrease,1.28044,1.2804,1.28048,1.28032
"With the run on our dollar about to take place, commodity prices will rise. Gold, silver, &amp, timber will spike-- also, certain real estate.",2012-11-16 20:51:14+00:00,dollar,no change,1.27366,1.27407,1.27366,1.27418
"With our record debt &amp, trillion $ deficits, our $ is now at an all-time low against the Chinese Yuan. Time for our gov't to work together.",2012-11-15 20:14:27+00:00,dollar,decrease,1.27636,1.27654,1.2764,1.27795
"To aspiring entrepreneurs, always remember that if your enemies aren’t talking about you, then you aren’t doing well...and must work harder!",2012-11-14 18:50:39+00:00,euro,no change,1.27481,1.27532,1.27722,1.27483
Help those affected by #Sandy. @TrumpSoHo is giving $10 per booking made by 11/23 to @RedCross for #sandyrelief. http://t.co/3MCkZEdp,2012-11-14 18:16:29+00:00,dollar,no change,1.2749,1.27521,1.27528,1.27571
Our $17T national debt and $1T yearly budget deficits are a national security risk of the highest order.,2012-11-13 19:12:28+00:00,dollar,decrease,1.27103,1.27101,1.27101,1.27022
"Price gouging at many gas stations, $10 a gallon--welcome to the new world.",2012-11-09 20:07:49+00:00,dollar,decrease,1.2711,1.27108,1.27103,1.27114
".@antbaxter—Heard your documentary cost you less than $3,000 to make—where did you get that kind of money?",2012-11-09 19:40:31+00:00,dollar,no change,1.2716,1.27135,1.27135,1.27158
The election was a major setback for economy. All young entrepreneurs should be sure to calculate Obama's policies into their investments.,2012-11-09 18:31:42+00:00,euro,decrease,1.27149,1.27128,1.27085,1.27149
The stock market and US dollar are both plunging today.  Welcome to @BarackObama’s second term.,2012-11-07 21:05:25+00:00,dollar,decrease,1.27683,1.27693,1.27703,1.27691
"Congrats to @KarlRove on blowing $400 million this cycle. Every race @CrossroadsGPS ran ads in, the Republicans lost. What a waste of money.",2012-11-07 20:56:54+00:00,dollar,decrease,1.27675,1.27655,1.27676,1.27692
Remember: Obama turned down $5M to charity which I said I would increase by 10X to $50M--just to show simple records. He's hiding lots!,2012-11-06 15:33:25+00:00,dollar,decrease,1.28019,1.28043,1.28069,1.28096
Only 1 mill. dollars @mcuban? Offer me real money and I’d consider it. Your team and networks lose so much money I doubt you have much left!,2012-11-05 19:33:20+00:00,dollar,decrease,1.27881,1.27867,1.27882,1.2789
"Undecideds in OH,PA and WI will make the difference. All should ask themselves if they want $6/gallon gas because it will come under Obama.",2012-11-03 17:53:17+00:00,dollar,no change,,,,
"Obama has destroyed the middle class.  In ’09, median household income was $55,198.  Now it is $50,678.  Four more years?",2012-11-02 18:56:04+00:00,dollar,decrease,1.28249,1.2829,1.28301,1.28323
"Unemployment is now 7.9%.  Four years and $6.5T later, that is really bad!",2012-11-02 18:23:04+00:00,dollar,decrease,1.28367,1.28381,1.28357,1.28322
"If I would have offered Obama a billion dollars to show his records, he would have refused.",2012-11-02 13:56:04+00:00,dollar,decrease,1.28476,1.28448,1.2846,1.28428
“Romney’s $2 Billion Sacrifice for America” By Chris Ruddy @Newsmax_Media http://t.co/ZlDYNMa1,2012-11-01 14:27:01+00:00,dollar,no change,1.29744,1.29724,1.29713,1.29406
A lot of people are concerned about which charity my $5M will be donated to.  The onus is on Obama to first release his records.,2012-10-31 20:53:06+00:00,dollar,no change,1.29594,1.29591,1.296,1.29561
"President Obama, if it is important to you, I will substantially increase the $5M offer!",2012-10-31 20:46:11+00:00,dollar,increase,1.29596,1.29594,1.29589,1.29594
"President Obama, please take the $5M check for charity tomorrow. It is so easy and could do so much good!",2012-10-31 20:45:20+00:00,dollar,increase,1.29591,1.29591,1.29591,1.29583
"There is nothing I would be happier to do than to donate the $5M to a charity of Obama’s choice, once he releases all of his records.",2012-10-31 19:29:38+00:00,dollar,increase,1.29666,1.29655,1.29655,1.29584
"Part 1 of my @jimmyfallon interview discussing my $5M offer to Obama, #TRUMP Tower atrium, my tweets &amp, 57th st. crane http://t.co/AvLO9Inf",2012-10-31 17:02:00+00:00,dollar,no change,1.29702,1.29675,1.29662,1.29694
I'm not hearing much from Obama or his administration about my $5M offer to charity-- or to which charity the money will go.,2012-10-31 14:32:57+00:00,dollar,no change,1.29814,1.2984,1.29807,1.2978
The President has until tomorrow at 12 noon to pick up $5M for his favorite charity. Looking like he won't be doing it. What is he hiding?,2012-10-31 14:30:09+00:00,dollar,decrease,1.29829,1.29858,1.2982,1.2975
Maybe Obama should donate my $5M to the families of the 17 who have lost loved ones during the storm?,2012-10-30 18:58:06+00:00,dollar,no change,1.29615,1.29644,1.29639,1.29598
Scary.  Obama and the Democrat Senate have accrued over $5T worth of debt without passing a budget in the last 3 years.  4 more years?,2012-10-30 18:57:30+00:00,dollar,decrease,1.29607,1.29637,1.29637,1.29605
@digiphile @RedCross RT if you think Pres.Obama should release his records to get $5M for charity--for Red Cross or another great charity,2012-10-30 18:19:24+00:00,dollar,no change,1.29636,1.29659,1.29618,1.29616
Another great cause Obama could send my $5M donation to is a charity for 9/11 First Responders. They are American heroes.,2012-10-30 17:32:36+00:00,dollar,increase,1.29609,1.29628,1.29664,1.29628
"My @SquawkCNBC interview discussing the 57th St. crane, damage from the storm and extending my $5M offer to Obama http://t.co/ebUofUW0",2012-10-30 17:24:07+00:00,dollar,no change,1.29677,1.29668,1.2963,1.29659
"Because of the hurricane, I am extending my 5 million dollar offer for President Obama's favorite charity until 12PM on Thursday.",2012-10-30 14:08:03+00:00,dollar,no change,1.29638,1.29622,1.29621,1.29693
Hurricane is good luck for Obama again- he will buy the election by handing out billions of dollars.,2012-10-30 14:05:10+00:00,dollar,no change,1.29662,1.29638,1.29622,1.29665
I'm not hearing much from Obama or his administration about my $5M offer to charity or to which charity the money will go.,2012-10-29 16:29:31+00:00,dollar,no change,1.28882,1.28943,1.2894,1.28984
"If my offer is refused, every undecided OH voter will be fully aware that Obama denied $5M to charity all because he is hiding something!",2012-10-26 20:23:34+00:00,dollar,decrease,1.29381,1.29387,1.29401,
Barack Obama has everything to gain. Why would anyone ever deny $5M to charity?,2012-10-26 20:21:41+00:00,dollar,no change,1.29364,1.29375,1.29381,
I have decided to add a caveat to my offer. Obama can't decide to send my $5M to Rev. Wright if he releases his records.,2012-10-26 19:55:17+00:00,dollar,no change,1.29363,1.29342,1.2935,1.29384
"One of my many Twitter followers suggested Obama should take my offer &amp, give $1,250,000 to each family of the four... http://t.co/TMPHmSy7",2012-10-26 16:28:04+00:00,dollar,no change,1.29245,1.29255,1.29264,1.29284
The Letterman show really turned things around- people finally understand my $5 million dollar offer to charity.... http://t.co/FjVYwWR4,2012-10-26 14:52:16+00:00,dollar,increase,1.29254,1.29299,1.29364,1.29355
@LianneOnLife I love the Wounded Warriors--Obama should choose that as his $5M charity.,2012-10-26 14:46:54+00:00,dollar,increase,1.2933,1.29253,1.29312,1.29312
"Based on the ovation last night from the Letterman @Late_Show audience, I believe it will be hard for Obama to throw $5M down the drain....",2012-10-26 14:05:28+00:00,dollar,no change,1.29283,1.2938,1.29521,1.2938
Another great charity that the $5M could go to just a recommendation to the Pres. - the Wounded Warriors represented so well by @TraceAdkins,2012-10-26 14:02:49+00:00,dollar,increase,1.29187,1.29392,1.29415,1.29364
Lots of response that Obama should give the $5M to the families of our great heroes who were murdered in Benghazi.,2012-10-26 13:57:14+00:00,dollar,no change,1.29216,1.29187,1.29392,1.29299
Letterman @Late_Show was great last night. I had a lot of fun. You could see his audience really wanted Obama to take the $ for charity.,2012-10-26 13:55:39+00:00,dollar,increase,1.29271,1.29209,1.29283,1.29313
It is really a shame that Barack Obama may stop $5M from being generously donated to charity all because he refuses to be transparent.,2012-10-25 21:06:19+00:00,dollar,decrease,1.29336,1.29341,1.2935,1.29418
"For someone who demanded 20 years of Mitt's tax returns, you would think my offer to donate $5M to charity for his records is an easy go.",2012-10-25 20:15:11+00:00,dollar,no change,1.29388,1.29395,1.29399,1.2935
"""""""Trump Offers To Donate $5 Million To Charity If Obama Releases College Transcripts"""" http://t.co/8l3BpZf6 via @rcpvideo""",2012-10-25 18:15:59+00:00,dollar,no change,1.29474,1.29469,1.29489,1.29426
What will be the response on Wednesday? If Obama doesn't take the 5 million dollars for charity.,2012-10-25 17:58:07+00:00,dollar,no change,1.29492,1.29508,1.2949,1.29486
I am offering the chance for Barack Obama to redistribute $5M to any charity of his choice.  Everyone wins.  Take the deal.,2012-10-25 17:01:58+00:00,dollar,increase,1.29612,1.29587,1.29569,1.29521
"My @gretawire interview discussing my $5M charitable offer to Obama, his lack of transparency &amp, my tremendous support http://t.co/vWcygF7f",2012-10-25 15:57:01+00:00,dollar,no change,1.29578,1.29569,1.29552,1.29625
"""""""TRUMP’S BIG ANNOUNCEMENT: HE’LL GIVE $5 MILLION TO CHARITY OF OBAMA’S CHOICE IF..."""" http://t.co/nnRuiikv By @billyhallowell @theblaze""",2012-10-25 13:04:17+00:00,dollar,no change,1.29768,1.29761,1.29765,1.29727
"""""""Donald Trump Announcement: $5 Million for Obama College Records"""" http://t.co/6u4mLrTs  via @Newsmax_Media""",2012-10-25 12:57:10+00:00,dollar,no change,1.29832,1.29791,1.29759,1.29714
"""""""Trump offers $5 million for Obama college, passport records"""" http://t.co/9BnNCX4v  By @AlexPappasDC @DailyCaller""",2012-10-25 12:56:14+00:00,dollar,no change,1.29839,1.29831,1.29751,1.29702
"... By releasing his records, he can come clean with the American people and have $5 million go to a charity.",2012-10-24 21:49:10+00:00,dollar,no change,1.29675,1.29688,1.29708,1.29652
Obama has no problem leaking national security secrets.  Why can't he release his records?  Especially when $5M is going to charity.,2012-10-24 21:44:12+00:00,dollar,decrease,1.29686,1.29675,1.29688,1.29623
I am happy to donate $5 million to a charity Barack Obama chooses.  All I am asking is that he is transparent with the American people,2012-10-24 21:43:01+00:00,dollar,increase,1.29684,1.29672,1.29678,1.29623
RT @APCampaign:Trump to Obama: $5 million donation to charity if you release passport and college records http://t.co/Cn8bn9LH #Election2012,2012-10-24 21:41:13+00:00,dollar,no change,1.29684,1.29689,1.29684,1.2966
Glad to hear @seanhannity supports my offer to Obama.  As Sean says “it is an easy $5 million to charity.  What does Obama have to lose?”,2012-10-24 21:32:04+00:00,dollar,increase,1.29698,1.29675,1.29684,1.29641
RT @ReutersPolitics: Trump to give $5 million to charity if Obama releases records http://t.co/xCQbR1j2,2012-10-24 21:22:26+00:00,dollar,no change,1.29696,1.297,1.29698,1.29662
.@MittRomney's @RNC convention came in over $3M under budget.  Barack’s @DNC convention is over $10M in debt.  What a surprise!,2012-10-19 20:30:45+00:00,dollar,no change,1.30255,1.30267,1.30248,
"""""""When we're talking about math that doesn't add up, how about $5 trillion of deficits over the last four years."""" --@MittRomney""",2012-10-18 12:39:51+00:00,dollar,decrease,1.31024,1.31037,1.31034,1.31047
Obama just had another trillion dollar budget deficit for the fourth year in a row. At least he is consistent.,2012-10-16 16:21:53+00:00,dollar,decrease,1.30387,1.30374,1.30441,1.30493
A-Rod should donate his contract to charity. He doesn't make the @yankees any money and he doesn't perform. He is a $30M/yr rip off.,2012-10-15 19:44:51+00:00,dollar,decrease,1.29511,1.29504,1.29541,1.2953
$30M a year and A-Rod is now relegated to the bench. @yankees would have lost if Girardi hadn't benched him in the 9th (see my prediction),2012-10-11 16:38:46+00:00,dollar,no change,1.29361,1.29359,1.29408,1.29347
"Greece should get out of the euro &amp, go back to their own currency--they are just wasting time.",2012-10-09 15:34:29+00:00,euro,decrease,1.28864,1.28846,1.2873,1.28765
Obama projected a 2012 budget deficit of $557B.  It is actually double that at $1.1T http://t.co/QR8vZIcP  We can't afford four more years.,2012-10-09 14:04:51+00:00,dollar,decrease,1.29211,1.29166,1.29175,1.2889
There's only one candidate who cut medicare and that's Barack Obama. Cut over $700M to move into ObamaCare.,2012-10-03 20:51:46+00:00,dollar,no change,1.29049,1.29054,1.29031,1.29078
Can't wait for tonight's debate--actually delayed my trip to Europe so I can watch. This is going to be a great night.,2012-10-03 18:45:58+00:00,euro,increase,1.28981,1.28986,1.29012,1.29045
Obama loves wasting our money. He just made another guarantee of $197M to a solar company http://t.co/efTeSrBC  Cronyism!,2012-10-02 14:48:45+00:00,dollar,decrease,1.29387,1.29327,1.29304,1.29408
Obama now wants to give another $450M to the Muslim Brotherhood. Money we don't have going to people that hate us. Moronic.,2012-10-02 13:38:34+00:00,dollar,decrease,1.29372,1.29369,1.29364,1.29362
"American incomes have fallen $3,040 per household in the last 38 months http://t.co/8xWU3DTh",2012-09-28 19:56:50+00:00,dollar,decrease,1.28515,1.28513,1.28505,1.28563
Brits spent $57.8M on the royal family. Obamas cost us $1.4B in expenses--including entertainment http://t.co/G2Nvr2ZH Living large on us.,2012-09-28 18:38:48+00:00,dollar,decrease,1.28625,1.28593,1.28543,1.28442
Now Obama's campaign is guaranteeing 12 million new jobs during a 2nd term http://t.co/uTnOkmdd  More like $12T in new debt if he wins.,2012-09-27 19:39:29+00:00,dollar,no change,1.29154,1.29164,1.29145,1.2913
@ArchieMooreBye We have raised millions of dollars for charity.,2012-09-26 20:32:40+00:00,dollar,increase,1.28683,1.28683,1.28693,1.28697
@ForexBoxusd @LibertyU  Thank you,2012-09-26 20:28:17+00:00,dollar,increase,1.28672,1.28683,1.28688,1.28684
@ForexBoxusd @LibertyU http://t.co/1H1iaeCd,2012-09-26 20:13:35+00:00,dollar,no change,1.28669,1.2866,1.28678,1.28702
Scary--Obama's budget deficits are so out of control that he has to borrow 40 cents on every dollar he spends.,2012-09-25 14:06:55+00:00,dollar,decrease,1.29612,1.29597,1.29561,1.29702
"With Obama and Bernanke destroying the value of the dollar, gold and real estate should continue to rise in value.",2012-09-24 20:35:29+00:00,dollar,no change,1.29305,1.29289,1.29293,1.29305
Oil would be $25 a barrel if our government would let us drill. Our country would be rich again--who needs OPEC.,2012-09-19 16:07:45+00:00,dollar,increase,1.30635,1.30649,1.30652,1.30608
None of Romney's leaked comments change the fact that Obama is a complete disaster. 20% real unemployment and $6T in deficit spending.,2012-09-18 20:05:13+00:00,dollar,decrease,1.30428,1.30432,1.30441,1.30462
Gas prices have doubled under Obama. Over $5/gallon now in California. We must start drilling from our own resources to become independent.,2012-09-17 19:48:06+00:00,dollar,decrease,1.31006,1.31021,1.31077,1.31126
QE3 is going to further sink the dollar into oblivion. Creates artificial numbers for short term market gains. (cont) http://t.co/8mORe86h,2012-09-14 19:25:24+00:00,dollar,decrease,1.31137,1.3116,1.31179,1.31243
Congratulations to Obama and the @DNC. The federal deficit has topped $1T for a fourth year in a row http://t.co/1DK4yTDS  Nice work!,2012-09-13 19:30:48+00:00,dollar,increase,1.29822,1.29803,1.29824,1.29879
Why are we still giving billions of dollars we don't have in foreign aid to the Muslim Brotherhood in Egypt?,2012-09-13 17:50:22+00:00,dollar,decrease,1.29666,1.29608,1.29618,1.29949
Our $16T national debt is now bigger than our $15T GDP. If Obama is re-elected watch for an economic meltdown in 2013.,2012-09-12 20:39:56+00:00,dollar,decrease,1.2899,1.28993,1.29017,1.28997
"Why is the Pentagon wasting precious dollars on going 'green.' Complete waste. We need the best &amp, easiest fuel for our military.",2012-09-12 12:51:05+00:00,dollar,decrease,1.28978,1.28928,1.28974,1.28926
"""""""We've gone from $10 trillion that the president inherited from all prior presidents to $16 trillion"""" -- @MittRomney""",2012-09-06 19:53:57+00:00,dollar,no change,1.26357,1.26373,1.26362,1.26317
"""The delegates at the @DNC convention keep shouting """"Four More Years."""" Four more years of 18% real unemployment and another $6T in debt?""",2012-09-06 17:59:56+00:00,dollar,decrease,1.26383,1.26392,1.26356,1.26464
"Better off? The $16T US debt works out to $136,260 per household, a 50% increase since @BarackObama took office.",2012-09-05 18:48:26+00:00,dollar,no change,1.26019,1.2602,1.26002,1.25937
"With all the talk of fiscal responsibility at the @DNC convention yesterday, it was ironic that the debt passed $16T.",2012-09-05 17:36:34+00:00,dollar,no change,1.26,1.25999,1.25998,1.2601
"With our national debt passing $16T during the @DNC convention, @BarackObama has amassed more debt than the first 42 presidents. Scary.",2012-09-04 20:15:18+00:00,dollar,decrease,1.25656,1.25622,1.25624,1.25664
Record setting gas prices in the U.S. -- we're really looking dumb. Lots of $'s being made on us.,2012-09-04 19:56:41+00:00,dollar,decrease,1.25657,1.25653,1.25642,1.25646
.@BarackObama is begging the Eurozone to keep Greece in until after 11.6.12. He thinks the world revolves around his re-election.,2012-08-27 14:58:28+00:00,euro,no change,1.25137,1.25178,1.25227,1.25142
".@BarackObama is bankrupting this country. His budget adds another $4.4T to the debt, putting us over $20T in total debt by 2016.",2012-08-24 18:54:53+00:00,dollar,decrease,1.25147,1.25181,1.25167,1.25151
"The independent watchdog who exonerated @BarackObama for the failed green energy loans just donated $52,500 to Obama's campaign.",2012-08-23 20:52:00+00:00,dollar,no change,1.25621,1.25624,1.25644,1.25644
We are about to have a record $500B trade deficit with the Chinese this year. That money should be back here financing jobs in America.,2012-08-22 18:53:36+00:00,dollar,decrease,1.25239,1.2528,1.25283,1.2524
Gas prices are soaring. $4.12 in CA. OPEC is laughing at how stupid we are.,2012-08-22 18:49:12+00:00,dollar,decrease,1.25276,1.25232,1.25287,1.2521
"Amazing--both Transformers &amp, Dark Knight Rises featured Trump properties and each grossed over $1B. Just coincidence.",2012-08-21 19:59:07+00:00,dollar,increase,1.24638,1.24639,1.24637,1.24726
Oil is rising back over $100 barrel. OPEC loves to rip us off. Why shouldn't they--they always get away with it.,2012-08-20 20:57:28+00:00,dollar,decrease,1.23441,1.23455,1.23475,1.23475
The US government's foreign debt is at a record $5.29T http://t.co/URVNZ1Kj  China is laughing all the way to the bank.,2012-08-17 18:33:19+00:00,dollar,no change,1.23207,1.23211,1.2321,1.2318
".@DineshDSouza had to give $1,000 to @BarackObama's brother for his child's hospital bill  http://t.co/IqYuz9zS  Isn't that disgraceful?",2012-08-17 16:16:09+00:00,dollar,decrease,1.23174,1.23192,1.23213,1.23202
$716 Billion from Medicare by @BarackObama. When will it end?,2012-08-15 20:00:02+00:00,dollar,no change,1.22872,1.22867,1.2288,1.22914
The Euro is going to collapse soon. Cross border lending is already down and banks are stopping their Euro investments.,2012-08-14 20:19:16+00:00,euro,decrease,1.23253,1.23246,1.23229,1.23195
"In ’08, @PaulRyanVP predicted that US headed toward bankruptcy http://t.co/I3ctX8ur @BarackObama has added over $6T in debt since. Scary.",2012-08-13 21:18:43+00:00,dollar,decrease,1.23319,1.23328,1.23327,1.23341
Obama Care stole more then $500M from Medicare.,2012-08-13 20:06:48+00:00,dollar,decrease,1.23383,1.23372,1.23361,1.23318
Today @BarackObama will borrow 40 cents on every dollar he spends from China. Just another day at the office.,2012-08-13 16:07:42+00:00,dollar,no change,1.23409,1.23396,1.23409,1.23342
Waste--@BarackObama's Dep. of Energy was warned in advance by Treasury that it wasn't loaning $ out in good deals http://t.co/ZHTrUAAa,2012-08-10 18:31:06+00:00,dollar,no change,1.22951,1.22946,1.22958,1.22926
"Waste. With 22 new taxes &amp, $1.8T in added debt, @BarackObama's disgraceful 'ObamaCare' will still leave 30M uninsured http://t.co/B0tpm6It",2012-08-09 19:51:48+00:00,dollar,decrease,1.22963,1.22978,1.22982,1.23059
"Even more @BarackObama crony capitalism &amp, corruption. We are guaranteeing a $105M loan to another Obama donor http://t.co/ifF3hqT9",2012-08-09 18:40:29+00:00,dollar,decrease,1.22894,1.22914,1.22921,1.22943
To all struggling young entrepreneurs--stay positive in this tough climate and keep looking for good deals. They are out there.,2012-08-09 14:34:09+00:00,euro,increase,1.23042,1.23114,1.23161,1.22899
"A 'confidential source' has called my office and told me that @BarackObama has added over $6T to the new national debt &amp,  ruined US credit.",2012-08-07 19:38:31+00:00,dollar,decrease,1.24034,1.24053,1.24044,1.24002
Convenient - David Plouffe collected $100G fee from Iranian affiliate only a month before joining @whitehouse http://t.co/azS83eAN,2012-08-07 13:37:01+00:00,dollar,no change,1.2428,1.2434,1.24272,1.2417
"Wrong--@BarackObama's '08 campaign manager &amp, current Senior WH Advisor collected $100G fee from Iranian affiliate http://t.co/azS83eAN",2012-08-07 13:29:52+00:00,dollar,decrease,1.24341,1.24364,1.24269,1.2417
".@MittRomney will create 2 million new jobs if elected POTUS.  If reelected, @BarackObama will create over $12T in new debt. Easy choice.",2012-08-06 20:48:24+00:00,dollar,no change,1.23999,1.23983,1.24001,1.23978
US interest payments on the debt have already passed $375B this year http://t.co/hCpQuryC  China is laughing at us---as usual.,2012-08-02 20:10:13+00:00,dollar,decrease,1.21813,1.21823,1.21828,1.21825
"So generous and pious! After spending millions of our tax dollars on his campaign through travel, @BarackObama donated to himself.",2012-08-02 17:32:33+00:00,dollar,no change,1.21574,1.21582,1.21563,1.21712
"More waste, fraud and abuse - over $460M in food stamps went to ineligible households http://t.co/ZmCzIZbK  Where's the accountability?",2012-07-31 19:09:56+00:00,dollar,decrease,1.23054,1.23068,1.23074,1.23037
.@BarackObama blocked Keystone. Now China is preparing a massive $1.5B oil deal with Canada.  http://t.co/zH0CBxEn  A terrible deal for US!,2012-07-31 14:32:56+00:00,dollar,decrease,1.22973,1.22977,1.23082,1.23134
"Reckless--@BarackObama is projecting $1.2T deficit from 2012 budget &amp, a projected $25.4T debt in a decade http://t.co/icpABbJQ",2012-07-31 13:22:27+00:00,dollar,decrease,1.22768,1.22846,1.22893,1.22921
"The Federal government has $2.7T in assets &amp, $17.5T in total liabilities plus another $4.7T in intergovernmental debt. Have a nice day.",2012-07-26 13:51:23+00:00,dollar,increase,1.22927,1.22974,1.22974,1.22943
"Hope &amp, Change--since @BarackObama has taken office, the US debt has increased by an average of $64K per taxpayer.",2012-07-25 20:27:55+00:00,dollar,no change,1.21565,1.21534,1.21482,1.21512
Congratulations to @BarackObama--he is the first POTUS to run trillion dollar deficits in all four years of his term!,2012-07-25 20:04:12+00:00,dollar,increase,1.21545,1.21559,1.21552,1.21543
"Under @MittRomney, Bain had an 80% success rate with annual returns of over 50%. Under @BarackObama, America has added over $6T in debt.",2012-07-23 16:43:59+00:00,dollar,no change,1.2131,1.21351,1.21397,1.21292
"With 15% US real unemployment and a 16T debt, @Michelle Obama's luxurious Aspen vacation - her 16th - cost us over $1M http://t.co/CVPNrEmD",2012-07-20 19:44:28+00:00,dollar,decrease,1.21643,1.21633,1.21624,1.21631
"""More $ thrown away - @BarackObama gave $20M to Amonix and praised its """"success"""" in '10. It just filed for bankruptcy http://t.co/wbUFGDm8""",2012-07-19 20:34:58+00:00,dollar,decrease,1.2277,1.22768,1.22763,1.22781
Dark Knight Rises is projected to gross over $180 million this weekend. Remember to watch for Trump Tower!,2012-07-18 14:35:04+00:00,dollar,increase,1.22548,1.2253,1.2255,1.22656
Why would @BarackObama be spending millions of dollars to hide his records if there was nothing to hide?,2012-07-17 20:30:12+00:00,dollar,decrease,1.22955,1.22934,1.22952,1.2289
So much for Hope and Change. @BarackObama has already spent over $100M on attack ads across the swing states http://t.co/pBayUVFj,2012-07-17 15:03:10+00:00,dollar,decrease,1.2218,1.22214,1.22219,1.22375
".@BarackObama reported over $269,710 of foreign income out of his gross $894,520 and paid $5,841 in foreign taxes http://t.co/oUe7JRnf",2012-07-12 16:06:17+00:00,dollar,no change,1.21954,1.21958,1.21972,1.21945
Congrats to @BarackObama--he has now had over 40 months straight of over 8% unemployment while accruing over $6T (cont) http://t.co/z3uEpKWL,2012-07-11 13:21:19+00:00,dollar,increase,1.2258,1.22592,1.22549,1.22766
The 'brunt' of ObamaCare will be shouldered by folks making under $120K  http://t.co/OJTV1miD,2012-07-03 14:27:26+00:00,dollar,no change,1.25742,1.2578,1.25956,1.26112
China court: Apple pays $60M to settle iPad case. China is getting away with murder. http://t.co/L4FVnlof,2012-07-02 20:31:09+00:00,dollar,decrease,1.25827,1.25827,1.25822,1.25848
WRONG: A China court ordered @apple to pay $60M to a Chinese company that registered iPad before @apple http://t.co/4sYZMQHh,2012-07-02 20:28:05+00:00,dollar,no change,1.25825,1.25827,1.25827,1.2585
"Great news--here comes the Tea Party! @MittRomney has received 42k donations online &amp, raised over $4.2 million since the ObamaCare decision.",2012-06-29 18:28:57+00:00,dollar,increase,1.26591,1.26577,1.26588,1.26561
Shock - @BarackObama's DNC Convention has a $27M deficit and events are starting to be canceled. http://t.co/HoOrtf0z,2012-06-26 16:18:50+00:00,dollar,decrease,1.24948,1.24941,1.24917,1.24892
Outrageous- @BarackObama has spent over $2.7B on implementing @ObamaCare since the oral arguments at SCOTUS  http://t.co/RPwiLB86,2012-06-25 19:41:59+00:00,dollar,decrease,1.24995,1.25002,1.2502,1.25026
"The $9B that @BarackObama spent in 'Stimulus' for Solar, Wind Projects created 910 total jobs, costing $9.8M each. http://t.co/ar9GHKlz",2012-06-22 16:38:48+00:00,dollar,no change,1.25588,1.25656,1.25653,1.25656
The @BarackObama campaign took in $39M in May but spent $44.6M. Sound familiar!,2012-06-21 19:37:46+00:00,dollar,no change,1.25544,1.25454,1.25493,1.2544
The Amateur! First @BarackObama was caught bowing to the Saudi King but now the President of Mexico!  http://t.co/f0CFiUS9,2012-06-20 19:36:33+00:00,euro,no change,1.26658,1.2673,1.26738,1.27029
"My @SquawkCNBC interview re: Europe's financial mess, investing in Spain, Germany's economy and the future of the Euro http://t.co/MtwYtrNz",2012-06-19 18:53:15+00:00,euro,no change,1.26858,1.26868,1.2688,1.26835
"SCARY-$6T in debt and $1T annual budget deficits later, @BarackObama is asking for more time to fix the economy http://t.co/Wp4ozvQx",2012-06-13 19:56:32+00:00,dollar,no change,1.25686,1.25782,1.25746,1.2556
China's currency manipulation is one of our nation's greatest sovereign threats. The yuan has appreciated 40% against our dollar since 2005.,2012-06-13 19:32:35+00:00,dollar,decrease,1.25775,1.25698,1.25703,1.25741
Biden @VP Spends $1 Million Annually for Weekend Trips http://t.co/FIsVfaV0,2012-06-13 14:39:07+00:00,dollar,no change,1.25646,1.25734,1.25685,1.25967
"The Euro, put in place to hurt the U.S., is done! -- will have less negative impact than most think.",2012-06-13 13:29:47+00:00,euro,decrease,1.2531,1.2519,1.25232,1.25424
Don't believe the media stories. OPEC and the Saudis have not been doing us any favors recently with oil outputs. Oil should be $30/barrel.,2012-06-12 18:14:51+00:00,dollar,decrease,1.24926,1.24934,1.24939,1.24949
"""""""The entrepreneur builds an enterprise, the technician builds a job."""" --Michael Gerber""",2012-06-12 14:32:19+00:00,euro,no change,1.24551,1.24552,1.24618,1.2476
WASTE--HUD is spending $70M to teach grant recipients how to spend the money from their grants http://t.co/zKgdVbCd  Does it get any dumber?,2012-06-11 20:04:32+00:00,dollar,decrease,1.2487,1.24835,1.24835,1.24758
"While @BarackObama spends recklessly on domestic projects, he is hollowing out our military with over $487B in cuts http://t.co/y9zraGZt",2012-06-05 19:35:49+00:00,dollar,decrease,1.24426,1.24478,1.24461,1.24476
Waste! The CBO now estimates that @BarackObama's stimulus cost $831B and a ridicuous $4.1M per job created http://t.co/acb1EiXg,2012-06-01 20:31:39+00:00,dollar,decrease,1.24159,1.24158,1.24187,
Over $1T in annual deficit spending and adding over $6T to the debt for what? May jobless numbers are horrendous. The great Obama recovery.,2012-06-01 18:21:12+00:00,dollar,decrease,1.24382,1.24348,1.24284,1.2411
Bay Bridge in California made in China for $1.8 billion. $300 million in cost overruns. Are we stupid?,2012-06-01 16:06:09+00:00,dollar,decrease,1.24137,1.24144,1.24157,1.23902
Commodity prices are beginning  to drop as a result of the Euro crisis http://t.co/16WTPCHy,2012-05-31 12:59:35+00:00,euro,decrease,1.24048,1.23977,1.23949,1.23843
"In '08, @BarackObama said that Bush adding $4T to the debt was unpatriotic.http://bit.ly/pEd2Ww @BarackObama has already added $6T.",2012-05-29 18:54:01+00:00,dollar,decrease,1.24863,1.24883,1.24876,1.24948
The storied success of Bain in private entrepreneurship and equity is one reason @MittRomney will be a great POTUS.,2012-05-23 18:42:23+00:00,euro,increase,1.25646,1.25646,1.25714,1.25875
America has lost its AAA rating and gained over $6T in debt under @BarackObama and now he wants to raise the debt ceiling--SCARY!,2012-05-21 19:12:00+00:00,dollar,decrease,1.27935,1.28015,1.28071,1.2806
Reckless! Why is @BarackObama wasting over $70 Billion on 'climate change activities?' Will he ever learn? http://t.co/sYk3t3Eb,2012-05-18 19:23:12+00:00,dollar,decrease,1.27608,1.27624,1.2761,1.27765
"SHOCK! While attacking @MittRomney's private equity experience, @BarackObama raises $2M from private equity bankers http://t.co/aYUkRiKy",2012-05-16 18:50:40+00:00,dollar,decrease,1.2728,1.27252,1.27277,1.27098
We should not bail out any of the European countries or banks.,2012-05-15 20:28:01+00:00,euro,decrease,1.27248,1.27264,1.27266,1.27341
Why the nation's debt keeps growing - a Dept of Agriculture employee made over $242K with a $63K bonus http://t.co/9KrxSpZp Ridiculous.,2012-05-15 20:17:48+00:00,dollar,decrease,1.27297,1.27264,1.27261,1.27329
More than $500 million designated for Iraqi Army disappeared. Where is it? Our sad sad country--what have we come to?,2012-05-15 13:02:03+00:00,dollar,decrease,1.28054,1.2794,1.2778,1.27831
Did @BarackObama try to bribe Rev. Wright with $150K?  http://t.co/wLn2pV1q I am sure the media will be all over this.,2012-05-14 20:02:54+00:00,dollar,no change,1.28347,1.28358,1.28365,1.28234
"""""""Entrepreneurs must have vision plus the power of focus... to see the future and turn their vision into a profitable reality."""" #MidasTouch""",2012-05-08 20:29:06+00:00,euro,increase,1.30069,1.30062,1.30062,1.29989
The election result in France is very disappointing. The Europeans have to embrace austerity in order for their economy to fully recover.,2012-05-07 18:56:33+00:00,euro,decrease,1.30552,1.30512,1.30513,1.30556
"#sweepstweet @lisalampanelli wins $100,000 for her charity and that’s a nice gift.",2012-05-07 02:05:57+00:00,dollar,increase,1.29776,1.29739,1.29758,1.29843
Bad move-@BarackObama released $147M in aid to the Palestinians http://t.co/ZGf87eCQ That money is going to Hamas.,2012-05-01 18:53:39+00:00,dollar,decrease,1.32274,1.32266,1.32385,1.324
The Federal Government is teaching citizens 'Financial Literacy' while it is running $16T in debt http://t.co/8R0Q3Dv7 Only in America!,2012-04-30 18:51:06+00:00,dollar,decrease,1.32356,1.32434,1.32415,1.3238
The Obama's Spain vacation cost taxpayers over $476K http://t.co/W6kIpd5x They love to spend money.,2012-04-27 19:28:26+00:00,dollar,decrease,1.3255,1.32522,1.32496,1.32421
I wonder why @BarackObama is now spending $8B to postpone Obamacare's Medicare Cuts until after the election? http://t.co/jCpBE1CR,2012-04-26 17:35:50+00:00,dollar,no change,1.32355,1.32387,1.32384,1.32361
"""""""Right now, we are running a massive $300 billion trade deficit with China. That means every year. China is (cont) http://t.co/vcvETg5z""",2012-04-25 17:46:02+00:00,dollar,decrease,1.32024,1.32018,1.31978,1.32095
I am enjoying my travels across Europe but home is where the heart is. Looking forward to coming back to the family in New York very soon.,2012-04-24 12:54:08+00:00,euro,increase,1.31516,1.31556,1.31556,1.3195
@FLGovScott signed a $70B budget which cut $140M in indiv projects http://t.co/991E4KR5 Very impressive. Rick is doing a masterful job.,2012-04-19 17:41:05+00:00,dollar,increase,1.31344,1.31327,1.31299,1.31297
Enjoyed watching @ericbolling $ @SarahPalinUSA's @FoxNews special #PainatthePump over the weekend. (cont) http://t.co/6sU5Hcts,2012-04-17 17:51:41+00:00,dollar,increase,1.31339,1.31326,1.31323,1.31336
"While @BarackObama watches, China is trying to have the yuan overtake our dollar as the international (cont) http://t.co/kN0XJq96",2012-04-17 16:51:48+00:00,dollar,no change,1.31239,1.31242,1.31253,1.31339
"@BarackObama who wants to raise all our taxes, only pays 20.5% on $790k salary. http://t.co/bqF26mQf Do as I say not as I do.",2012-04-13 18:19:39+00:00,dollar,decrease,1.30765,1.30803,1.30755,1.30769
"It's Thursday, how much $ has @BarackObama wasted today?",2012-04-12 17:39:44+00:00,dollar,decrease,1.32013,1.32059,1.32049,1.31898
He @MittRomney is a successful entrepreneur. @BarackObama successfuly ruined America's credit. Easy choice in November.,2012-04-11 18:18:21+00:00,euro,decrease,1.31003,1.31024,1.30968,1.31012
The Fed should not do QE3. Neither the economy nor the dollar can withstand another round of artificial liquidity.,2012-04-11 18:10:28+00:00,dollar,decrease,1.31025,1.31026,1.31001,1.3102
"$6 gas is coming sooner than later. America must become energy independent with our own resources and fast.Also, (cont) http://t.co/KXbIpfPu",2012-04-06 17:27:07+00:00,dollar,no change,1.30994,1.30968,1.30954,1.3093
"""""""The five fingers represent the five key factors every entrepreneur dreaming of success must master."""" (cont) http://t.co/xH9PhFwt""",2012-04-06 16:11:42+00:00,euro,no change,1.30894,1.30884,1.30884,1.30996
"Arrived in Palm Beach, drove by a gas staion, $4.50 a gallon. Result of failed @BarackObama leadership.",2012-04-06 15:41:52+00:00,dollar,decrease,1.3088,1.30876,1.30878,1.30906
"""""""The Midas Touch hand is the ideal metaphor to represent the attributes critical to entrepreneurial success."""" (cont) http://t.co/utR9hrAW""",2012-04-06 15:02:54+00:00,euro,increase,1.30822,1.3083,1.30838,1.30876
Chinese demand is raising the price of oil to$123/Barrel http://t.co/M8QP89gw We need to use our own energy resources.,2012-04-02 18:03:42+00:00,dollar,no change,1.33248,1.33247,1.33262,1.33332
"""Waste! With a $16T debt and $1T budget deficit, @BarackObama is sending $770M overseas """"to fight global warming"""" http://t.co/op9x8BYl""",2012-03-30 17:55:45+00:00,dollar,decrease,1.33331,1.33303,1.3334,1.33382
"""""""A smart negotiator would use the leverage of our dollars, our laws, and our armed forces to get a better deal (cont) http://t.co/Y6tr3tRc""",2012-03-30 16:41:09+00:00,dollar,no change,1.33412,1.33395,1.33402,1.33396
The House Republicans and Democrats are finally unanimous! Yesterday they voted down @BarackObama's $3.6T budget (cont) http://t.co/tOax00jj,2012-03-29 16:26:00+00:00,dollar,no change,1.32684,1.32644,1.32628,1.32734
Behind the scenes photo of @Gretawire and I filming an interview- http://t.co/EUR1Yjjp Watch tonight at 10PM ET on @FoxNews.,2012-03-28 17:59:55+00:00,euro,no change,1.33122,1.3307,1.33034,1.33224
"""If you are a young entrepreneur just entering the business world, I highly recommend that you read """"The Art of (cont) http://t.co/0NtWa21j""",2012-03-23 18:14:39+00:00,euro,increase,1.32574,1.3258,1.3259,1.32648
"""""""The blatant waste of taxpayers' dollars doesn't bother Obama, because it's all part of his broader nanny-state (cont) http://t.co/JOBrLYwL""",2012-03-21 18:25:00+00:00,dollar,decrease,1.32064,1.32046,1.32062,1.32054
@BarackObama has wasted billions of our tax dollars on speculative green projects like Solyndra. He is an economic ignoramus.,2012-03-16 17:18:10+00:00,dollar,decrease,1.31757,1.31759,1.31731,1.31721
SHOCK! ObamaCare will cost double what @BarackObama promised -- over $1.76 http://t.co/xqHyWoBU  -- and result (cont) http://t.co/CqmIPfrP,2012-03-14 19:40:18+00:00,dollar,decrease,1.30202,1.3027,1.30279,1.30252
The 2012 budget deficit is already $93 billion larger than earlier estimates http://t.co/NHVgThr6 @BarackObama (cont) http://t.co/KZgAG42e,2012-03-14 18:07:02+00:00,dollar,no change,1.30219,1.30228,1.30225,1.30219
@BarackObama doesn't have an answer for how much Americans should pay for gas http://t.co/3tWQXAyS  He wants $6/gallon gas!,2012-03-13 20:21:50+00:00,dollar,decrease,1.30724,1.30795,1.30744,1.30818
BarackObama set a record deficit last February - $229 billion while borrowing 42 cents of every dollar it spent. @BarackObama is reckless.,2012-03-09 13:59:28+00:00,dollar,decrease,1.31451,1.31307,1.31315,1.31155
Gas is $6 already in California. Don' worry - @BarackObama's Algae energy policy is going to pay major (cont) http://t.co/RVabzgJn,2012-03-07 19:45:49+00:00,dollar,no change,1.3143,1.31436,1.31532,1.31483
China is raising its defense budget by 11% http://t.co/ILol5FY1  @BarackObama wants to cut ours by over $1Trillion. Wrong policy.,2012-03-06 18:38:18+00:00,dollar,decrease,1.31237,1.31226,1.31237,1.31165
"""""""American corporations and entrepreneurs are masters of technological and business innovation, but the Chinese (cont) http://t.co/850LjkgG""",2012-02-28 20:54:15+00:00,euro,no change,1.34649,1.34632,1.34665,1.34644
@BarackObama's Energy Sec. called for $7-$9 gas in January. Wish granted. http://t.co/6Ftd60Np @BarackObama owns the gas prices.,2012-02-28 19:54:34+00:00,dollar,no change,1.34539,1.34586,1.34584,1.34649
"In 2008, @BarackObama campaigned against $3.50 gas  http://t.co/HvSoHOTw It is now $6 in Florida and on the rise. He is a disaster!",2012-02-24 18:57:56+00:00,dollar,decrease,1.34616,1.34648,1.34625,1.34547
Irony! @BarackObama was in Florida yesterday fundraising. Gas also rose to $6/gallon for Florida drivers yesterday. http://t.co/iVcDKauC,2012-02-23 19:40:29+00:00,dollar,no change,1.33402,1.33374,1.3336,1.33665
"My interview with @Newsmax_Media where I explain that gas is headed to $5, $6 and why @RickSantorum can't win http://t.co/iuwrAOj3",2012-02-23 17:12:47+00:00,dollar,no change,1.33073,1.33062,1.33062,1.33193
Now @BarackObama wants us to believe the Republicans cancelled Keystone and are responsible for $4 gas. He (cont) http://t.co/D9iV87Tq,2012-02-22 19:08:01+00:00,dollar,decrease,1.32541,1.32524,1.32564,1.32446
"Mark my words, a gallon of gas will be $5 during the summer. OPEC is ripping us off. There's nobody in our (cont) http://t.co/lRNdzRRS",2012-02-17 21:26:51+00:00,dollar,decrease,1.31525,1.31508,1.31517,1.31396
"""Bush was called """"unpatriotic"""" by @BarackObama in '07 for adding $4T to debt  http://t.co/j02vneW0  @BarackObama increased it $6T in 3 years.""",2012-02-16 21:08:55+00:00,dollar,no change,1.31382,1.31424,1.31388,1.31332
Wrong Policy: @BarackObama wants to cut defense spending by $487B while China is building their navy in the Pacific. http://t.co/x6ssYloS,2012-02-15 21:34:24+00:00,dollar,decrease,1.30656,1.30645,1.30652,1.30562
The recession was made worse by @BarackObama. A $900Billion deficit is not getting better.,2012-02-15 21:09:18+00:00,dollar,decrease,1.30676,1.30688,1.30683,1.30594
"""@BarackObama's budget funds the """"Arab Spring"""" with $800B and the Muslim Brotherhood in Egypt $1.3B in military aid. He loves radical Islam.""",2012-02-14 19:45:58+00:00,dollar,decrease,1.30872,1.30905,1.30934,1.31071
This is dangerous: @BarackObama is seeking to shrink Israeli military funding but gives $1.3Billion to Muslim (cont) http://t.co/NI6HLFmH,2012-02-14 19:06:37+00:00,dollar,decrease,1.31134,1.31072,1.31066,1.30967
A gallon of gas is $3.523 today and has never before risen so high early in the year http://t.co/BXhPl7ci The @BarackObama policy realized!,2012-02-14 18:59:43+00:00,dollar,no change,1.31136,1.311,1.31062,1.30937
"A day after @BarackObama released a trillion dollar budget deficit, he is hosting China's future leader VP XiJinping. America's new reality.",2012-02-14 18:21:21+00:00,dollar,no change,1.31016,1.31022,1.31106,1.31022
A day after Greece burned @BarackObama released a $3.8 Trillion budget for 2013 with a $900 Billion deficit.He will turn America into Greece,2012-02-14 16:29:43+00:00,dollar,no change,1.3139,1.31428,1.31474,1.3143
This has to stop! @BarackObama loves accruing American debt--he missed his budget deficit goal by over $500 billion. http://t.co/nsPDXFTs,2012-02-13 17:36:05+00:00,dollar,decrease,1.32018,1.32041,1.32086,1.32188
@BarackObama’s class warfare rhetoric is taking a backseat for the DNC convention.  He is charging $1 Million for a single suite.,2012-02-10 22:06:52+00:00,dollar,decrease,,,,
The $25 Billion settlement with the banks on mortgages will slow the housing market down even more and create higher user fees. Stupid!,2012-02-10 21:43:47+00:00,dollar,decrease,1.31893,1.31947,1.32019,
The Fed is destroying the dollar. When inflation hits the economy then even more jobs will go overseas.,2012-02-09 19:03:18+00:00,dollar,decrease,1.32904,1.32881,1.32905,1.32926
"@JLukeRobinson The best advice to a young entrepreneur is to read my book with Robert Kiyosaki, Midas Touch. (cont) http://t.co/4vHyGBpR",2012-02-09 16:09:21+00:00,euro,increase,1.32931,1.33123,1.33025,1.32992
Another @BarackObama green car loan recipient is laying off staff. http://t.co/USdEyWqs  How many billions of our money has he wasted?,2012-02-07 20:07:50+00:00,dollar,decrease,1.3254,1.32538,1.32548,1.3264
His spending is reckless: @BarackObama will set a record fourth year of a $1 trillion budget deficit. http://t.co/P71gzhvm,2012-02-01 18:57:52+00:00,dollar,decrease,1.31656,1.31693,1.31651,1.31574
Great news that the New York Stock Exchange won't be owned by a German company. European regulators turned the (cont) http://t.co/TxWsEd3M,2012-02-01 15:15:51+00:00,euro,increase,1.31912,1.3173,1.31794,1.3207
Another electric car firm that @BarackObama gave $118M just went bankrupt. http://t.co/uAWmzFoG  He loves to waste our tax dollars.,2012-01-27 19:55:01+00:00,dollar,decrease,1.32054,1.32076,1.32118,1.32111
"After Solyndra, @BarackObama is stil intent on wasting our tax dollars on unproven technologies and risky companies. He must be accountable.",2012-01-25 20:33:30+00:00,dollar,decrease,1.31124,1.31124,1.3115,1.31066
Obama's new campaign ad defends Solyndra http://t.co/qDbMIJ4W  I guess losing $500M is a cause for celebration for @BarackObama.,2012-01-20 18:40:54+00:00,dollar,no change,1.2928,1.29291,1.29288,1.29207
"“Get it straight: Pakistan is not our friend. We’ve given them billions and billions of dollars, and what (cont) http://t.co/O5S4cQV3",2012-01-17 20:11:29+00:00,dollar,decrease,1.27211,1.27232,1.27269,1.27355
The Republicans should NOT give @BarackObama the authority to raise the debt another $1.2Trillion (cont) http://t.co/CysDG1by,2012-01-13 20:37:08+00:00,dollar,decrease,1.26794,1.26756,1.26829,1.26622
Newt attacks on @MittRomney record at Bain an attack on free enterprise and entrepreneurship. Mistake!,2012-01-12 21:38:55+00:00,euro,decrease,1.28173,1.28176,1.28248,1.28171
OPEC has just raised oil to over $102/Barrel. And @BarackObama still won't approve the Keystone Pipeline. Does he want high gas prices?,2012-01-10 21:10:20+00:00,dollar,decrease,1.27718,1.27711,1.27734,1.27771
"Why are we building a $1Billion embassy in Iraq when the country kicked us out, didn't give us any oil & is about to get taken over by Iran?",2012-01-10 21:01:38+00:00,dollar,decrease,1.27767,1.27717,1.27697,1.27775
Priorities: @BarackObama wants to slash a Trillion dollars from military spending while raising the salaries of (cont) http://t.co/sEgPkhmY,2012-01-09 19:33:16+00:00,dollar,no change,1.2765,1.27582,1.27592,1.27646
President @BarackObama's vacation is costing taxpayers millions of dollars----Unbelievable!,2012-01-05 19:56:22+00:00,dollar,decrease,1.27899,1.27825,1.27861,1.27957
Another @BarackObama investment triumph--the $500Billion American funded Finnish plug in cars are all being recalled http://t.co/hSqdnyo2,2012-01-03 21:50:34+00:00,dollar,no change,1.30517,1.3051,1.30527,1.30538
He knows he won't have to spend much: @JonHuntsman has offered to match any donation dollar for dollar.,2012-01-03 21:20:25+00:00,dollar,no change,1.30512,1.30499,1.30479,1.30545
"Entrepreneurs – be tough, resolute &amp, trustworthy. The most crucial time to build your reputation is when you start making deals.",2013-12-30 21:15:00+00:00,euro,increase,1.37972,1.37978,1.37961,1.37973
"I could fix existing Tappan Zee Bridge for peanuts. Unfortunately, Gov Cuomo will end up spending more than $10B on this project. $25 tolls?",2013-12-24 18:20:08+00:00,dollar,decrease,,,,
Entrepreneurs: Put everything you've got into what you're doing. Be totally focused--nothing should be haphazard.,2013-12-24 17:47:47+00:00,euro,increase,1.36775,1.36754,1.36766,
"Entrepreneurs: Whatever happens, you're responsible. If it doesn't happen, you're responsible.",2013-12-24 17:40:07+00:00,euro,no change,1.36766,1.3678,1.36757,
"Entrepreneurs: Apply your skills and talent, but above all, be tenacious. See yourself as victorious--which means never giving up.",2013-12-24 17:39:05+00:00,euro,increase,1.36774,1.36772,1.36748,
"""""""@Tudowz   I look up to my man @realDonaldTrump for he has become one of the greatest Entrepreneurs in this times history."""" Thx""",2013-12-24 15:45:47+00:00,euro,increase,1.36656,1.36661,1.36673,1.3672
Realize that being an entrepreneur is not a group effort. You're in charge--everything starts with you.,2013-12-23 21:09:43+00:00,euro,increase,1.36982,1.36963,1.36958,1.36946
Entrepreneurs: Be ready for problems--you'll have them every day. Keep open to new ideas--that's where innovation begins.,2013-12-23 21:07:28+00:00,euro,increase,1.36986,1.36976,1.36972,1.36958
"""""""@SavingNancy: .@realDonaldTrump we raised $60K+ in two months for Nancy and today she officially beat Leukemia ! WAY TO GO NANCY!""",2013-12-22 00:34:40+00:00,dollar,increase,1.36712,1.36712,1.36712,1.36712
Secret Service members on break from Obama’s $4M vacation are more than welcomed to relax at Hawaii’s top hotel @TrumpWaikiki.,2013-12-20 18:35:52+00:00,dollar,increase,1.36802,1.36792,1.36782,1.36692
Young Entrepreneurs – the Holiday season is here but that is no excuse not to stay on top of your business prospects. Focus!,2013-12-19 21:04:38+00:00,euro,increase,1.36586,1.36578,1.36578,1.3662
"The Trump Signature Collection is the best menswear design for young entrepreneurs. Great style &amp, design exclusively available @Macys.",2013-12-18 15:38:15+00:00,euro,increase,1.37585,1.37698,1.37631,1.37665
"Unsustainable. With our $17T debt &amp, $90T in unfunded liabilities, government “blatantly” wasted $30B this year http://t.co/6jdLoAGQnI",2013-12-17 19:58:15+00:00,dollar,decrease,1.37664,1.3768,1.37663,1.37645
The ill-conceived windfarm that @AlexSalmond is pushing for Aberdeen will lose $50 million a year. Only a fool would build it or want it!,2013-12-13 19:56:31+00:00,dollar,decrease,1.37338,1.37347,1.37349,1.3734
A $1.5B website that can only handle 50K users at a time is sad but no surprise!,2013-12-12 19:26:06+00:00,dollar,decrease,1.37458,1.37472,1.37421,1.37452
The ill-conceived windfarm that @AlexSalmond is pushing for Aberdeen will lose $50 million a year. Only a fool would build it or want it!,2013-12-10 13:38:28+00:00,dollar,decrease,1.37516,1.37526,1.37512,1.37712
My father Fred Trump left me a relatively small amount of money (compared to where I am today-over $10 billion) but vast amount of knowledge,2013-12-07 15:20:17+00:00,dollar,no change,,,,
The now $1.2B ObamaCare website is as bad as ever-- insurers not getting the proper data. http://t.co/W1zv7STHBi,2013-12-06 20:38:57+00:00,dollar,decrease,1.37037,1.37051,1.3703,1.37008
Our billion dollar website- http://t.co/JbpMopI1L2,2013-12-04 21:16:59+00:00,dollar,no change,1.35926,1.35928,1.3593,1.35916
New reality. Yuan just passed the Euro as 2nd most traded finance currency http://t.co/emAgwnMQXv  Our leaders better get smart fast.,2013-12-03 20:41:02+00:00,euro,increase,1.3591,1.359,1.3589,1.3589
"Wow, it’s now official. ObamaCare website has topped $1B http://t.co/2IrbJtKR15 Will soon be up to $1.5B",2013-12-03 19:50:21+00:00,dollar,increase,1.35932,1.35904,1.3591,1.3591
"Remember I predicted that New York Magazine would  fold and people scoffed? Just announced (N.Y.Post) it lost big $'s &amp, is cutting way back!",2013-12-03 11:41:58+00:00,dollar,decrease,1.35712,1.35724,1.3571,1.35754
Just left $259 million rebuilding of Doral in Miami. Amazing - Trump National Doral will be a masterpiece (if I do say so myself)!,2013-11-30 21:33:46+00:00,dollar,increase,,,,
"""Offshore Wind in Europe: Lessons for the U.S. http://t.co/Nty91wF8B1 via @HuffPostGreen The lesson should be that it's a lousy idea!!!""""""",2013-11-30 10:36:05+00:00,euro,decrease,,,,
US froze $8B in Iranian assets during ’79 Hostage Crisis. Now Obama is giving it back to Iran while Christian Pastor is jailed. Don't do it!,2013-11-27 19:57:04+00:00,dollar,decrease,1.35746,1.35722,1.35723,1.35744
The $1B failed website is the tip of the iceberg on the ObamaCare. Over 90 million estimated will lose their plans next year.,2013-11-27 19:11:45+00:00,dollar,decrease,1.35668,1.35682,1.35702,1.35726
How does Obama rationalize giving Iran $8B in sanction relief when a Christian pastor is being tortured in an Iranian prison?,2013-11-26 20:14:48+00:00,dollar,decrease,1.3569,1.35681,1.357,1.35718
Wind Power Company Fined $1 Million for Killing Birds. Golden eagles among victims...http://t.co/IaSq4HhpAC @RSPBScotland @Natures_Voice,2013-11-26 19:55:41+00:00,dollar,decrease,1.35726,1.35733,1.35714,1.3569
Wind Power Company Fined $1 Million for Killing Birds. Golden eagles among victims...http://t.co/IaSq4HhpAC @alexsalmond @Aberdeenshire,2013-11-26 18:46:04+00:00,dollar,decrease,1.35688,1.35632,1.35642,1.3575
Realize that being an entrepreneur is not a group effort. You're in charge. Everything starts with you.,2013-11-25 17:46:30+00:00,euro,increase,1.35106,1.35146,1.3516,1.35154
"After settling for a ridicilous 13 billion dollars, J.P.Morgan's lawyer is critical of the amount of the fine-why did they settle then-DUMB!",2013-11-25 13:20:16+00:00,dollar,decrease,1.35111,1.35133,1.35124,1.34983
"""""""@WhiteShaunwhite  I dedicate my 750 tweet to most inspiring entrepreneurs of our time @realDonaldTrump, @BillGates"""" Thx.""",2013-11-22 20:39:54+00:00,euro,increase,1.35492,1.355,1.35478,1.35552
Young entrepreneurs – keep positive. Don’t let the ObamaCare disaster stop your endeavors. There are great opportunities out there.,2013-11-22 20:35:16+00:00,euro,increase,1.35501,1.35493,1.35501,1.35516
$1B down another $1B to go. ObamaCare website is 40% unfinished. This is beyond pathetic.,2013-11-20 19:21:39+00:00,dollar,decrease,1.3432,1.34401,1.34331,1.3428
Broken promises. A broken billion dollar website. ObamaCare can’t be fixed. Repeal!,2013-11-19 21:38:06+00:00,dollar,decrease,1.35378,1.35373,1.3538,1.35347
"Jamie Dimon just gave away $13B to government in settlement. Terrible move &amp, bad precedent.  Could have done much better by fighting.",2013-11-19 20:35:09+00:00,dollar,decrease,1.35362,1.35377,1.35384,1.35364
Obama friend got a no-bid $635M contract to build website http://t.co/AA1Q7Bo0kP And now she will get more to fix it.,2013-11-14 16:41:37+00:00,dollar,decrease,1.34733,1.3473,1.34666,1.34778
The ObamaCare disaster will increase the amount of uninsured http://t.co/hq7O7j7RRU What is the point of this Trillion $ monstrosity?,2013-11-08 14:34:15+00:00,dollar,decrease,1.3366,1.33596,1.33581,1.33259
Congratulations to the $1B ObamaCare website on enrolling FOUR in Delaware. Cost to us - $4M http://t.co/ce4lvhRpJq,2013-11-07 18:40:49+00:00,dollar,increase,1.34266,1.3428,1.34348,1.34384
My speech at @AmSpec Bartlet Gala Dinner where I received @boonepickens Entrepreneur Award http://t.co/IwziHG38WV,2013-11-07 17:25:09+00:00,euro,no change,1.34023,1.33954,1.34076,1.34088
Use your intelligence and your education to execute what your imagination presents to you. This is one step to becoming an entrepreneur.,2013-11-06 21:00:28+00:00,euro,increase,1.35217,1.35212,1.35212,1.35151
“Recognize that the world needs more entrepreneurs. Everyone is counting on you.” – Midas Touch,2013-11-06 14:24:10+00:00,euro,increase,1.35144,1.35141,1.35144,1.35408
The ObamaCare website will cost over $1.5B when all is said and done. Crazy!,2013-11-04 21:24:45+00:00,dollar,decrease,1.35143,1.3514,1.35186,1.3513
"""""""@The_News_DIVA: @realDonaldTrump You get a fist bump from me for giving that bus driver $10K. Thank you.""""  He deserves it, thanks.""",2013-11-04 01:39:12+00:00,dollar,increase,1.34952,1.34946,1.34955,1.34967
"The bus driver who saved the woman from jumping off the bridge was really cool, great guy. I'm going to send him $10, 000-he deserves it!",2013-11-01 05:36:43+00:00,dollar,increase,1.35523,1.35544,1.35544,1.3549
"Not only did the $1B ObamaCare website not work, it can’t even protect your personal information http://t.co/H6Ge0N5tZW A disaster.",2013-10-31 19:48:43+00:00,dollar,decrease,1.35794,1.35813,1.3577,1.35816
Still looking to give away a RECORD $1M reward on @fundanything for a crowd funding campaign http://t.co/bdqhJWD7ko,2013-10-31 19:21:16+00:00,dollar,no change,1.35924,1.3591,1.35852,1.35833
“The best entrepreneurs believe the true measure of success has to do with the number of jobs their business creates.” – Midas Touch,2013-10-31 13:19:33+00:00,euro,increase,1.36498,1.36502,1.36526,1.36112
China just called. They want to lend Obama another $1B for the ObamaCare web site.,2013-10-30 20:50:07+00:00,dollar,no change,1.37365,1.37356,1.37367,1.37368
Contractors can blame Obama admin all day for their $600M failure but both parties are at fault--pay taxpayers back.,2013-10-28 20:46:01+00:00,dollar,decrease,1.37868,1.37874,1.37852,1.37864
Sebelius didn't test $635M (probably $1B) ObamaCare website until “a couple of days leading up to the launch.” http://t.co/0CgLKxjXYm,2013-10-28 20:45:18+00:00,dollar,no change,1.37866,1.37869,1.37849,1.37871
"""""""@Doug_E_Fresh2: @realDonaldTrump with you as POTUS we'd probably have a $600,000,000 surplus! #Trump2016""""""",2013-10-28 00:59:08+00:00,dollar,no change,1.38142,1.38118,1.38134,1.38142
"Will be on Fox &amp, Friends tomorrow morning at 7.00.  Will be discussing the disgusting and wasteful $635 million website rollout and more!",2013-10-28 00:33:18+00:00,dollar,decrease,1.38064,1.38086,1.38072,1.38142
"With the $635 million dollar website fiasco, getting caught tapping phones of WORLD LEADERS and so much more, U.S. is looking really stupid!",2013-10-26 15:17:32+00:00,dollar,decrease,,,,
"""""""@Beliefheals: @realDonaldTrump @AmSpec You're more than the best Entrepreneur, great teacher &amp, source of encouragement!  Thanks.""",2013-10-25 05:46:39+00:00,euro,increase,1.38276,1.38234,1.3823,1.38152
The Audacity of Ineptitude – ObamaCare website will cost over $1B  http://t.co/w71bC1ryzy  When will someone finally be held accountable?,2013-10-24 21:06:43+00:00,dollar,decrease,1.37994,1.38012,1.38014,1.37973
.@BoonePickens  Thank you for the T. Boone Pickens Entrepreneur Award—a great honor for me from a fantastic man.,2013-10-24 18:59:52+00:00,euro,increase,1.38026,1.38014,1.38006,1.38012
"Great evening with the @AmSpec &amp, the T. Boone Pickens Entrepreneur Award. Amazing crowd—thank you!",2013-10-24 18:08:32+00:00,euro,increase,1.38036,1.38069,1.3808,1.38008
"""""""@dynamicwil   @realDonaldTrump @AmSpec You deserve it! your a true entrepreneur!"""" Thanks.""",2013-10-23 18:24:11+00:00,euro,increase,1.37846,1.37826,1.37818,1.37805
I’ll soon be leaving for Washington where @AmSpec will give me the T. Boone Pickens Entrepreneur Award. Very exciting!,2013-10-23 16:32:06+00:00,euro,increase,1.3788,1.37872,1.37884,1.37854
Where’s the accountability for the $635M website fiasco in the Obama administration? Heads should roll and officials should be fired,2013-10-23 16:10:48+00:00,dollar,decrease,1.37868,1.3786,1.37866,1.37918
"Honestly, whether you're for or against ObamaCare, the 635 million dollar website fiasco is bad for the U.S. It makes us look totally inept!",2013-10-23 12:15:15+00:00,dollar,decrease,1.37516,1.375,1.3755,1.37642
Looking forward to receiving the T. Boone Pickens Entrepreneur Award at tomorrow’s @AmSpec Robert L. Bartley Gala dinner.,2013-10-22 19:54:48+00:00,euro,increase,1.37788,1.37807,1.37826,1.3782
"Via @AmSpec by Jeffrey Lord: “Donald Trump: America’s Entrepreneur” http://t.co/lgCNnMMTsA  Wow--thank you to Jeffrey Lord &amp, @AmSpec!",2013-10-22 19:08:52+00:00,euro,increase,1.37831,1.3783,1.3783,1.37827
I would bet that we have many great American technology companies that would build and fix the pathetic ObamaCare website for ZERO dollars!,2013-10-20 22:52:43+00:00,dollar,no change,1.36851,1.36846,1.36848,1.3682
"THE ROLLOUT OF OBAMACARE IS A TOTAL DISASTER AND AN EMBARRASSMENT TO OUR COUNTRY. THE WORLD IS WATCHING AND LAUGHING.$635,000,000 WEBSITE!",2013-10-19 21:41:24+00:00,dollar,decrease,,,,
"""""""@Beliefheals: @realDonaldTrump Working on my """"Midas Touch"""" plan re: the fund anything reward! You are my favorite entrepreneur! Thanks.""",2013-10-19 21:04:28+00:00,euro,increase,,,,
"""""""@val_wonders: @realDonaldTrump @DanAmira @NYMag does anyone read @NYMag anymore. I'm sure it'll be sold for a dollar just like Newsweek.""""""",2013-10-18 22:03:12+00:00,dollar,decrease,,,,
Our country is being run by total amateurs. Let’s just call it “amateur hour.”,2013-10-18 17:55:53+00:00,euro,decrease,1.36798,1.36798,1.36794,1.3678
"I build beautiful websites with very smart and imaginative people for almost NOTHING. OUR GOVERNMENT SPENT ALMOST $535, 000, 000 for NOTHING",2013-10-18 11:01:52+00:00,dollar,increase,1.36964,1.36902,1.36818,1.36831
"The contract to build the ObamaCare website was given to a CANADIAN company for $55, 744, 081. It then bloated to $292, 071,067 INCOMPETENCE",2013-10-18 10:48:20+00:00,dollar,no change,1.36994,1.37036,1.36962,1.36828
How do you spend over $635M on websites and they don't work?,2013-10-11 19:08:01+00:00,dollar,decrease,1.35534,1.35526,1.35514,1.35506
Entrepreneurship is engine of American success. I bring it to crowdfunding w/ @fundanything's $1M RECORD reward http://t.co/tcKbJcdjb4,2013-10-17 16:23:19+00:00,dollar,increase,1.36632,1.36606,1.36646,1.36674
.@BMP_Music_Event  Read 'Midas Touch' -- great book for entrepreneurs. Good luck!,2013-10-17 15:01:43+00:00,euro,increase,1.3661,1.36622,1.36608,1.36594
@BMP_Music_Event  Read 'Midas Touch' -- great book for entrepreneurs. Good luck!,2013-10-17 14:30:59+00:00,euro,increase,1.36686,1.36703,1.36702,1.36649
"Trump Links will be a great championship golf course that will host many major tournaments and bring tremendous $'s &amp, prestige to N.Y.C.!",2013-10-16 12:03:39+00:00,dollar,increase,1.35558,1.35558,1.35606,1.35516
"""""""@01101O10: only an idiot loses money in real-estate @realdonaldtrump does that all the time.""""  I've made over ten billion $'s, you idiot!""",2013-10-14 11:59:50+00:00,dollar,decrease,1.3559,1.35625,1.35656,1.3587
"I know a great deal about websites etc. but I am unable to understand how our government spent $635 million on the ObamaCare site-&amp, disaster",2013-10-12 01:19:09+00:00,dollar,decrease,,,,
"I pay millions of $’s a year to Florida Power &amp, Light &amp, they can’t give us what we want. Maybe a major class action suit against them?",2013-10-09 20:10:15+00:00,dollar,decrease,1.35207,1.35198,1.35194,1.3524
Entrepreneurs who develop their Midas Touch do not work for money. They work to create or acquire assets. Focus on assets.,2013-10-09 18:27:46+00:00,euro,no change,1.35132,1.35153,1.35176,1.3523
Via @trdmiami: “@TrumpDoral project will boast 800 hotel rooms” http://t.co/Jh4GkBJi2z $250M renovation on 800 acres in sunny Miami.,2013-10-09 14:34:30+00:00,dollar,no change,1.35164,1.35128,1.35132,1.35184
"“Most entrepreneurs do not realize that wealth does not come from work, but from the assets they build.” –  Midas Touch",2013-10-03 20:16:00+00:00,euro,no change,1.36194,1.362,1.36204,1.36217
"Oil has been over $33/gallon for 34 months. A new record. And now with Obama’s war on coal, American families will be hit even harder.",2013-10-03 18:59:25+00:00,dollar,decrease,1.3621,1.36203,1.36202,1.3623
"Young entrepreneurs across the US are trying to make deals &amp, build businesses daily. Stay positive, think big &amp, big things will happen",2013-10-02 19:58:46+00:00,euro,increase,1.35852,1.35888,1.35876,1.358
"To be called Trump Links at Ferry Point, course will be GREAT and, over the years, hold many tournaments and major championships-$'s to NYC.",2013-09-27 03:11:25+00:00,dollar,increase,1.34848,1.34846,1.34836,1.34804
"‘Uniforms 4 Everyone’ campaign @fundanything has a $3,000 goal to buy underprivileged kids school uniforms http://t.co/1HTrlVDhpQ",2013-09-26 18:46:56+00:00,dollar,no change,1.34801,1.348,1.34825,1.34804
Via @MarketWatch: “@TrumpSoHo New York Unveils $50 Million Presidential Penthouse” http://t.co/2Nukg8JNLS,2013-09-26 16:27:55+00:00,dollar,no change,1.34818,1.34812,1.34804,1.34789
"Obama promised premiums would lower $2,500/yr for family of 4. In truth, healthcare will increase by $7,450 http://t.co/OYNdom1xvJ",2013-09-24 18:46:13+00:00,dollar,no change,1.34822,1.34788,1.3476,1.34744
"""""""@Miranda__Diplo: @realDonaldTrump is much more than just a Republican. He is a brilliant entrepreneur and individual."""" Thank you.""",2013-09-21 23:18:27+00:00,euro,increase,,,,
"“Becoming an entrepreneur is a personal-development program. If you grow personally, your business will grow.” – Midas Touch",2013-09-18 19:19:25+00:00,euro,increase,1.34974,1.35018,1.34975,1.35172
"""""""@JCOTheAmerican: @realDonaldTrump I'm a fresh in college and I dream of being half the entrepreneur you are Donald.""""  You will do great.""",2013-09-17 08:06:29+00:00,euro,increase,1.33464,1.33472,1.33465,1.33616
"Lightweight A.G. Eric Schneiderman asked us for political contributions DURING his investigation of us,then sued for $40 million.Dopey guy!",2013-09-11 05:53:16+00:00,dollar,decrease,1.32503,1.3246,1.32485,1.32542
"Obama and Kerry are bungling Syria by the hour. They have set America’s deterrence &amp, stature back by years. Amateurs!",2013-09-10 19:26:19+00:00,euro,decrease,1.32678,1.3268,1.32664,1.3269
"""""""@JoeyNoSocks: @Emmacochrane9 @ForQ2 @realDonaldTrump @Toure would you lend him $10? 98% of people wouldn't. No, he's too stupid-lost $'s.""",2013-09-10 08:19:15+00:00,dollar,decrease,1.32469,1.3246,1.32512,1.32409
"@Toure If you weren't such a dumb racist moron with bad ratings you would know I never filed for bankruptcy,now worth over $10 billion dummy",2013-09-10 01:44:37+00:00,dollar,decrease,1.32581,1.32564,1.32584,1.3262
"The historic $250M renovations at @TrumpDoral are moving on pace. Once complete, @TrumpDoral will be South Florida’s premiere resort.",2013-09-06 15:39:53+00:00,dollar,increase,1.3167,1.31666,1.3166,1.3167
"""""""@mbouchon: Make an appearance @realDonaldTrump! We would love to host you at the USC #EntrepreneurshipClub @SCProvingGround"""" Thanks!""",2013-09-04 01:32:25+00:00,euro,increase,1.3168,1.31677,1.31672,1.31694
"""It is truly amateur hour at the White House - and this is why we should not be doing the """"war thing"""" right now!""",2013-09-01 10:57:02+00:00,euro,decrease,1.32141,1.32141,1.32141,1.32141
"""""""@dickquinn: @realDonaldTrump Obviously amateur hour at the WH. Obama was unqualified when he ran and remains so.""""""",2013-08-31 11:54:36+00:00,euro,decrease,,,,
If Christian Bale turned down $50M to return as Batman he should have his head examined. What was he thinking?!,2013-08-29 16:32:48+00:00,dollar,decrease,1.3231,1.32306,1.3233,1.32459
"""""""@JanusDcjavu: @realDonaldTrump the one who talks much, does nothing"""" Except make 10 billion dollars - go get a job dumbass!""",2013-08-29 05:01:57+00:00,dollar,decrease,1.33248,1.3326,1.33255,1.33096
"""""""@RonnieDunn1164: @realDonaldTrump @Hunterboss1996 a few billion more dollars, but I'd rather say """" President Trump"""" than"""" President Gates""""!""",2013-08-29 04:50:48+00:00,dollar,no change,1.33285,1.33264,1.33248,1.3317
Young entrepreneurs – in an economic climate like this only the strong survive. You can do it. Think Big!,2013-08-28 18:02:19+00:00,euro,increase,1.33301,1.333,1.33286,1.33382
Why isn’t AG Schneiderman going after Democrat Jon Corzine and the $1.4 billion that is “missing?”,2013-08-26 14:28:47+00:00,dollar,decrease,1.33817,1.33736,1.33788,1.33716
Amazing! AG Schneiderman sues a school w/ a 98% approval rating but doesn’t go after billion $ fraudsters all over Wall St.,2013-08-26 14:28:20+00:00,dollar,decrease,1.33817,1.33736,1.33788,1.33716
Gov. Cuomo's Moreland Comm should be looking at AG Schneiderman shaking down those under investigation/ in litigation for campaign $$$,2013-08-26 13:41:28+00:00,dollar,no change,1.33858,1.33847,1.33834,1.33787
"""""""@IoIcasey: @realDonaldTrump You're an inspiration for a young entrepreneur, Mr. Trump. Thanks!""""  Very nice, thank you!""",2013-08-22 02:15:40+00:00,euro,increase,1.33366,1.33358,1.33354,1.33365
"""""""@AlrightJarret: Mr @realDonaldTrump do you have any advice for a young entrepreneur?"""" Yes, come up with a great idea and work your ass off!""",2013-08-22 01:56:39+00:00,euro,increase,1.33394,1.334,1.33415,1.3336
"""""""@rwgooch: @realDonaldTrump Why does Fox continue to bring on Karl Rove?""""  A total waste of airtime-spent over $400 million and not 1 win!""",2013-08-21 04:01:23+00:00,dollar,decrease,1.34219,1.34238,1.34232,1.34188
"So, lets get this right. Steve Jobs dies and leaves his wife everything-billions of dollars. Now his wife has a boyfriend (lover). Oh Steve!",2013-08-19 12:42:39+00:00,dollar,decrease,1.33488,1.33496,1.33436,1.33514
"""""""@Iamgrizzly1974: @realDonaldTrump Our infrastructure is crumbling!""""And we owe 17 trillion dollars!""",2013-08-18 22:27:32+00:00,dollar,decrease,1.33266,1.33266,1.33272,1.33258
Let the Arab countries take care of Egypt-they have more to gain and plenty of money..It's time for the U.S. to stop being stupid.NO DOLLARS,2013-08-18 22:18:22+00:00,dollar,decrease,1.33276,1.33271,1.33266,1.33226
"Congrats @adamcarolla on #RoadHard raising $1M on @fundanything, a record.",2013-08-14 19:20:22+00:00,dollar,increase,1.326,1.32609,1.32588,1.32543
In Miami tracking @TrumpDoral’s $250M renovations. Will be America's top resort. @PGATOUR just signed for 10 yr ext. http://t.co/Qo6Tq9dEJP,2013-08-14 19:07:27+00:00,dollar,increase,1.32568,1.326,1.3261,1.32588
"""""""@me2palas1yap: @realDonaldTrump @Naplessun4664 i got dollars on Trump.""",2013-08-13 02:25:02+00:00,dollar,no change,1.33019,1.3302,1.33051,1.3309
Did the poor but smart to leave ex-husband of @ariannahuff get any of the dollars she got for the use of his name in really stupid AOL deal?,2013-08-13 01:33:18+00:00,dollar,decrease,1.32938,1.32968,1.32958,1.33042
"""""""@liztemkin: .@realDonaldTrump called here in LA, prepaid 2 mos w/out a discount yet for SHO &amp, TMC, got my bill reduced by $59/mo +credit.""",2013-08-11 21:14:39+00:00,dollar,no change,1.33362,1.33361,1.33345,1.33367
Ft. Hood Jihadi Nidal Hassan has been paid over $300g in Army salary while on trial. His victims are deprived of any benefits...,2013-08-07 19:49:09+00:00,dollar,decrease,1.33372,1.33378,1.33382,1.33363
"""""""Donald Trump’s http://t.co/uW8lZeSVrD Breaks $1M for Comedian Adam Carolla: New crowdfunding site sets record"""" http://t.co/4ez23shwY9""",2013-08-05 17:24:45+00:00,dollar,no change,1.32611,1.32644,1.32626,1.32598
A good question for would-be entrepreneurs to ask themselves:  What am I pretending not to see? There are a lot of opportunities out there.,2013-08-05 14:11:55+00:00,euro,increase,1.32367,1.32427,1.32408,1.32532
"""""""@liamvanvorhis: @realDonaldTrump @uglytunaosu is raising money for cancer the whole month of August. In two days we have raised $1500.""",2013-08-05 01:36:33+00:00,dollar,no change,1.3267,1.327,1.32746,1.32742
"""""""@Twan_Da_Guy: @realDonaldTrump what advice do you have for an inspiring entrepreneur?"""" Come up with a great idea and then work your ass off""",2013-07-28 23:38:12+00:00,euro,no change,1.32885,1.3287,1.32885,
The new reality – China’s demand for oil now controls the market http://t.co/lqKTTsyCoQ  And OPEC gets away with ripping us off at $105!,2013-07-26 18:21:32+00:00,dollar,decrease,1.3277,1.32781,1.32782,1.32778
The 250 million dollar construction of Trump Nationsl Doral is coming along great. Just left Miami where I toured entire project.AMAZING!,2013-07-26 10:51:21+00:00,dollar,increase,1.32662,1.32714,1.32751,1.32719
In beautiful Miami inspecting the progress of @TrumpDoral’s $250 million conversion into the country's #1 resort.,2013-07-25 16:16:02+00:00,dollar,increase,1.32302,1.32337,1.32337,1.32288
"""""""Entrepreneurs are all unique. One way to build a business and turn it into a  brand is to know who you are."""" - Midas Touch""",2013-07-24 20:41:18+00:00,euro,increase,1.32008,1.32016,1.32006,1.32001
Today Obama will give another speech on the economy. Tomorrow our country will still be $17T+ in debt with 18% real unemployment.,2013-07-24 18:25:21+00:00,dollar,decrease,1.31958,1.31934,1.31944,1.31946
"Vattenfall, the promoter of the money losing wind farm plan in Aberdeen, Scotland, just took a loss of $4.6 billion after dumb European move",2013-07-24 10:05:52+00:00,dollar,decrease,1.32298,1.32328,1.32318,1.32364
"""""""@dellLucky13: @realDonaldTrump Please help this widow who lost her Veteran husband. Please donate even if its a dollar.""",2013-07-24 02:01:48+00:00,dollar,increase,1.32048,1.32098,1.32078,1.3206
"""China is taking the oil from Iraq after we spent 1.5 trillion dollars and thousands of lives for their """"freedom"""". Our leaders are so stupid!""",2013-07-23 11:29:19+00:00,dollar,decrease,1.31833,1.31802,1.31797,1.31838
"In @oreillyfactor’s No Spin Zone re: ObamaCare causing unemployment, negotiating with China &amp, my $5M court win http://t.co/2ZWlIKVGia",2013-07-19 16:54:03+00:00,dollar,no change,1.31432,1.31392,1.31404,1.31384
Must watch – owner of a single restaurant anticipates that ObamaCare will cost over $1M for compliance http://t.co/RmnNnSClpM,2013-07-18 16:14:55+00:00,dollar,no change,1.30728,1.3073,1.3075,1.30826
Fun fact for my 2M+ followers - the 'Architect' Karl Rove blew $400M in the 2012 election with a success rate of 1.6%.,2013-07-17 17:56:01+00:00,dollar,no change,1.31422,1.31324,1.31352,1.311
""".@ArceePalabrica @realDonaldTrump """"Midas Touch is the manual for entrepreneurs who want to succeed. Thanks for sharing your knowledge""""""",2013-07-16 18:26:15+00:00,euro,increase,1.3148,1.3146,1.31556,1.3151
"Just found out that at a charity auction of celebrity portraits in E. Hampton, my portrait by artist William Quigley topped  list at $60K",2013-07-16 14:44:55+00:00,dollar,no change,1.31262,1.31322,1.31351,1.31422
ObamaCare will cost 3 times as much as Obama promised – $2.6T http://t.co/ALM2gjreCQ It is not sustainable. (h/t @gatewaypundit),2013-07-15 19:33:58+00:00,dollar,decrease,1.30674,1.3072,1.30702,1.30648
"""""""@gusdoes: @realDonaldTrump wisest of all reporters 👏""""  Thank you!""",2013-07-14 04:08:19+00:00,dollar,increase,1.3076,1.3076,1.3076,1.3076
".@TrumpDoral’s record $200M renovations are on schedule. The hotel remains open for guests, events and conferences. http://t.co/F894Av2VpH",2013-07-11 16:08:25+00:00,dollar,increase,1.30282,1.3037,1.30391,1.30244
Eliot Spitzer was a horrible Governor and A.G. who ruined many good people and cost the Country billions of dollars in losses (and jobs).,2013-07-10 12:21:55+00:00,dollar,decrease,1.28128,1.28156,1.28149,1.28213
"""""""@AsadTMoosvi: @realDonaldTrump What's one advice you'd give to an aspiring entrepreneur?""""  Work hard and love what you do-never give up!""",2013-07-05 18:18:06+00:00,euro,increase,1.283,1.28296,1.28302,1.28298
"""""""@MikeDGarrison: """"Judge orders Miss Pennsylvania to pay Donald Trump $5M in defamation case. http://t.co/hakqedJ5va” @realDonaldTrump hits.""",2013-07-04 15:01:23+00:00,dollar,no change,1.29136,1.29162,1.29236,1.29171
Oil prices just went over $100 per barrel for first time in nine months!,2013-07-03 10:02:28+00:00,dollar,no change,1.29614,1.29596,1.29654,1.29598
"""""""@Jeromeister: Really @realDonaldTrump, are you sure """"Every penny of the $7 billion going to Africa as per Obama will be stolen"""". Just 97%.""",2013-07-03 08:05:51+00:00,dollar,decrease,1.29357,1.29332,1.29306,1.29644
I am honored to be receiving the American Spectator Foundation Award for excellence in entrepreneurialism in Washington DC this fall.,2013-07-02 18:06:23+00:00,euro,increase,1.30006,1.29989,1.29959,1.29735
"We should be concerned about the American worker &amp, invest here. Not grant amnesty to illegals or waste $7B in Africa.",2013-07-01 19:51:51+00:00,dollar,decrease,1.30613,1.30663,1.30648,1.30625
Every penny of the $7 billion going to Africa as per Obama will be stolen - corruption is rampant!,2013-07-01 10:02:53+00:00,dollar,decrease,1.30554,1.30552,1.30552,1.30436
"""""""@DurangoRick: @realDonaldTrump Thoughts on Obama pledging 7B US $$ """"to unleash the power of entrepreneurship.. in Africa”??""""   Crazy!""",2013-07-01 01:15:49+00:00,dollar,decrease,1.30208,1.3022,1.30174,1.30222
"""""""@MetalMadSean: @realDonaldTrump Your thoughts on Obama's trip to Africa?""""  A total waste of taxpayers money! $100 million.""",2013-07-01 00:54:55+00:00,dollar,decrease,1.30154,1.3013,1.30154,1.30162
"""""""@djgura: @realDonaldTrump ~ $10BB? Forbes has you at $3BB, what gives?"""" They know nothing about me or my numbers.""",2013-07-01 00:33:33+00:00,dollar,no change,1.3011,1.30114,1.30109,1.30143
"I am going to Trump National Doral in Miami this week to check out the $250 million renovation. In construction, always watch the money!",2013-07-01 00:13:16+00:00,dollar,no change,1.30138,1.3016,1.30129,1.3021
"""""""@sroyboyk: @realDonaldTrump How much $ did you start with? Not a hater, just trying to get an answer. A tiny fraction of what I have built.""",2013-06-30 00:19:50+00:00,dollar,no change,1.30154,1.30154,1.30154,1.30154
"You mean the fact that my father left me some money (as a good father will) and I multiplied it many, many times to over $10 billion-is bad?",2013-06-29 23:15:16+00:00,dollar,decrease,,,,
"One of the most expensive projects ever in Miami @TrumpDoral’s $200M of renovations are right on schedule. When completed, will be elite!",2013-06-26 19:02:33+00:00,dollar,increase,1.30128,1.30082,1.30086,1.3007
"Our debt is about to top $17T. ObamaCare and China (&amp, others) are killing American business.",2013-06-24 19:31:34+00:00,dollar,decrease,1.31321,1.31302,1.31276,1.31262
Our debt is about to reach $17T. Iraq has $20T in oil reserves. Interesting.,2013-06-20 17:50:59+00:00,dollar,no change,1.32268,1.3224,1.32232,1.32061
.@Ed_Klein’s book ‘The Amateur’ is out in paper back.  Lots of insights.,2013-06-19 15:36:40+00:00,euro,increase,1.34019,1.34034,1.34036,1.34082
Young entrepreneurs – never back down. Take the hits and get up.  That’s what makes a winner.,2013-06-18 19:42:14+00:00,euro,increase,1.33982,1.33992,1.33994,1.33968
"""We should stay the hell out of Syria, the """"rebels"""" are just as bad as the current regime. WHAT WILL WE GET FOR OUR LIVES AND $ BILLIONS?ZERO""",2013-06-16 00:33:43+00:00,dollar,decrease,1.3348,1.3348,1.3348,1.3348
@Eurphrosye  Great!,2013-06-14 20:06:01+00:00,euro,increase,1.33466,1.33474,1.33444,
"""""""@Friend_Bus: @wgonet @realDonaldTrump ill admit hes the man when it comes to entrepreneurs""""  Thank you!""",2013-06-12 03:37:10+00:00,euro,increase,1.33118,1.33132,1.3311,1.33076
"I've done the largest house sale in U.S. history by selling a Palm Beach mansion for $100M, $60M more than I paid. I love real estate.",2013-06-05 20:28:48+00:00,dollar,increase,1.30944,1.30916,1.30902,1.30946
"Kern County, CA has secured $1.2B for windfarms http://t.co/NFAarkCoxj They also just secured more eagle deaths &amp, low property values.",2013-06-05 18:05:50+00:00,dollar,no change,1.30904,1.30883,1.30873,1.30904
"""""""@marclaurito: “@realDonaldTrump: Young entrepreneurs should always remember that if you do not promote yourself, no one else will!”""",2013-05-30 23:57:46+00:00,euro,no change,1.30416,,,
"Young entrepreneurs should always remember that if you do not promote yourself, no one else will!",2013-05-30 20:15:34+00:00,euro,no change,1.30405,1.30419,1.30452,1.3048
"@Austile147 U.S.A. is not rich, owes 17 trillion dollars.",2013-05-28 19:57:47+00:00,dollar,decrease,1.28647,1.28602,1.2856,1.28559
We spend billions of dollars helping nations all over the World but with hurricane Sandy and Oklahoma tornado not one nation helped us!,2013-05-28 02:19:56+00:00,dollar,decrease,1.29035,1.29036,1.29045,1.29054
"""""""@infinitys_edge: @realDonaldTrump I'm in the Billion Dollar coalfields and thanks to Obama I can't even leave the house I'm so broke.""",2013-05-27 23:43:27+00:00,dollar,decrease,1.29332,1.29331,1.29312,
"""""""@GangsterDannyG1: @realDonaldTrump What was Bush and Obama's biggest mistake.""""  The lives and $1.5 trillion spent on Iraq-which is failing.""",2013-05-27 23:38:45+00:00,dollar,decrease,1.29327,1.29332,1.29331,
"If @DannyZuker competed against me and.won (which not too many people do), he could win millions of $'s for himself or his charity!",2013-05-25 13:20:40+00:00,dollar,increase,,,,
"""Remember, @dannyzuker , you are not even the real """"boss"""" of Modern Family - no big $$$$$$'s for you!""",2013-05-24 23:45:24+00:00,dollar,decrease,,,,
One season ends and another starts.  Already casting for the next @ApprenticeNBC. Great news for charity--$13 million so far.,2013-05-21 20:15:23+00:00,dollar,increase,1.29067,1.29072,1.29066,1.29084
"""""""@BoydDee: @realDonaldTrump Thank you for hosting CelebApp to raise $$ for Charities like @RedCross working in OK now. Kudos 2 @TraceAdkins""",2013-05-21 06:39:56+00:00,dollar,increase,1.28886,1.28866,1.28829,1.28866
"""""""@BettyBlopper1: The standing O that LilJon received when @realDonaldTrump gave his charity $100k was so moving. Love celebrity apprentice!""""""",2013-05-21 06:09:37+00:00,dollar,increase,1.28966,1.28946,1.28926,1.28877
"""""""@borich1970: @realDonaldTrump Congrats on raising $13 million total for charity. Best Live Finale ever!! Looking forward to next season.""",2013-05-20 11:25:47+00:00,dollar,increase,1.28647,1.28633,1.28644,1.28519
"Last night's live show was so much fun. Congrats to the entire cast, they are all winners!  From beginning over $13 million for charity.",2013-05-20 10:20:27+00:00,dollar,increase,1.28546,1.28566,1.28565,1.28636
@subirchowdhury   How are you - $5.5 million (a bargain).,2013-05-19 19:05:18+00:00,dollar,no change,1.28431,1.28431,1.28431,1.28431
"""The """"lady"""" in Chicago that I'm fighting owes me $500, 000 and is sophisticated  &amp, vicious. She made up a story &amp, plays the """"age card"""" - bad!""",2013-05-16 01:27:39+00:00,dollar,decrease,1.28738,1.28724,1.28754,1.28762
".@lisarinna did amazing on #CelebApprentice @ApprenticeNBC.  Raising over $505K for @StJude, she made it to the Final Four.  Congrats Lisa.",2013-05-13 19:30:53+00:00,dollar,increase,1.2975,1.29778,1.29777,1.29711
"""""""@scienceinvestme: @realDonaldTrump hows this 4 gratitude 4saving their neck?Kuwait Airways 2 spend near $3B on 25 Airbus jets.""",2013-05-12 22:20:26+00:00,dollar,no change,1.29678,1.29664,1.29661,1.29656
I gave away money. Go to http://t.co/uW8lZeSVrD to see how I'm helping people. #FundAnything #Entrepreneurs #GiveBack,2013-05-08 16:11:29+00:00,euro,increase,1.318,1.31833,1.31781,1.31718
"""""""@Heaveenly: @realDonaldTrump how does it feel to have 2.1 million followers""""  Great-like owning The New York Times without the lo$$es! .""",2013-05-08 01:48:59+00:00,dollar,increase,1.30911,1.30944,1.30924,1.30902
The economy is broken. Entrepreneurship is being suppressed. See what I do Wednesday 11 AM at Trump Tower atrium.,2013-05-07 18:29:54+00:00,euro,decrease,1.30852,1.30846,1.30844,1.30805
"@roysj   Unlike you, stupid, I became a big stock market investor a couple of years ago because the dollar is going to hell &amp, false low int.",2013-05-03 15:06:13+00:00,dollar,decrease,1.31079,1.31124,1.31132,1.31179
Our trade deficit is still on pace to be over $500B.  This is killing our manufacturing sector and sending jobs overseas.,2013-05-02 20:44:27+00:00,dollar,decrease,1.30643,1.30644,1.30628,1.30606
"Obama’s goal of 1 million electric car sales is a little off, by over 910,000 http://t.co/qIHVtjEHiz  $100B of our money wasted!",2013-05-02 19:26:24+00:00,dollar,decrease,1.30603,1.30624,1.30644,1.30663
Oil should not cost more than $40 a barrel.  Ideally it should be $25.  Cheap to produce and we protect the OPEC countries.,2013-05-01 20:53:52+00:00,dollar,no change,1.31824,1.31812,1.31814,1.31837
"""""""@angryjustint: @realDonaldTrump is a true inspiration to all young entrepreneurs!""""  Thanks Justin and work hard!""",2013-05-01 00:33:53+00:00,euro,increase,1.31766,1.31788,1.31766,1.31632
"""""""@ELewie1994: @realDonaldTrump Ever going to return to WWE and have your $$$ fall down from the sky?""""  Up to Vince M.""",2013-05-01 00:31:25+00:00,dollar,no change,1.31778,1.31774,1.31775,1.31628
Afghan Leader Karzai has received tens of millions of dollars IN CASH from the U.S. Government- how stupidly is our Country being run?,2013-04-29 23:00:59+00:00,dollar,decrease,1.30947,1.30974,1.3096,
"I just sent @THEGaryBusey a check of $20,000 for his charity, Children's Kawasaki Disease . He worked hard and deserves it.",2013-04-29 20:41:27+00:00,dollar,increase,1.3097,1.30974,1.30981,1.30964
Via @Law360: “Trump’s $200M Old Post Office Project Gets Early Approval” http://t.co/W4XbbVFbWe,2013-04-25 17:27:13+00:00,dollar,no change,1.30111,1.30134,1.30186,1.30208
"""""""@sheckiezx: @realDonaldTrump @kristinaoakes Only a moron would overrate him! He's overrated, and morons don't make more than 9 billion $'s.""",2013-04-25 12:25:41+00:00,dollar,decrease,1.30904,1.30865,1.30793,1.30398
".@TraceAdkins presents the NJ Coast Red Cross a $40,000 check for Sandy Relief. You can tell he’s very pleased about that--&amp, rightly so.",2013-04-22 01:07:32+00:00,dollar,increase,1.30639,1.30628,1.30652,1.3078
"""""""@kmcs1957: @realDonaldTrump I love when you get your Haters all twisted up. You would make another gazillion $ as a comedian #love you!""""""",2013-04-20 01:49:42+00:00,dollar,increase,,,,
"Obama’s $1T+ deficit budget expanded welfare &amp, green cronyism &amp, it cut domestic bomb prevention in half http://t.co/JNJRVIMW3B",2013-04-17 20:17:07+00:00,dollar,no change,1.30289,1.30296,1.3032,1.30331
"Business is easy. Dealing with people is hard. If you are an entrepreneur, your most important job is to choose who works with you.",2013-04-17 19:02:41+00:00,euro,no change,1.30144,1.30188,1.30218,1.30291
The world economy is under deep stress with growth slowing everywhere.  Yet crude is over $87/barrel. Should be $25 at the most.,2013-04-16 17:14:52+00:00,dollar,decrease,1.31802,1.31874,1.3184,1.31896
"""""""@JFordEureka: Love the ties! Where can I get them? @realDonaldTrump @EricTrump #celebapprentice"""" Macy's!""",2013-04-15 07:33:29+00:00,euro,increase,1.30888,1.30891,1.30858,1.30582
"""""""@HogmanjemJack: @realDonaldTrump After Obama bailed out GM for $80 Billion, 7 out of 10 GM cars made in China!""""""",2013-04-13 03:43:53+00:00,dollar,no change,,,,
Obama’s budget spends $2B making our navy ships algae-powered http://t.co/5jzKm3ost4 The strong world is laughing at us.,2013-04-11 19:36:50+00:00,dollar,no change,1.3111,1.31098,1.31066,1.31028
"The $200M renovations at Trump @DoralResort are right on target.  When completed, the course will be as good as it gets.",2013-04-10 19:52:12+00:00,dollar,increase,1.30648,1.30663,1.30652,1.30696
"""""""@TheSportsSwede: @realDonaldTrump @ec364 Bush murdered thousands of r troops &amp, wasted trillions $ in a needless &amp, senseless war-Iraq. TRUE!""",2013-04-07 12:42:55+00:00,dollar,decrease,1.29784,1.29784,1.29784,1.29784
"""""""@ec364: @realDonaldTrump where's Sadam's billiions of $$ after Bush invested American taxpayer$. We were too stupid to take it-loser pols!""",2013-04-07 10:56:28+00:00,dollar,decrease,1.29784,1.29784,1.29784,1.29784
"Obama just bought the Afghan Police $288M in ammo http://t.co/PpW4oXKM0K  Make no mistake,  some of these will be shot at our troops.",2013-04-03 19:10:25+00:00,dollar,decrease,1.28458,1.2846,1.28459,1.28466
"In this time of economic turmoil where millions of Americans are unemployed, our tax dollars are paying @BillMoyers' big @PBS salary!",2013-04-02 20:21:21+00:00,dollar,decrease,1.28149,1.28152,1.2816,1.28204
The Yuan hit another record high against the Dollar. China is laughing at our expense.,2013-04-02 19:49:33+00:00,dollar,no change,1.28138,1.28142,1.28156,1.28198
"""The only place where our """"border"""" is protected is from Europeans. We educate them in our finest institutions &amp, then have them deported.""",2013-04-01 19:37:53+00:00,euro,no change,1.28464,1.28464,1.28485,1.28484
Today The Blue Monster is torn up. The Trump National @DoralResort is being revolutionized with $200M of renovations.,2013-04-01 19:20:05+00:00,dollar,decrease,1.28478,1.28458,1.28485,1.28507
"""""""@lucaswilson911: @realDonaldTrump PLEASE REPLY TO ME!!! Yay! I'm your number 1 fan!!! I will die happy if you respond to this tweet :D $$$$""",2013-04-01 10:56:15+00:00,dollar,increase,1.28156,1.28178,1.28184,1.28106
"""""""@ForexBoxusd: @realDonaldTrump Mr. Trump, Class-Act @Late_Show you are a one of an kind classic! #trumpforpresident.""""  Thanks!""",2013-03-28 20:27:30+00:00,dollar,increase,1.2817,1.28166,1.28185,1.28176
"""Via @RoyalOakPatch: """"Oakland County High Schoolers Have Chance to Win $1,000 Scholarship &amp, Meet Donald Trump"""" http://t.co/nyatYnkz3O""",2013-03-27 17:29:54+00:00,dollar,no change,1.27741,1.27751,1.27738,1.2779
"Obama has now become the weakest POTUS against China, yuan just hit record high against dollar http://t.co/sEbQQycPmf  Very sad!",2013-03-25 20:17:28+00:00,dollar,decrease,1.28562,1.28526,1.28538,1.28542
Cyprus is seizing private bank accounts as collateral for €10bn bail-out. We owe $17T. Think it can’t happen here?,2013-03-25 19:26:24+00:00,dollar,decrease,1.28462,1.2849,1.2853,1.28532
"Watching the madness in Cyprus? If our government keeps spending trillion dollar deficits, that could happen here.",2013-03-22 18:31:58+00:00,dollar,decrease,1.29835,1.29852,1.2985,1.29842
"""""""@entrepreneur: Just for the record @realDonaldTrump has authored more #1 best selling books than @mcuban. #winning""""  10 to be exact-thanks!""",2013-03-19 12:43:00+00:00,euro,increase,1.2943,1.2942,1.29468,1.29444
Bombings all over Iraq today.That country is falling apart-such a horrible waste of lives and 1.5 trillion dollars (and I told you so!).,2013-03-19 11:30:44+00:00,dollar,decrease,1.29475,1.29484,1.29504,1.2951
.@Omarosa’s new name via @DennisRodman: “Ms. Saboteur” sounds rather elegant. #CelebApprentice,2013-03-18 01:39:16+00:00,euro,increase,1.28916,1.28974,1.28992,1.29033
".@Omarosa has another meltdown ... while giving a check for $40,000 to Michael’s charity, the Sue Duncan Center. #CelebApprentice",2013-03-18 01:06:30+00:00,dollar,decrease,1.29072,1.29027,1.29056,1.28994
@DeViouSDoLL82 It's Endometriosis Awareness Month-176 million women suffer from this disease.,2013-03-17 16:58:02+00:00,dollar,decrease,1.29113,1.29113,1.29113,1.29113
Trace and his team raised an amazing amount of $.  Looks like a good season for charities.,2013-03-11 01:03:31+00:00,dollar,increase,1.29906,1.2993,1.29919,1.30012
"@axelpals Be prepared to go it alone--being an entrepreneur is not, initially, a group effort. Keep your focus. Read Midas Touch.",2013-03-08 17:44:51+00:00,euro,no change,1.297,1.2979,1.29834,1.29884
"My interview w/ @nbc6 re: @CadillacChamp &amp, my $200M of future renovations invested in Trump @DoralResort http://t.co/qM7Zpaias2",2013-03-06 20:37:01+00:00,dollar,no change,1.29918,1.29929,1.2991,1.29756
"Brande would have been fired immediately if she didn't raise $132,000, a really large sum. Bret, on the other hand, raised very little...",2013-03-04 14:43:18+00:00,dollar,decrease,1.30036,1.30071,1.30093,1.30114
"The government will spend over $3.8T this year. The sequester is a pittance of the outlays, less than 2%. Where’s the problem?",2013-02-27 21:37:47+00:00,dollar,decrease,1.31368,1.31366,1.31372,1.31325
"""Flashback: """"Donald Trump: $200M plan for Doral"""" http://t.co/oQacXJR2oL via @ESPNGolf. Trump Doral's @cadillacchamp is one week away!""",2013-02-27 19:40:08+00:00,dollar,no change,1.31268,1.31374,1.31334,1.31374
"Why does@ Bill O'Reilly keep putting Karl Rove on his show-a total waste of time. Rove spent $400, 000, 000 and didn't win a race-pathetic!",2013-02-27 02:42:08+00:00,dollar,decrease,1.30446,1.30477,1.3047,1.30678
Dopey @billmaher still owes me $5M for charity.  I hope he pays up before @hbo fires him--which will happen!,2013-02-26 21:51:07+00:00,dollar,decrease,1.30617,1.30633,1.30593,1.30628
RT @austinroneil: @realDonaldTrump Thanks for all the inspirational quotes. Helping encourage this young entrepreneur. :),2013-02-26 15:18:25+00:00,euro,increase,1.30649,1.30646,1.3063,1.30648
Our leaders are terrible. The government spends over $50B a day.  It can’t find cuts for less than 2 days of spending?! Sad!,2013-02-25 20:58:06+00:00,dollar,decrease,1.30569,1.30623,1.30758,1.30614
The $85B sequester is just 2% of Obama's $3.5T record deficit spending budget.  Our leaders are ruining our children's future.,2013-02-25 20:29:48+00:00,dollar,decrease,1.30832,1.30798,1.30788,1.30756
"My @gretawire interview discussing why the sequestration cuts are necessary, our $17T national debt &amp, 2016 election http://t.co/qErq7ascac",2013-02-25 19:22:02+00:00,dollar,no change,1.31059,1.31027,1.31106,1.30973
I hope Oprah gives Lance Armstrong 100 million dollars because that's what that ridiculous interview will cost him!,2013-02-23 03:49:13+00:00,dollar,decrease,,,,
$5 a gallon gas and we have yet to approve the Keystone XL Pipeline.  OPEC is laughing at us.,2013-02-19 21:47:36+00:00,dollar,decrease,1.33894,1.33907,1.3389,1.33848
"Idiot @billmaher always forgets to mention that I am suing him to collect the $5M for charity, that he expressly offered.",2013-02-19 21:13:15+00:00,dollar,decrease,1.33887,1.33892,1.33857,1.33865
"“Being an entrepreneur is a big task. So what can you do to prepare? First and foremost, expand your focus.” - Midas Touch",2013-02-19 20:24:08+00:00,euro,no change,1.3392,1.3392,1.33901,1.33863
"I went to Wharton, made over $8 billion, employ thousands of people &amp, get insulted by morons who can’t get enough of me on twitter...!",2013-02-12 21:34:54+00:00,dollar,decrease,1.34535,1.34528,1.3454,1.34566
"What do you think of my suing @billmaher for $5M for charity? He made an offer, I accepted.",2013-02-12 15:31:44+00:00,dollar,no change,1.34382,1.34384,1.34548,1.34548
"Dummy @BillMaher forgot to say that he made an absolute offer which I accepted. Hopefully, charity gets $5M dollars.",2013-02-09 23:18:43+00:00,dollar,increase,,,,
Being an entrepreneur is not a group effort. You have to trust yourself and your instincts.,2013-02-08 14:49:24+00:00,euro,no change,1.33962,1.33938,1.33848,1.33898
Is @karlrove incompetent? 400 million dollars down the drain and not 1 victory!,2013-02-08 13:00:23+00:00,dollar,decrease,1.33816,1.33812,1.33826,1.33772
The dollar always talks in the end--although our pols are killing the dollar!,2013-02-07 21:50:04+00:00,dollar,decrease,1.33971,1.33992,1.33986,1.33894
Why are people giving money to Karl Rove when he just wasted $400M without any victories? Use your head.,2013-02-07 17:49:04+00:00,dollar,decrease,1.34022,1.34028,1.34005,1.33952
My @TMZ interview with @HarveyLevinTMZ discussing how I will see my $5M lawsuit against @billmaher to the end http://t.co/baL5LJ78,2013-02-06 21:06:53+00:00,dollar,no change,1.3519,1.35188,1.35187,1.35215
"Just as I predicted, immigration reform will increase the cost of ObamaCare over $300B http://t.co/CmDQ20a2 More money borrowed from China.",2013-02-06 19:45:20+00:00,dollar,decrease,1.35158,1.35234,1.35218,1.35236
Via @newsbusters: “Donald Trump Issues Statement Regarding $5 Million Lawsuit Against Bill Maher” http://t.co/1us9Y3rA,2013-02-05 20:20:42+00:00,dollar,no change,1.35812,1.35844,1.35871,1.3579
"My @foxandfriends interview re: @SuperBowl blackout, @BobbyJindal’s stupid comment &amp, suing @billmaher f/$5M http://t.co/nxPyVZM1",2013-02-05 20:00:13+00:00,dollar,decrease,1.35832,1.35807,1.35828,1.3581
"To entrepreneurs: Watching you could be the motivation for your employees, so make it an example that will best serve your success.",2013-02-05 16:39:24+00:00,euro,increase,1.35714,1.35746,1.35766,1.35734
$4 gasoline – wow—OPEC is very happy!,2013-02-05 15:03:10+00:00,dollar,increase,1.35466,1.35509,1.35464,1.35342
.@BillMaher didn’t come through with his promised $5 million for charity so today I will sue him.,2013-02-04 16:03:22+00:00,dollar,decrease,1.35564,1.35542,1.35549,1.35256
Obama's speech in Las Vegas yesterday cost the taxpayer $520 per word and over $1.6M  http://t.co/W7OVfZvz  More money borrowed from China.,2013-01-30 21:28:37+00:00,dollar,decrease,1.35667,1.35653,1.35674,1.35652
Still waiting to hear from @billmaher. Every day he dodges me is one less day that $5M is being used for charity.,2013-01-28 20:58:39+00:00,dollar,decrease,1.34558,1.34536,1.34536,1.34545
.@billmaher has not yet sent me the $5M he owes which I am giving to various charities. Come on Bill—you made a deal.,2013-01-23 20:08:38+00:00,dollar,decrease,1.33231,1.33215,1.3319,1.33216
Exxon donated $250g to Obama's inaugural http://t.co/ny2KsoLs I guess the Democrats have no problem accepting money from 'big oil.',2013-01-23 18:37:04+00:00,dollar,no change,1.33156,1.33148,1.3313,1.33116
Be sure to read my column in @cnni “Europe is terrific place for investment” http://t.co/pMcJU0Fs,2013-01-23 16:05:52+00:00,euro,increase,1.32866,1.32896,1.32864,1.33092
@mscijihenderson Midas Touch is a good choice for those with entrepreneurial interests.,2013-01-22 16:27:07+00:00,euro,increase,1.32982,1.32961,1.3298,1.33022
"“Golfer bids $130,000 for round with Donald Trump” in Scotland for charity http://t.co/9dCwjRcy via Evening Express",2013-01-21 19:29:26+00:00,dollar,no change,1.33158,1.3317,1.33182,1.33138
"""""""We’re singlehandedly transferring hundreds of billions of dollars a year...""",2013-01-15 20:09:42+00:00,dollar,no change,1.32972,1.32978,1.33109,1.3308
"If someone says “I’ll bet you ten dollars” and loses the bet, it’s pay up time.",2013-01-14 21:47:04+00:00,dollar,no change,1.3375,1.33758,1.33822,1.33752
Still waiting for a response from @billmaher.  Does he even have $5 million?,2013-01-14 20:40:10+00:00,dollar,decrease,1.33876,1.33872,1.33858,1.33744
"Sadly, I’m probably helping @billmaher’s lowly rated show—but charity will benefit by $5 million so it’s worth it.",2013-01-14 20:38:35+00:00,dollar,increase,1.33878,1.33865,1.33864,1.33734
Dopey @billmaher is in for a lot of trouble—I hope he has $5 million (for charity).,2013-01-14 18:53:30+00:00,dollar,decrease,1.33648,1.33654,1.33658,1.3376
I can’t wait to donate @billmaher’s $5 million to charity.  Just waiting on @billmaher to send me the money.,2013-01-11 20:25:06+00:00,dollar,increase,1.33383,1.33392,1.33374,1.3341
"""""""Donald Trump: If Bill Maher Does Not Pay Off His $5 Million Bet – 'Then I’ll Sue Him'"""" http://t.co/x7wBj4ae via @gatewaypundit""",2013-01-11 16:30:27+00:00,dollar,decrease,1.3346,1.3355,1.33549,1.33556
2nd segment of my @seanhannity @FoxNews interview discussing @billmaher's insult of parents and sending him $5M bill http://t.co/bjuBe3Kj,2013-01-11 16:19:56+00:00,dollar,decrease,1.33544,1.33496,1.3346,1.33557
"My @extratv interview discussing @Rosie's new baby, my acceptance of @billmaher's $5M offer &amp, hiring @_KatherineWebb http://t.co/wXyE4677",2013-01-10 19:08:06+00:00,dollar,no change,1.3264,1.32634,1.32616,1.3253
"""Via @FoxNews: """"Donald Trump sends Bill Maher birth certificate, awaits $5 million"""" http://t.co/5c38hlwz""",2013-01-10 18:35:21+00:00,dollar,no change,1.32508,1.32554,1.32547,1.32564
"I hope @billmaher comes through with his $5 million offer, which I fully accepted, or I will be forced to sue him. All goes to charity!",2013-01-10 14:52:14+00:00,dollar,increase,1.31886,1.31882,1.31843,1.32052
I have accepted @billmaher’s $5 million offer paid to me for charity (made on the @jayleno show).,2013-01-09 17:59:03+00:00,dollar,increase,1.30688,1.30679,1.30607,1.3055
Watch Eric at 9 am (EST) today on Fox 5 w/ @rosannascotto and David Price to discuss Eric Trump Foundation's $20 million donation to St Jude,2013-01-09 13:59:42+00:00,dollar,no change,1.3059,1.30514,1.30491,1.30476
@yfentrepreneur  thanks--work hard and good luck.,2013-01-07 19:55:27+00:00,euro,increase,1.31121,1.3112,1.31134,1.31142
"To all young entrepreneurs entering the business world - stay positive, focused and remember everything has its ups and downs.",2013-01-04 20:50:39+00:00,euro,increase,1.30796,1.3082,1.30798,1.30716
@Fleur498  The Art of the Deal is a good start.,2013-01-03 16:40:26+00:00,euro,increase,1.31104,1.31104,1.31105,1.31116
This ‘deal’ @RNC voted for has $41 in tax increases for every $1 in spending cuts.  It is pathetic.  Obama is laughing at them.,2013-01-02 19:27:07+00:00,dollar,decrease,1.31704,1.31676,1.31712,1.31778
"Entrepreneurs: Absorb, assess, and then act. Don't negate your own power. Whatever you've been dealt, know you can deal with it.",2014-12-23 15:46:38+00:00,euro,no change,1.21882,1.21892,1.218,1.21772
Entrepreneurs: Realize that fear is the exact opposite of faith. Resolve to be bigger than your problems. Who's the boss?,2014-12-23 15:38:51+00:00,euro,no change,1.21842,1.21866,1.2188,1.21802
"Entrepreneurs: Whatever happens, you're responsible. If it doesn't happen, you're responsible.",2014-12-22 16:08:50+00:00,euro,no change,1.2261,1.22619,1.22599,1.22493
Entrepreneurs:  Use your imagination. Use your intelligence to execute what your imagination presents to you.,2014-12-22 16:07:51+00:00,euro,increase,1.22621,1.2262,1.22597,1.22501
Entrepreneurs: Realize that becoming an entrepreneur is not a group effort. You're in charge. Everything starts with you.,2014-12-22 16:07:01+00:00,euro,increase,1.22621,1.2262,1.22597,1.22501
Should have settled ... Ft Lauderdale plaintiffs must pay me close to $400k in legal fees after Trump trial victory.,2014-12-19 18:43:38+00:00,dollar,decrease,1.22301,1.2229,1.22296,1.22243
Pigs get slaughtered ... again.  Ft Lauderdale plaintiffs must pay me close to $400k in legal fees after Trump trial victory.,2014-12-19 18:43:26+00:00,dollar,decrease,1.22301,1.2229,1.22296,1.22243
Via @DailyMail by @chriskitching: “Luxury penthouse at @TrumpChicago skyscraper sells for record $17M” http://t.co/j095jFo098,2014-12-15 22:08:50+00:00,dollar,no change,1.24378,1.24385,1.24386,1.24438
"The terrorists cut off the heads of Americans and laugh, then want to sell us the bodies for $1,000,000. We fight over sleep deprivation!",2014-12-12 07:23:43+00:00,dollar,decrease,1.23898,1.23892,1.23935,1.24091
Entrepreneurs: Cover your bases. Know everything you can about what you're doing. Then go with your gut. Your instincts r there for a reason,2014-12-11 15:15:27+00:00,euro,no change,1.23778,1.23788,1.23802,1.23899
"Entrepreneurs:  See yourself as victorious. Look at the solution, not the problem. And never give up!",2014-12-11 15:10:52+00:00,euro,increase,1.23799,1.23778,1.23788,1.2385
Entrepreneurs: View any conflict as an opportunity. Being positive could lead you into a fortunate situation.,2014-12-11 15:09:12+00:00,euro,increase,1.23822,1.23825,1.23809,1.23862
"RomneyCare/ObamaCare architect Gruber apologized for his comments. He should apologize for the $2T monstrosity &amp, return all taxpayer money.",2014-12-10 21:02:02+00:00,dollar,decrease,1.24438,1.2442,1.24428,1.24474
"""""""@victahh11: """"@realDonaldTrump: Entrepreneurs: Believe in yourself! If you don't, no one else will either.""""""""""",2014-12-08 03:33:08+00:00,euro,no change,1.22912,1.22906,1.22904,1.22864
"Entrepreneurs: Believe in yourself! If you don't, no one else will either.",2014-12-05 15:43:39+00:00,euro,increase,1.22938,1.22957,1.23056,1.23048
"Entrepreneurs: You have to have passion. If you love your work, success will follow.",2014-12-05 15:42:37+00:00,euro,increase,1.22907,1.22948,1.22982,1.23022
"Broken borders, $18T debt, ObamaCare failing &amp, over budget. Don’t worry our president is still fundraising http://t.co/s4z0EzWQPN Priorities",2014-12-03 20:22:35+00:00,dollar,decrease,1.23118,1.23128,1.23145,1.23102
"""""""@HMunjal: .@realDonaldTrump is the best! He's my favorite entrepreneur!"""" Thank you.""",2014-12-03 02:40:16+00:00,euro,increase,1.23853,1.23872,1.23888,1.23858
Yesterday our national debt topped a record $18T. Over 44% has accrued under Obama. A real mess.,2014-12-02 21:20:05+00:00,dollar,decrease,1.2382,1.23812,1.23786,1.23833
Young entrepreneurs: Your success is measured by results. Be productive in the face of challenges. Setbacks are not fatal.,2014-12-02 18:16:12+00:00,euro,increase,1.23866,1.23852,1.23843,1.23832
"""""""@nicofazioprod: @realDonaldTrump continue to inspire young entrepreneurs such as myself!""""""",2014-11-26 23:16:34+00:00,euro,increase,1.2504,1.25027,1.2505,
ISIS is starting its own currency. May be stronger than the dollar if ObamaCare is fully implemented.,2014-11-24 21:38:39+00:00,dollar,increase,1.24401,1.24399,1.24401,1.244
"""""""@CahlRStorrie: I follow @realDonaldTrump because he's a great entrepreneur. Can't get better than him."""" Thanks!""",2014-11-23 23:06:31+00:00,euro,increase,1.23724,1.23696,1.23666,
"Entrepreneurs:  Keep your momentum. Without momentum, a lot of great ideas go nowhere.",2014-11-21 16:20:59+00:00,euro,no change,1.24076,1.24022,1.24018,1.23845
Entrepreneurs:  Problems are a mind exercise. Enjoy the challenge.,2014-11-21 16:17:49+00:00,euro,increase,1.24092,1.24074,1.24014,1.2385
"""""""@BlakeHoagland  What is the best advice you could give to a young entrepreneur, Mr. Trump?"""" You have to be passionate about your work!""",2014-11-19 14:17:09+00:00,euro,increase,1.2556,1.2555,1.25508,1.25306
"""""""@greta:DonaldTrump sent me check for $25k payable to #Tahmooressi-I forwarded check, THANK U DONALD TRUMP! very kind http://t.co/wvGelWyc5w""",2014-11-19 01:38:41+00:00,dollar,increase,1.25201,1.25228,1.25242,1.25232
Entrepreneurs: always remember that deals are fluid. Terms are always negotiable and time can be the best option for success.,2014-11-18 21:55:20+00:00,euro,increase,1.25341,1.25326,1.25337,1.25317
"ObamaCare will continue to stop entrepreneurship, slow growth and halt research &amp, development. Defund, Repeal &amp, Replace!",2014-11-18 20:44:14+00:00,euro,decrease,1.25351,1.25378,1.25368,1.25359
ObamaCare/RomneyCare architect Gruber was paid over $6M with our tax dollars yet Obama only claims he ‘was some adviser.’,2014-11-17 18:42:37+00:00,dollar,decrease,1.2455,1.24538,1.24506,1.24533
"Entrepreneurs: Set the bar high. Do the best you possibly can. Apply your skills and talent, but above all, be tenacious.",2014-11-13 14:30:42+00:00,euro,increase,1.24657,1.24572,1.246,1.2481
Entrepreneurs: Set the example. You can motivate others as well as yourself by remembering you are setting the example.,2014-11-13 14:28:21+00:00,euro,increase,1.24638,1.24641,1.24584,1.24824
"Entrepreneurs: See yourself as victorious. Look at the solution, not the problem. Keep your focus positive.",2014-11-12 20:37:36+00:00,euro,increase,1.24292,1.24344,1.2433,1.24378
"""""""@LoisWeiss: @RealDonaldTrump Sends $25,000 To Recently Released Sgt. Andrew Tahmooressi http://t.co/PZvrzXpFyP via @po_st"""" Thank you Lois!""",2014-11-12 00:17:58+00:00,dollar,increase,1.24664,1.24635,1.24631,1.24596
"""""""@JackieKarlsen: Donald Trump Sends $25,000 To Recently Released Sgt. Andrew Tahmooressi http://t.co/zBjOWBIJva  Thank you! #MarineFreed""""""",2014-11-12 00:15:00+00:00,dollar,increase,1.24672,1.24652,1.24617,1.2457
The ObamaCare website still is not complete. $5 billion and no progress. Scary and sad!,2014-11-11 20:05:32+00:00,dollar,decrease,1.24799,1.24801,1.24792,1.24755
"My @greta int. discussing $25,000 gift to USMC Tahmooressi, Obama’s trip to China &amp, the 2014 election results http://t.co/qOhrBhgvxW",2014-11-11 18:18:59+00:00,dollar,no change,1.24744,1.24778,1.24827,1.24968
"It is my great honor to send $25,000 to Sgt. Andrew Tahmooressi. #marinefreed",2014-11-10 21:42:43+00:00,dollar,increase,1.24229,1.24234,1.24206,1.24258
We spent TWO TRILLION DOLLARS in Iraq and got NOTHING. Now we are going back and will again get NOTHING because our leaders are clueless!,2014-11-08 02:33:14+00:00,dollar,decrease,,,,
We should immediately stop sending our beautiful American tax dollars to countries that hate us and laugh at our President’s stupidity!,2014-11-07 19:22:00+00:00,dollar,decrease,1.24367,1.2435,1.24378,1.2454
"""""""@NeuroticKnight: @realDonaldTrump When are you going to put your cape on and come save this country??? We need you!!!""""""",2014-11-07 13:03:27+00:00,euro,decrease,1.23898,1.23902,1.23917,1.23918
"""""""@PGWELLMAN: You have influenced me to become an entrepreneur, I am still preparing my business plan. You're a good man, and thank you.""""""",2014-11-03 03:02:54+00:00,euro,increase,1.24808,1.24794,1.24811,1.24831
"""""""@kaiame: RT @eurgolf Beautiful vista over 18th hole at @TrumpScotland at Menie Estate. DonaldTrump #golf #Scotland http://t.co/Q6oQdAdiis""",2014-11-01 22:57:58+00:00,euro,increase,,,,
"Conde Nast Traveler Readers' Choice Awards, Best Resorts in Europe: Trump Int'l Hotel &amp, Golf Links Doonbeg voted #1. http://t.co/gayZAy2852",2014-10-29 20:43:14+00:00,euro,increase,1.26342,1.26328,1.26332,1.26334
Entrepreneurs: Keep an open mind! Business is a creative endeavor. There are always opportunities and possibilities.,2014-10-29 20:33:46+00:00,euro,increase,1.26352,1.2637,1.26342,1.26297
"Entrepreneurs: Look at the solution, not the problem. Learn to focus on what will give results.",2014-10-29 20:27:53+00:00,euro,increase,1.26365,1.2636,1.26371,1.26281
"The perfect getaway, @Trump_Ireland is Europe's most elite 5-star destination perfected with old-world luxury http://t.co/55F5MAd5wu",2014-10-28 13:34:24+00:00,euro,increase,1.27452,1.27488,1.27498,1.27386
"With our $250M in renovations, @TrumpDoral offers a wide array of courses restored to perfection http://t.co/6fYg5yyoym",2014-10-27 20:35:10+00:00,dollar,increase,1.27,1.26996,1.26986,1.26978
Congratulations @Trump_Ireland for being named #12 resort in Europe by the @CNTraveler #ReadersChoice2014 awards!,2014-10-27 19:14:33+00:00,euro,increase,1.27086,1.27084,1.27086,1.27043
There is ZERO margin for error on Ebola. Are we confident in Obama when he can’t even make a website for $5 Billion?,2014-10-24 20:17:51+00:00,dollar,decrease,1.26706,1.26706,1.26692,
Young entrepreneurs – always remember in negotiations that sometimes the best deal you make is the one you walk away from.,2014-10-15 19:29:55+00:00,euro,no change,1.27828,1.2795,1.27952,1.2844
"""""""@johnnydollar01: And people zinged Donald Trump for talking about Ebola. How is this Klain guy any more qualified?""""Actually, less qualified""",2014-10-19 10:09:46+00:00,dollar,decrease,1.27541,1.27541,1.27541,1.27541
"If you can’t see it, you can’t make it happen. Entrepreneurs, chase your dreams with resolute focus &amp, determination. Be positive!",2014-10-17 20:51:40+00:00,euro,increase,1.27568,1.27596,,
Our president could not make a proper website with $5B. The website still does not work. How can we feel safe about Ebola?!,2014-10-15 19:01:45+00:00,dollar,decrease,1.2774,1.2775,1.2783,1.28078
"""""""@nikkio:  Almost only counts in horse-shoes. He had to know statue of limitations was in play - yet he wasted tax payer $'s anyway?""""Fool AG""",2014-10-16 02:57:50+00:00,dollar,decrease,1.28314,1.28266,1.28256,1.28182
"So many problems in the U.S. and leadership that is hopeless...and now, on top of everything else, we just hit $18 trillion in debt!",2014-10-14 04:09:13+00:00,dollar,decrease,1.27176,1.27192,1.27198,1.2722
"Think of this: After we spent $2 trillion on Iraq, Baghdad is about to be taken over by ISIS.",2014-10-13 14:49:39+00:00,dollar,decrease,1.26884,1.26833,1.26806,1.26872
"""""""@leonapel: Some of my favorite entrepreneurs: @JCVenter @PeterDiamandis @elonmusk @peterthiel and @richardbranson @realDonaldTrump""""""",2014-10-11 04:31:53+00:00,euro,increase,,,,
"""""""@TMZ: Donald Trump Teaches Miss Pennsylvania a MILLION DOLLAR Lesson http://t.co/C4ethqeuPx""""""",2014-10-10 09:07:27+00:00,dollar,no change,1.2669,1.26748,1.26712,1.26721
Tens of millions of dollars in airstrikes had no impact because key leaders fled after hearing ON NEWS REPORTS the strikes were coming. DUMB,2014-10-10 08:25:01+00:00,dollar,decrease,1.26598,1.26603,1.26604,1.26652
"China has just overtaken us as the world’s largest economy. We are busy wasting $'s while China builds airports &amp, skyscrapers.",2014-10-08 21:09:10+00:00,dollar,decrease,1.27322,1.27322,1.27337,1.27326
"Entrepreneurs: See yourself as victorious. Look at the solution, not the problem.",2014-10-08 19:11:04+00:00,euro,no change,1.27212,1.27262,1.27256,1.27382
I can't believe Mitch McConnell isn't way up in the Kentucky polls. Massive seniority brings so much power and status to State. Brings K.$'s,2014-10-07 12:01:49+00:00,dollar,no change,1.26038,1.26113,1.26149,1.2615
"""""""@NaijaFlyingDr: @realDonaldTrump is one of my fav.entrepreneurs of all time"""" Thank you.""",2014-10-02 09:40:22+00:00,euro,increase,1.26365,1.2639,1.26403,1.26322
"Rated “#1 Resort in Europe” by @CNTraveler, @Trump_Ireland offers breathtaking golf &amp, the 5 Star Lodge at Doonbeg http://t.co/uwxhlqEcjn",2014-10-01 16:54:01+00:00,euro,increase,1.26111,1.26092,1.26116,1.26104
"""""""@CalebCCooper Reading DonaldTrump's """"The Art of the Deal"""" for my entrepreneurship class. So many cool stories and business lessons to learn""",2014-10-01 07:01:20+00:00,euro,increase,1.26212,1.26224,1.26212,1.25928
"With $250M of renovations, Trump Int'l DC’s 250 expansive guest rooms will be DC's top offering of amenities &amp, views http://t.co/fruEPjLajZ",2014-09-26 18:01:15+00:00,dollar,increase,1.26833,1.26843,1.26804,1.26812
"Why would the people of Kentucky want a rookie Senator– they have Sen. Mitch @McConnellPress who may be next Leader &amp, bring $’s to KY",2014-09-23 02:22:12+00:00,dollar,no change,1.28528,1.28503,1.28528,1.28546
"Entrepreneurs:  Believe in yourself. If you don't, no one else will either.",2014-09-16 15:29:20+00:00,euro,no change,1.29392,1.2939,1.29416,1.29912
"Entrepreneurs: Achievers move forward at all times. Achievement is not a plateau, it's a beginning.",2014-09-16 15:19:36+00:00,euro,increase,1.29393,1.29364,1.29392,1.2973
"I have nothing to do with Atlantic City-sold years ago (great timing). For losers and haters, I NEVER went bankrupt. Plus $10 billion, sorry",2014-09-13 23:54:43+00:00,dollar,decrease,,,,
"ObamaCare has cut workers’ pay by over $22B &amp, eliminated 350,000+ small business jobs http://t.co/AdsN1jVf7I Repeal before it's too late!",2014-09-12 20:12:43+00:00,dollar,decrease,1.295,1.29488,1.29494,
The ObamaCare website was hacked. $5B dollars later and the site can’t even secure your personal information.,2014-09-05 20:55:14+00:00,dollar,decrease,1.2953,,,
"China is going to complete 59 new theme parks by 2020, over $23B in expansion. That would take over 100 years in our country.",2014-09-05 20:42:58+00:00,dollar,no change,1.29512,1.29506,1.29518,
"Entrepreneurs: Do not view any failure as the final say for your efforts. Learn your lessons quickly, then move on.",2014-09-03 19:21:45+00:00,euro,no change,1.3145,1.31456,1.31442,1.3148
"Entrepreneurs:  See yourself as victorious: Look at the solution, not the problem.",2014-09-03 19:14:27+00:00,euro,no change,1.31428,1.3145,1.31496,1.31496
"Entrepreneurs: Never give up. Be tough. Apply your skills and talent, but above all, be tenacious.",2014-09-03 19:14:19+00:00,euro,increase,1.31428,1.3145,1.31496,1.31496
"Entrepreneurs: Keep the big picture in mind. There are always opportunities, and thinking too small can negate a lot of them.",2014-09-03 18:53:36+00:00,euro,increase,1.31474,1.3146,1.3144,1.31444
Entrepreneurs:  Put everything you've got into what you're doing. Know  exactly what you want and go for it.  Nothing should be haphazard.,2014-09-03 18:51:28+00:00,euro,increase,1.3149,1.31476,1.3145,1.31448
Treat yourself to the pinnacle of luxury public golf at @TrumpGolfLA’s white sand $250M premiere course http://t.co/L3a3vqrrSc,2014-09-03 13:08:44+00:00,dollar,increase,1.3147,1.31456,1.31452,1.31496
"Young entrepreneurs – be patient and continue to work with determination. With hard work, success will follow. Keep your focus!",2014-09-02 20:13:42+00:00,euro,increase,1.31308,1.31314,1.31324,1.31327
"Saudi Arabia should fight their own wars, which they won't, or pay us an absolute fortune to protect them and their great wealth-$ trillion!",2014-08-31 21:56:25+00:00,dollar,decrease,1.31286,1.31308,1.31324,1.31349
"Young entrepreneurs – be resolute in your drive for success. Gain momentum. Once you succeed, promote yourself!",2014-08-26 19:21:13+00:00,euro,increase,1.31773,1.3177,1.31759,1.31704
"With the record $200M renovations on track &amp, budget (a miracle in DC), Trump Int’l Washington DC is being built into a national marvel.",2014-08-26 18:48:07+00:00,dollar,increase,1.3174,1.31744,1.31739,1.31734
Via @chicagotribune by @bob_writes: “@TrumpChicago tower unit sets resale record at $3.99M” http://t.co/cAdCDUmg6d,2014-08-22 18:04:53+00:00,dollar,no change,1.32382,1.3238,1.32379,1.3247
"A 7,242 yd. masterpiece, @TrumpGolfLA’s $250 million course features 18 challenging holes with incredible views http://t.co/L3a3vqaoQc",2014-08-13 18:03:43+00:00,dollar,increase,1.33692,1.33685,1.3369,1.33687
"""""""@angelicaerazo_: @realDonaldTrump is a true entrepreneur indeed. Smart decision maker and a great leader. I admire you, Mr. Trump."""" Thanks!""",2014-08-12 23:07:06+00:00,euro,increase,1.33686,1.33686,1.33688,
Entrepreneurs: Resolve to be bigger than your problems. Who’s the boss?,2014-08-12 20:44:06+00:00,euro,no change,1.33678,1.3368,1.33687,1.33679
"Entrepreneurs:  Keep your momentum. Without momentum, a lot of great ideas go nowhere.",2014-08-12 20:42:59+00:00,euro,no change,1.33678,1.3368,1.33687,1.33679
"""""""@TheAme19: @realDonaldTrump @RedNationRising And the answer ISN'T Hillary or Pocahontas Warren for $300...""""""",2014-08-11 08:58:07+00:00,dollar,no change,1.33837,1.33862,1.33858,1.33882
Young entrepreneurs – remember quality and results are the key metrics to success.,2014-08-06 19:51:22+00:00,euro,increase,1.33808,1.33814,1.33786,1.33828
The $200M in renovations of Trump Int’l Washington DC are on track. The Old Post Office is being transformed into true luxury.,2014-08-05 18:07:46+00:00,dollar,increase,1.3374,1.3374,1.33732,1.33756
"So many lives and two trillion dollars wasted, and our worst enemies will get the 2nd largest oil reserves in the World. Such stupid leaders",2014-08-02 01:32:08+00:00,dollar,decrease,,,,
"With our weakened dollar, gas will continue to rise. Fracking is an answer to lowering energy costs.",2014-07-31 20:10:34+00:00,dollar,no change,1.33884,1.33884,1.3388,1.33892
"If Vera Coking had taken my millions of $’s like she should have, she would have lived for many years in Palm Beach, Florida.",2014-07-31 19:22:36+00:00,dollar,no change,1.33888,1.33874,1.33877,1.3388
"Vera Coking made a big mistake in Atlantic City by turning down many millions of $’s years ago for property that just sold for $530,000.",2014-07-31 19:21:03+00:00,dollar,decrease,1.3389,1.3388,1.33878,1.3388
"I say we cannot continue to let Obama fly around on Air Force 1, at a cost of millions of dollars a day, for the purpose of politics &amp, play!",2014-07-25 00:49:09+00:00,dollar,decrease,1.34668,1.34664,1.34655,1.34656
“Donald Trump: $200 Million D.C. Hotel Will Be Among World’s Best” http://t.co/C6UAYCkdhd via @WNEW,2014-07-24 16:36:32+00:00,dollar,increase,1.34659,1.3467,1.34683,1.34657
Less than 1% of Obama’s $4B immigration request will go towards immediate border security. A real scam. Enforce our laws now!,2014-07-24 13:23:23+00:00,dollar,decrease,1.34698,1.34675,1.34672,1.34694
.@jimmykimmel is terrific but for Obama to fly on Air Force One ($’s) to do the show in these bad times is ridiculous.,2014-07-21 20:45:29+00:00,dollar,decrease,1.35238,1.35238,1.35236,1.35234
"Congrats to Obama &amp, Democrats. CBO has just announced that ObamaCare missed its uninsured target by half &amp, program costs extra $700B+.",2014-07-17 16:22:35+00:00,dollar,increase,1.35218,1.35192,1.35208,1.35249
Obama claims that he needs an extra $4B to secure the border. Well then he should not have wasted $5B on the ObamaCare website.,2014-07-17 13:16:32+00:00,dollar,decrease,1.35322,1.35295,1.35312,1.35252
Refloating the Costa Concordia for many hundreds of millions of $'s is ridiculous. Should have taken it apart in small pieces - save fortune,2014-07-14 23:05:14+00:00,dollar,decrease,1.36208,1.36208,1.36215,
"If a person is #1 at Harvard and comes from Europe or Asia, they can't get into the U.S. From Mexico etc. with a criminal record, no problem",2014-07-10 23:15:56+00:00,euro,decrease,1.36056,1.36056,1.36044,
"When will the U.S. stop sending $'s to our enemies, i.e. Mexico and others.",2014-07-10 19:24:33+00:00,dollar,decrease,1.36052,1.3603,1.36032,1.3609
"Our gov’t should immediately stop sending $’s to Mexico, no friend, until they release Marine &amp, stop allowing immigrant inflow into U.S.",2014-07-10 16:28:39+00:00,dollar,decrease,1.35916,1.35936,1.3594,1.36003
Your tax dollars well spent. Over 1.295M ObamaCare enrollees will also be illegal immigrants http://t.co/VE85kBl3VT  Are you surprised?,2014-07-07 19:54:04+00:00,dollar,no change,1.3607,1.3607,1.36066,1.36046
"Historic Change! Obama has spent over $44M of our money on travel expenses, the most for any president http://t.co/cOu4hHarD4",2014-07-07 19:40:30+00:00,dollar,no change,1.36068,1.36058,1.36064,1.36059
"""""""@dgeurtt: Reading #ThinkLikeAChampion by @realDonaldTrump - THE MOST INSPIRATIONAL PERSON! Thank you Mr. Trump"""" Thank you.""",2014-07-07 12:00:47+00:00,euro,increase,1.35958,1.35942,1.3594,1.35927
"""""""@BackOnTrackUSA: @realDonaldTrump And we shouldn't help Iraq this time unless we get 2 $trillion in free oil, guaranteed in writing.""""""",2014-07-05 08:14:08+00:00,dollar,decrease,,,,
"After foolishly spending two trillion $'s and losing so many great young people, the U.S. will be the only one who won't get the oil in Iraq",2014-07-04 04:38:28+00:00,dollar,decrease,1.36076,1.36078,1.36084,1.36068
"""""""@michelleazulll: “@realDonaldTrump: Entrepreneurs: See yourself as victorious: Look at the solution, not the problem.”""""""",2014-07-02 02:57:37+00:00,euro,no change,1.36781,1.36781,1.36784,1.36774
"""""""@stevesipress: RT @realDonaldTrump: Entrepreneurs: Believe in yourself. If you don't, nobody  else will!""",2014-07-02 02:52:48+00:00,euro,no change,1.3678,1.36781,1.36781,1.36778
Entrepreneurs:  Stay focused and be tenacious. Remain fixed on your goals.,2014-07-01 14:49:34+00:00,euro,increase,1.36811,1.36794,1.36801,1.36807
"Entrepreneurs: Believe in yourself. If you don't, no one else will either.",2014-07-01 14:35:24+00:00,euro,no change,1.36886,1.36866,1.36814,1.36822
"Entrepreneurs: See yourself as victorious: Look at the solution, not the problem.",2014-07-01 14:33:41+00:00,euro,no change,1.36881,1.36876,1.36834,1.36824
"""""""I'm convinced that about half of what separates successful entrepreneurs from the non-successful ones is pure perseverance."""" Steve Jobs""",2014-07-01 13:47:24+00:00,euro,increase,1.36868,1.36826,1.36836,1.36831
"""""""@PIERPAOLOMONNI  Welcome back in Europe @realDonaldTrump! #Barcelona #Europe""""  Thank you.""",2014-06-27 20:30:17+00:00,euro,increase,1.36496,1.36504,1.3647,
"""Must read @nypost editorial on $40M NYC taxpayer settlement to Central Park Thugs -- """"Wilding for Profit""""  http://t.co/0gE8Jhipd7""",2014-06-23 18:06:29+00:00,dollar,no change,1.36032,1.36032,1.36044,1.36026
"How much money are the lawyers for the Central Park Five getting out of the 40 million dollars, or are they paid  by the City (or both)?",2014-06-22 11:16:12+00:00,dollar,no change,1.35946,1.35946,1.35946,1.35946
N.Y. City is paying FORTY MILLION DOLLARS to five men that many think are guilty as hell. So many facts -  should have been trial. Politics!,2014-06-22 11:08:28+00:00,dollar,decrease,1.35946,1.35946,1.35946,1.35946
"""""""@WhiteShaunwhite  I salute Your courage and work Sir! You possess All the Entrepreneurial and Leadership Qualities. Y not Run for President""",2014-06-22 08:17:35+00:00,euro,increase,1.35946,1.35946,1.35946,1.35946
Every day St. Maarten loses vital tourism dollars due to the incompetence of PM Sarah Westcot-Williams. @PrimeMinisterSX,2014-06-19 19:58:02+00:00,dollar,decrease,1.36038,1.36048,1.36034,1.36074
"Breaking ground shortly, Trump Int’l Washington DC will bring the DC Post Office far beyond its original grandeur http://t.co/sgxLK2Ca4V",2014-06-18 18:01:47+00:00,euro,increase,1.3581,1.3554,1.3568,1.3558
"""""""@BobLafleur1 @realDonaldTrump good job on @HowardStern you really are an inspiration you need your own radio show!""""  Thank you.""",2014-06-17 17:54:23+00:00,euro,increase,1.35404,1.354,1.3541,1.3542
"""""""@CharlieMaikis: @realDonaldTrump I completely agree with DT here. Pinehurst looks bad. I wouldn't pay $400 to play if it looked like that.""""""",2014-06-15 23:57:59+00:00,dollar,decrease,1.3536,,,
"""""""@foossh:@GolfDigestMag @realDonaldTrump he has a point, fairways should be green. Scruff can be as bad as you want. Wouldn't pay top dollar""",2014-06-15 22:40:11+00:00,dollar,decrease,1.35346,1.35326,1.35321,1.35345
"""""""@MarkMoreland: It's worse for @PinehurstResort. I know I wouldn't pay $400 to play what looks like a neglected municipal course.""""""",2014-06-15 22:31:54+00:00,dollar,decrease,1.3535,1.35342,1.3534,1.35329
"""""""@KenBlalock: I'm with @realDonaldTrump. #Pinehurst looks like Muni. &amp, until we run out of H2O? Would pay $400 2 play that?"""" No.""",2014-06-15 03:12:33+00:00,dollar,no change,1.35422,1.35422,1.35422,1.35422
"""""""@christinelu: Donald Trump gets over $1 million to speak. Tony Blair $600K. Rudy Giuliani $270K. A Greenspan $250K. http://t.co/Xbw7qFKZDi""""""",2014-06-15 02:43:24+00:00,dollar,no change,1.35422,1.35422,1.35422,1.35422
"I told all of the haters and losers long ago that Iraq would fall, take the OIL or get out fast! Massive waste of lives and trillions of $'s",2014-06-12 12:07:32+00:00,dollar,decrease,1.35256,1.35306,1.35288,1.35392
Iraq is falling apart fast - two trillion dollars and so many deaths - Bush got us in and Obama took far too long to get us out!,2014-06-12 01:32:24+00:00,dollar,decrease,1.35416,1.35426,1.35432,1.35398
Iraq is far worse and of more danger to the U.S. now than it ever was under Saddam Hussein - and this after $2 trillion and so many lives!,2014-06-11 02:27:02+00:00,dollar,decrease,1.35226,1.35225,1.35235,1.35274
"""""""@SchwabbieMan: @realDonaldTrump Amateurs... unfortunate but true.""""  True, our leader is clueless!""",2014-06-10 12:55:41+00:00,euro,decrease,1.35481,1.35467,1.35442,1.35526
"""""""@lpgranier: Thank you for coming to Louisiana &amp, bringing $$$! First with your incredible speech at RLC &amp, now Miss USA! You rock!"""" THANKS!""",2014-06-08 11:25:15+00:00,dollar,increase,1.36429,1.36429,1.36429,1.36429
"By the end of this year China will be the number one economic power on earth and the U.S. will owe 20 trillion dollars, much of it to China!",2014-06-08 11:23:46+00:00,dollar,increase,1.36429,1.36429,1.36429,1.36429
"US trade deficit hit $64B+ in April, 2 yr record high http://t.co/e5RuDJxexp We must do better. China is ripping us. Bring the jobs home!",2014-06-04 15:37:14+00:00,dollar,decrease,1.36212,1.3618,1.36194,1.36134
"“The entrepreneur’s ability to dream, to win, lose and win again and again is often called the entrepreneurial spirit.” – Midas Touch",2014-06-03 20:25:51+00:00,euro,increase,1.36276,1.36285,1.36294,1.36274
“The problem is that no government can create real jobs. Only entrepreneurs can do that.” – Midas Touch,2014-06-03 19:59:28+00:00,euro,decrease,1.36214,1.36234,1.36255,1.36266
Entrepreneurs: Keep your momentum going! It's a big factor in sustaining your success. Keep moving forward!,2014-06-02 21:11:35+00:00,euro,increase,1.3598,1.35979,1.35978,1.35978
"Entrepreneurs:  If you cannot handle the tough times, you will never be successful in business. Stay positive &amp, stay strong!",2014-06-02 20:14:15+00:00,euro,no change,1.35973,1.35976,1.35976,1.35988
"""""""@johnny4arizona: @realDonaldTrump A successful #Trump2016 bid would restore American exceptionalism, entrepreneurship, and leadership.""""""",2014-06-01 10:43:53+00:00,euro,increase,1.36368,1.36368,1.36368,1.36368
"Entrepreneurs: Be prepared and be tough. Cover your bases! There are a lot of ups and downs, but you can ride them out if you're prepared.",2014-05-28 20:57:13+00:00,euro,increase,1.35914,1.3592,1.35915,1.35933
"The Amateur. On his trip to Afghanistan, our commander-in-chief disclosed the CIA Chief’s name. Unsafe disaster! http://t.co/1mT4JGUghR",2014-05-27 21:11:21+00:00,euro,decrease,1.36347,1.36345,1.36348,1.36349
"What does.Obama know about the VA or business - nothing, just look at the five billion dollar ObamaCare website. We need a real leader!",2014-05-26 20:33:38+00:00,dollar,decrease,1.36462,1.36462,1.3646,1.36436
"The ObamaCare websites have cost over $5B &amp, many still do not work http://t.co/PlhYDjwPKA One of the greatest fiascos in modern history!",2014-05-23 18:26:09+00:00,dollar,decrease,1.36322,1.36312,1.36323,1.36326
"Terrible for the economy &amp, middle class, gas has now been over $3/gallon for a record 1,245 days http://t.co/3ACDKbzdCQ FRACK NOW &amp, FAST!",2014-05-23 18:10:47+00:00,dollar,decrease,1.36304,1.36308,1.3632,1.36316
"""""""@WusongTweet: @pand @realDonaldTrump Trump may be the best entrepreneur. Thinking Big and he is also creative, tenacious &amp, loves his work.""""""",2014-05-23 12:10:05+00:00,euro,increase,1.36294,1.36316,1.36304,1.36296
Entrepreneurs: Do your best to your utmost ability every day. Make that your standard.,2014-05-20 20:50:51+00:00,euro,increase,1.37012,1.37015,1.36998,1.36988
Entrepreneurs:  See yourself as victorious--and the best way to be victorious is to be passionate. Find something you love doing!,2014-05-19 19:46:17+00:00,euro,increase,1.37086,1.37096,1.37097,1.371
Entrepreneurs:  Stay focused and be tenacious. Pay attention to people who know what they're talking about. Stay fixed on your goals!,2014-05-19 19:43:29+00:00,euro,increase,1.37108,1.37096,1.37098,1.3709
"Entrepreneurs: Get a momentum going. Listen, apply, then move forward. Do not procrastinate. See opportunity as the perk that it is.",2014-05-19 19:39:15+00:00,euro,increase,1.37106,1.37098,1.37098,1.37098
"Young entrepreneurs –  Remember that your first deals are the most important of your career. Win &amp, gain confidence.",2014-05-08 18:08:03+00:00,euro,increase,1.38542,1.38574,1.38549,1.3853
"Won $5,000,000 against Miss Pennsylvania, Sheena Monnin, for her terrible and untrue statements about Miss USA Pageant. Not a nice person!",2014-05-07 13:13:40+00:00,dollar,decrease,1.39277,1.39282,1.39309,1.39306
Just had a great legal victory in Ft. Lauderdale -- won trial --  now will receive tremendous $ in legal fees from losers. Love it!,2014-05-06 14:16:52+00:00,dollar,increase,1.39338,1.39334,1.39338,1.39316
"""""""@JayRit @realDonaldTrump Reading an all time favorite TRUMP The Art of The Deal! Must read for the go getter make it happen Entrepreneurs!""""""",2014-05-03 23:04:43+00:00,euro,increase,,,,
"Have a great weekend everyone and for those of you that are young entrepreneurs, have fun but never stop thinking of the task ahead- victory",2014-05-03 12:07:38+00:00,euro,increase,,,,
"Young Entrepeneurs: Think Big, Stay Motivated &amp, Always Remain Confident. The Sky is the Limit.",2014-04-28 21:04:50+00:00,euro,increase,1.38514,1.38512,1.38526,1.38502
"""""""@spabusinessmag: .@realDonaldTrump to create US$200m hotel &amp, spa in The Old Post Office, Washington DC http://t.co/iSSlYTWmTe""",2014-05-02 09:47:15+00:00,dollar,no change,1.38596,1.38584,1.38569,1.38608
Obama’s 2014 budget “eyes $1 trillion hike in tax revenue” http://t.co/9xUS7oPepE He loves taxes. T-E-A. Taxed Enough Already.,2014-04-28 19:58:47+00:00,dollar,no change,1.385,1.38492,1.38507,1.38514
"""""""@JonathanAFrye: Passion is the start, confidence, vision &amp, focus are the steps, &amp, resilience is the last mile to entrepreneurial success.""""""",2014-04-27 19:57:55+00:00,euro,increase,1.38452,1.38452,1.38452,1.38452
"If you have passion, confidence, resilience, &amp, vision, you could become an entrepreneur. Add focus to the list &amp, you're off to a good start",2014-04-25 18:59:18+00:00,euro,increase,1.38368,1.38374,1.38374,1.38345
"After thousands lost and spending two trillion dollars, Iraq (I told you so) is imploding. Really dumb pols put us and kept us there-so sad!",2014-04-22 08:50:24+00:00,dollar,decrease,1.38062,1.38072,1.38072,1.38034
"""""""@GeneralTso316: @realDonaldTrump I have two of your ties and they are better quality than ties I own that cost $125."""" At Macy's, great.""",2014-04-19 01:42:31+00:00,dollar,increase,,,,
"""Entrepreneurs:  Ask yourself """"is this a blip or is it a catastrophe?"""" and your equilibrium will be kept in check if/when hard times hit.""",2014-04-17 20:05:41+00:00,euro,no change,1.38133,1.38123,1.38126,1.38155
Entrepreneurs:  Have your own vision and stick with it. Don’t be afraid to be unique. Don’t tread water--get out there and go for it.,2014-04-16 19:45:41+00:00,euro,increase,1.38136,1.38145,1.38158,1.38156
"Entrepreneurs: Identify your goals, know precisely what you want to achieve. Then study the best people in your field and learn from them.",2014-04-16 19:03:38+00:00,euro,increase,1.38202,1.38174,1.38164,1.38167
Entrepreneurs--Always remember that every day counts. Stay focused. Stay positive and develop momentum.,2014-04-16 18:35:12+00:00,euro,increase,1.38228,1.38217,1.38218,1.38148
"""""""I'm convinced that about half of what separates successful entrepreneurs from the non-successful ones is pure perseverance.""""--Steve Jobs""",2014-04-15 15:09:44+00:00,euro,increase,1.38192,1.38164,1.38172,1.38118
"""Entrepreneurs, keep this in mind:""""Great spirits have always encountered violent opposition from mediocre minds."""" -- Albert Einstein""",2014-04-10 19:56:28+00:00,euro,no change,1.38865,1.38844,1.38876,1.38875
"Entrepreneurs, always remember that every business relationship can lead to greater deals in the future. Be sure to cultivate relationships",2014-04-10 19:53:39+00:00,euro,increase,1.38883,1.38852,1.38851,1.3887
"Haters and losers say I wear a wig (I don't), say I went bankrupt (I didn't), say I'm worth $3.9 billion (much more). They know the truth!",2014-04-05 21:02:05+00:00,dollar,decrease,,,,
"""""""@nikkio:  6 BILLION $'s goes missing from State dept -Where's the outrage? If u were Prez- they'd find it fast http://t.co/mCmL2bg3P6""""""",2014-04-05 10:11:40+00:00,dollar,decrease,,,,
"""""""@__HotDawgs  @realDonaldTrump hey can we get a shout out for a start up company in our Entrepreneurship class"""" Work hard and good luck!""",2014-04-04 16:04:47+00:00,euro,increase,1.37,1.37054,1.37056,1.37032
Entrepreneurs: Watching you could be the motivation for your employees.Make it an example that will best serve the success of your business.,2014-04-02 17:44:26+00:00,euro,increase,1.3763,1.37652,1.37637,1.37595
"Entrepreneurs: Pay attention to details. If you don’t know everything about what you’re doing, you'll be in for some big surprises.",2014-04-02 17:40:30+00:00,euro,no change,1.37628,1.37632,1.37646,1.37597
Entrepreneurs: Be cautiously optimistic.  Call it positive thinking with a lot of reality checks.,2014-04-02 17:36:32+00:00,euro,increase,1.37632,1.3764,1.37652,1.37591
"""""""@DrewHutch13  w/ you on those windmills my man!! Waste of $$$, time and other resources."""" @AlexSalmond @AberdeenCC""",2014-03-31 21:55:43+00:00,dollar,decrease,1.37738,1.37736,1.37728,1.37732
"To all young (and old) entrepreneurs: Believe in yourself, talk yourself up! Energize yourself and you'll energize others.",2014-03-28 19:55:46+00:00,euro,increase,1.37546,1.37548,1.37543,1.37525
"Entrepreneurs:  Believe in yourself. If you don’t, no one else will either. Realize that becoming an entrepreneur is not a group effort.",2014-03-28 18:27:52+00:00,euro,no change,1.37528,1.37505,1.37512,1.37498
Entrepreneurs:  Another question to ask yourself—“What am I pretending not to see?” There may be great opportunities right around you.,2014-03-28 18:27:12+00:00,euro,increase,1.37528,1.37505,1.37512,1.37498
For Entrepreneurs: A good question to ask yourself –“What can I provide that does not yet exist?”,2014-03-28 18:26:27+00:00,euro,no change,1.37532,1.3752,1.375,1.375
"""""""@AlexandraCMauro @realDonaldTrump any books you suggest for young entrepreneurs?"""" Midas Touch is excellent &amp, written for entrepreneurs.""",2014-03-27 21:05:11+00:00,euro,increase,1.37418,1.37406,1.37417,1.3742
"""""""@ScutPls  @realDonaldTrump tweets the best quotes. Perfect motivation for an aspiring entrepreneur."""" Thank you.""",2014-03-27 13:12:29+00:00,euro,increase,1.37619,1.37575,1.37576,1.37692
"""""""@BrownsMakeMeUgh: It's very important that he fills out his March Madness bracket on SportsCenter while Putin takes over eastern Europe""""""",2014-03-20 02:02:43+00:00,euro,no change,1.38274,1.38267,1.38266,1.38323
"""""""Entrepreneurs who develop their Midas Touch do not work for money. They work to create or acquire assets. Focus on assets."""" -- Midas Touch""",2014-03-19 18:51:32+00:00,euro,no change,1.38386,1.3843,1.38304,1.38296
"I just beat a lawyer from Yale and a lawyer from Harvard, who teamed up against me, in a major case worth millions ($). They were so dumb!",2014-03-13 16:47:16+00:00,dollar,decrease,1.3916,1.39072,1.39036,1.38656
"Wow, the two highest apartment rentals in all of 2013 were at Trump Park Avenue—each one = $100,000 per month http://t.co/cMAV5TDlas",2014-03-12 21:39:14+00:00,dollar,increase,1.39056,1.39048,1.39032,1.39012
"With the complete Ft. Lauderdale victory, I will now sue for millions of $’s in attorney fees for which plaintiffs are liable.",2014-03-12 16:10:55+00:00,dollar,decrease,1.38998,1.39038,1.39083,1.39134
"""""""@dollarmana: @realDonaldTrump. Not sure what was more impressive today....Tiger Woods making 8 birdies or your golf course.""""""",2014-03-09 02:57:36+00:00,dollar,no change,1.38759,1.38759,1.38759,1.38759
"""""""@KEEMSTARx: If @realDonaldTrump was president, middle class would make more $. I honestly think he could keep Jobs in America! So true-easy""",2014-03-04 03:19:54+00:00,dollar,increase,1.37294,1.37285,1.37294,1.37298
This is Amateur Night - who the hell is in charge of this production? #Oscars,2014-03-03 04:25:12+00:00,euro,decrease,1.37774,1.37772,1.37783,1.37824
"""""""@Ehab_Eassa:  Most don't know the Chinese float the yuan at an arbitrary ratio to the US dollar.They will screw us as long as we allow!""""""",2014-03-01 11:37:52+00:00,dollar,decrease,,,,
"""""""@metrolinkFAILS                              @KieranLalor Mr Trump it's called Envy. Easy as that."""" But so much $$ is raised for charity.""",2014-02-25 21:33:01+00:00,dollar,no change,1.37416,1.37422,1.37447,1.3746
"To aspiring entrepreneurs: Be tenacious. Once you've decided on your goals, remain fixed on them. Set the bar high!",2014-02-25 19:52:45+00:00,euro,increase,1.37418,1.3743,1.37422,1.37389
To aspiring entrepreneurs:  Be ready for problems. You'll have them every day. So remember to look at the solution--not the problem.,2014-02-25 17:52:41+00:00,euro,no change,1.37504,1.37517,1.37508,1.37447
To aspiring entrepreneurs:  Trust your instincts. They are there for a reason.,2014-02-25 17:43:04+00:00,euro,increase,1.37491,1.37506,1.37512,1.37466
To aspiring entrepreneurs:  Be focused! Know your goals. Put everything you've got into what you're doing--every single day.,2014-02-25 17:40:35+00:00,euro,increase,1.37502,1.37492,1.37514,1.37454
"Iraq buying $200,000,000 worth of weapons from Iran. Despite so many killed and trillions spent, Iraq dumps U.S. I TOLD YOU SO LONG AGO!",2014-02-25 00:15:49+00:00,dollar,decrease,1.37339,1.37336,1.37334,1.37364
Entrepreneurs: Keep your momentum. See yourself as victorious and leading a winning team. Keep everyone moving forward.,2014-02-24 16:42:20+00:00,euro,increase,1.37394,1.37392,1.37396,1.37378
Entrepreneurs:  Don't expect anyone to be on your side. Sometimes we're all in this alone. So believing in yourself is mandatory.,2014-02-24 16:38:23+00:00,euro,no change,1.3739,1.37388,1.37396,1.37382
"Entrepreneurs:  Everything starts with you. Leadership is not a group effort--if you're in charge, then be in charge.",2014-02-24 16:33:53+00:00,euro,increase,1.37453,1.3739,1.37388,1.37379
"Whether you like it or not, the Russians did a great job in hosting the Olympics! Remember when Obama went to Europe to get Olympics-fourth.",2014-02-24 13:38:30+00:00,euro,increase,1.37246,1.37232,1.37234,1.37246
"Isn't it crazy, I'm worth billions of dollars, employ thousands of people, and get libeled by  moron bloggers who can't afford a suit! WILD.",2014-02-19 13:14:21+00:00,dollar,decrease,1.3746,1.37485,1.37468,1.3745
"It's not climate change,it's global warming.Don't let the dollar sucking wiseguys change names midstream because the first name didn't work",2014-02-18 00:38:39+00:00,dollar,decrease,1.36982,1.36962,1.36976,1.36978
Massive record setting  snowstorm and freezing temperatures in U.S. Smart that GLOBAL WARMING hoaxsters changed name to CLIMATE CHANGE! $$$$,2014-02-05 10:57:14+00:00,dollar,decrease,1.35138,1.35096,1.35116,1.35174
"""""""Realize that an entrepreneur's most important gift to the world is jobs, security, and well-being for others."""" - Midas Touch""",2014-02-04 21:48:03+00:00,euro,increase,1.35172,1.35156,1.35182,1.35132
"""""""Chance favors the prepared mind.""""-- Louis Pasteur""",2014-02-03 21:53:45+00:00,euro,no change,1.35304,1.35281,1.35277,1.35269
The weather has been so cold for so long that the global warming HOAXSTERS were forced to change the name to climate change to keep $ flow!,2014-01-29 06:36:45+00:00,dollar,decrease,1.366,1.36616,1.3657,1.3666
"For entrepreneurs, ignorance is not bliss. It's fatal. It's costly. And it's for losers. You either get organized, or get crushed.",2014-01-27 19:14:53+00:00,euro,decrease,1.36714,1.36705,1.36708,1.36676
Any and all weather events are used by the GLOBAL WARMING HOAXSTERS to justify higher taxes to save our planet! They don't believe it $$$$!,2014-01-26 21:40:33+00:00,dollar,decrease,1.36774,1.36774,1.36774,1.36803
Department of Homeland Security has spent $3.5 billion dollars building their new headquarters and is years late and billions over budget!,2014-01-16 13:35:06+00:00,dollar,decrease,1.36212,1.36176,1.36312,1.36398
"""""""@Raj_Tut: I'm 22... my company @TutandTut owns $6 million worth of multi-family properties... I started because of you... any advice?""""Great""",2014-01-09 02:42:03+00:00,dollar,increase,1.35742,1.35744,1.35772,1.35802
Entrepreneurs: Set the example and you'll be a magnet for the right people. Great leaders determine the teams they assemble.,2014-01-06 20:12:19+00:00,euro,increase,1.36346,1.36336,1.36334,1.36365
Entrepreneurs are visionaries in some respects--they look beyond the present. Keep that in mind when looking for opportunities.,2014-01-02 18:27:54+00:00,euro,increase,1.36715,1.36736,1.3673,1.3667
I would feel sorry for @JebBush and how badly he is doing with his campaign other than for the fact he took millions of $'s of hit ads on me,2015-12-31 15:07:18+00:00,dollar,decrease,1.08876,1.08836,1.08816,1.08623
"""People ask, """"why do you tweet and re-tweet to millions about @JebBush when he is so low in the polls?"""" Because of his big $ hit ads on me!""",2015-12-31 10:04:36+00:00,dollar,decrease,1.09222,1.09243,1.09102,1.09166
".@JebBush has spent  $63,000,000 and is at the bottom of the polls. I have spent almost nothing and am at the top. WIN!  @hughhewitt",2015-12-31 05:10:16+00:00,dollar,no change,1.0933,1.09324,1.09314,1.0927
"So, I have spent almost nothing on my run for president and am in 1st place. Jeb Bush has spent $59 million &amp, done. Run country my way!",2015-12-29 14:39:30+00:00,dollar,no change,1.09307,1.09318,1.09309,1.0928
"My campaign for president is $35,000,000 under budget, I have spent very little (and am in 1st place).Now I will spend big in Iowa/N.H./S.C.",2015-12-29 14:33:51+00:00,dollar,no change,1.09262,1.09308,1.09316,1.09276
A new terror warning was issued for European cties. At what point do we say we have had enough and get really tough and smart. Weak leaders!,2015-12-26 22:27:17+00:00,euro,decrease,,,,
Remember when failed candidate @JebBush said that illegals came across the border as AN ACT OF LOVE? He's spent $59 million and is at 3%.,2015-12-25 20:24:41+00:00,dollar,decrease,,,,
"Poor @JebBush spent $50 million on his campaign, I spent almost nothing. He's bottom (and gone), I'm top (by a lot). That's what U.S. needs!",2015-12-24 20:10:14+00:00,dollar,decrease,,,,
.@JebBush just took millions of $'s in special interest money to look like a tough guy. Will never work!,2015-12-22 21:20:33+00:00,dollar,decrease,1.09538,1.09554,1.09543,1.09524
"""As I have been saying. Only the beginning: """"ISIS Suspects Arrested in Turkey, 150 European Passports Seized."""" https://t.co/55NWoy7OHG""",2015-12-18 16:45:10+00:00,euro,decrease,1.08406,1.08459,1.08446,1.08409
#ISIS is making $400M/year on oil. I have been saying it for years. We need to bomb the oil! https://t.co/vObIAhilWs https://t.co/teKBaKdXzK,2015-12-18 04:09:33+00:00,dollar,decrease,1.08403,1.08392,1.08452,1.08508
""".@MarkHalperin I totaly won the RJC meeting yesterday. Know many members who said """"not even close."""" Only FULL standing O. But don't want $'s""",2015-12-04 10:18:32+00:00,dollar,no change,1.08816,1.0878,1.08752,1.0867
It was recently reported that 3rd rate $ losing @Politico is a foil for the Clintons. Questions given to Clinton in advance. No credibility.,2015-12-03 19:31:13+00:00,dollar,decrease,1.09533,1.09607,1.09553,1.09524
The dopes at the @nytimes bought the Boston Globe for $1.3 billion and sold it for $1.00. Their great old headquarters-gave it away! So dumb,2015-11-26 01:35:50+00:00,dollar,decrease,1.06195,1.06202,1.06203,1.06176
"To show you how politicians act, Bobby Jindal spent $1,000 to register in New Hampshire &amp, dropped out the next day. Such a waste!",2015-11-21 14:35:20+00:00,dollar,decrease,,,,
Kasich has already spent $6 million on ads in New Hampshire and his numbers have gone down. People from NH are smart!,2015-11-20 01:06:15+00:00,dollar,decrease,1.07129,1.07112,1.07118,1.0716
"Governor Kasich, whose failed campaign &amp, debating skills have brought him way down in the polls, is going to spend $2.5 million against me.",2015-11-20 01:04:55+00:00,dollar,decrease,1.0713,1.07131,1.07124,1.07171
.@KarlRove is a biased dope who wrote falsely about me re China and TPP. This moron wasted $430 million on political campaigns and lost 100%,2015-11-12 15:00:34+00:00,dollar,decrease,1.08077,1.07813,1.0767,1.07572
"""""""@derekcarlson: DonaldTrump turned a $1 Million loan into $10 Billion. That's like you turning a $1,000 loan into $10 Million. CouldYouDoIt?""",2015-10-29 13:58:42+00:00,dollar,decrease,1.09582,1.096,1.09534,1.09648
"""""""@ron_fournier: .@realDonaldTrump rightly denounces Super PAC-driven campaign $ system. Another example of how DC deserves this guy"""" Great!""",2015-10-25 13:55:58+00:00,dollar,increase,1.10044,1.10044,1.10044,1.10044
"""""""@MiamiHerald: For Donald Trump, South Florida makes it rain — dollars, that is https://t.co/E1zMC3kism https://t.co/nz5QTpsktk"""" Very nice""",2015-10-22 23:43:37+00:00,dollar,increase,1.10744,1.10797,1.10796,
"""""""@howddyd: @FoxNewsSunday @realDonaldTrump is correct u can't allow 1 woman 2 fain luv of house 2 get more $$$ holding up huge #'s of jobs.""""""",2015-10-18 22:18:33+00:00,dollar,no change,1.13552,1.13571,1.13568,1.13554
Sheldon Adelson is looking to give big dollars to Rubio because he feels he can mold him into his perfect little puppet. I agree!,2015-10-13 10:46:46+00:00,dollar,increase,1.13702,1.13747,1.1378,1.13832
"Someone should inform @CNN that, despite spending millions of $'s on graphics, it is not the Democratic Debate, rather the Democrat (s) D!",2015-10-13 09:49:36+00:00,dollar,decrease,1.13888,1.13868,1.1386,1.13748
"""""""@Women4Trump  MSM cut off intro of Trump in LV where we were told he just gave $20 million to St. Jude's Charity http://t.co/WNfBUWk17w ...""",2015-10-09 19:38:37+00:00,dollar,no change,1.1355,1.1356,1.13529,1.13577
Crooked @club4growth has given up advertising in Iowa on me—remember they wanted my million dollars—I said no—total frauds!,2015-10-06 15:16:47+00:00,dollar,decrease,1.12604,1.1259,1.12687,1.12665
"The polls are really looking good—#1 everywhere despite all lobbyist &amp, special interest $ being spent against me. I’m turning down millions.",2015-09-15 18:00:34+00:00,dollar,increase,1.12672,1.12704,1.12726,1.12722
.@club4growth asked me for $1 million. I said no. Now falsely advertising that I will raise taxes. I’ll lower big league for middle class.,2015-09-15 17:47:53+00:00,dollar,decrease,1.12679,1.12672,1.1264,1.12784
"""Little respected Club For Growth asked me for $1,000,000 - I said """"NO"""". Now they are spending lobbyist and special interest money on ads!""",2015-09-15 15:15:27+00:00,dollar,decrease,1.12672,1.12744,1.12667,1.12688
"Congrats to my friend @Schwarzenegger who is doing next season’s  Celebrity Apprentice. He'll be great &amp, will raise lots of $ for charity.",2015-09-14 16:39:14+00:00,dollar,increase,1.13088,1.1311,1.13082,1.13122
"""Via @USATODAY- """"Amateur hour with the Iran nuclear deal"""" http://t.co/vdLxPLPj7i""",2015-09-08 23:27:47+00:00,euro,no change,1.12147,1.12129,1.12114,
"""""""@soz58: @realDonaldTrump @BOB_EWASHINGTON @club4growth it's good to show the public such things,a lot of nerve to ask for a million dollars""",2015-09-07 00:50:16+00:00,dollar,no change,1.11718,1.11695,1.11646,1.11518
"""""""@TheUSDesigns: @seanhannity WOW! Here is letter that mafia organization of extortion, Club for Growth, sent  http://t.co/23mmupZcLw""""""",2015-09-07 00:49:00+00:00,dollar,decrease,1.11724,1.11686,1.11664,1.11504
"""""""@jackson3pack: @realDonaldTrump @BOB_EWASHINGTON @club4growth Wow. So disengenuos in asking for a million dollars! Like its no big deal.""""""",2015-09-07 00:47:06+00:00,dollar,no change,1.11736,1.11698,1.11635,1.11516
"""""""@1ns1de_J9b: @realDonaldTrump @club4growth  Borderline extortion scam. They would have used your $1M to extract """"donations"""" from others""""""",2015-09-07 00:43:32+00:00,dollar,decrease,1.1168,1.11736,1.11698,1.11501
".@club4growth should release the letter they sent me asking for $1,000,000. When I said no, they came out against me. A scam operation?",2015-09-07 00:28:21+00:00,dollar,decrease,1.11656,1.1173,1.11718,1.11605
"The phony Club For Growth, which asked me in writing for $1,000,000 (I said no), is now wanting to do negative ads on me. Total hypocrites!",2015-09-06 20:11:43+00:00,dollar,decrease,1.11632,1.11632,1.11632,1.11618
"""Just announced that because of """"Trump"""", advertising rates for debate on @CNN are going from $5000 to $200,000, a 4000% increase.PAY CHARITY?""",2015-09-05 12:28:21+00:00,dollar,no change,,,,
"When I intelligently turned down The Club For Growth crazy request for $1,000,000, they got nasty.What a waste of money that would have been",2015-09-02 02:15:06+00:00,dollar,decrease,1.12736,1.12686,1.12694,1.12858
"The president of the pathetic Club For Growth came to my office in N.Y.C. and asked for a ridiculous $1,000,000 contribution. I said no way!",2015-09-02 02:05:52+00:00,dollar,decrease,1.12686,1.12738,1.12736,1.12872
Why does @oreillyfactor and @FoxNews always have Karl Rove on. He spent $430 million and lost ALL races. A dope who said Romney won election,2015-09-02 00:49:55+00:00,dollar,decrease,1.12766,1.12716,1.12672,1.12756
"I’m turning down millions of dollars of campaign contributions—feel totally stupid doing so, but hope it is appreciated by the voters.",2015-09-01 20:07:25+00:00,dollar,decrease,1.12975,1.13061,1.13082,1.13186
"Jeb is spending millions of dollars on “hit” ads funded by lobbyists &amp, special interests. Bad system.",2015-09-01 15:56:44+00:00,dollar,decrease,1.12614,1.12588,1.12648,1.12702
"""""""@CodyShirk @genemarks @Entrepreneur @realDonaldTrump Because he speaks &amp, acts like a real person, not like a slimy, calculated politician.""""""",2015-08-25 15:15:47+00:00,euro,no change,1.14131,1.14041,1.14031,1.14207
Via Int'l Business Times: Jeb Bush Got $1.3M Job at Lehman After Florida Shifted Pension Cash To Bank. http://t.co/UbprPUWHQ9,2015-08-24 18:29:32+00:00,dollar,no change,1.15641,1.15558,1.15536,1.15868
"""""""@John832TheTruth: @FrankLuntz your focus groups are rigged and your company ran out of $ in 2011. KEEP SPEAKING THE TRUTH! TRUMP 2016!♡""""""",2015-08-08 02:14:21+00:00,dollar,decrease,,,,
"""""""@FoxNews: @realDonaldTrump: “When you have $18-$19 trillion in debt, they need someone like me to straighten it out"""" http://t.co/hTUJ35ja0Q""",2015-08-07 05:12:03+00:00,dollar,decrease,1.09226,1.09218,1.09216,1.09129
"""""""@AmyMek The Media hates Trump b/c he's a Proud American Entrepreneur who loves his country, wants others 2 succeed &amp, calls out their lies""""""",2015-07-27 21:13:12+00:00,euro,decrease,1.10924,1.10914,1.10916,1.10899
"""""""@SilverSharen: Obama is in Africa pledging 1billion dollars to help them. How about that money to help America. Trump for POTUS.""""""",2015-07-27 01:30:06+00:00,dollar,no change,1.09882,1.09885,1.09914,1.10004
"""""""@fedupwithgovern: Congress Can't Find Money for Veterans *Houses, Feeds, Educates, Provide Drs for illegals *Gives Iran over $200 Billion""""""",2015-07-23 09:07:18+00:00,dollar,decrease,1.09884,1.09868,1.09858,1.09955
"""""""@HL3tweets: McCain epitomizes the career politicians who have gotten us into our $19 TRILLION train-wreck, including the VA debacle.""""""",2015-07-20 01:28:57+00:00,dollar,decrease,1.08318,1.08251,1.08248,1.08262
"The $10 billion (net worth) is AFTER all debt and liabilities. So simple to understand but @CNN &amp, @CNNPolitics is just plain dumb!",2015-07-18 14:03:49+00:00,dollar,decrease,,,,
"""""""@JoeyCarna: @realDonaldTrump if you don't win I'm moving to Europe."""" We will all win together!""",2015-07-18 03:58:44+00:00,euro,increase,,,,
"Dopey @Lawrence O’Donnell, whose unwatchable show is dying in the ratings, said that my Apprentice $ numbers were wrong. He is a fool!",2015-07-16 19:49:24+00:00,dollar,decrease,1.08764,1.08773,1.08774,1.08768
.@KarlRove wasted $400 million + and didn’t win one race—a total loser. @FoxNews,2015-07-16 15:02:34+00:00,dollar,decrease,1.08998,1.08957,1.08912,1.08968
"Why do people listen to clown @KarlRove on @FoxNews? Spent $430M &amp, lost all races—a Bushy!",2015-07-15 15:01:37+00:00,dollar,decrease,1.0952,1.0962,1.0962,1.09616
Mexico’s totally corrupt gov’t looks horrible with El Chapo’s escape—totally corrupt. U.S. paid them $3 billion.,2015-07-13 16:21:40+00:00,dollar,decrease,1.10301,1.10288,1.10308,1.1009
"....likewise, billions of dollars gets brought into Mexico    through the border. We get the killers, drugs &amp, crime, they get the money!",2015-07-13 10:53:14+00:00,dollar,decrease,1.10734,1.10654,1.10689,1.10669
Jeb Bush just announced he raised over $100M. Everyone of those people who contributed are getting something to the detriment of America!,2015-07-10 14:51:31+00:00,dollar,decrease,1.11667,1.11689,1.1176,1.11498
"You mean George Bush sends our soldiers into combat, they are severely wounded, and then he wants $120,000 to make a boring speech to them?",2015-07-09 12:09:13+00:00,dollar,decrease,1.1058,1.10528,1.10552,1.10376
"Jeb's brother George insisted on a $100,000 fee and $20,000 for a private jet to speak at a charity for severely wounded vets. Not nice!",2015-07-09 11:25:43+00:00,dollar,decrease,1.10534,1.10537,1.10556,1.10531
We must restore the entrepreneurial spirit of our country. A small business boom. Let’s Make America Great Again! https://t.co/u25yI5T7E8,2015-07-07 23:29:50+00:00,euro,increase,1.10082,1.10097,1.10102,
"""""""@bdean1: If I had a dollar for every time a politician lied, i'd be as rich as @realDonaldTrump I'm happy as hell he's running! #Trump2016""""""",2015-07-07 04:08:08+00:00,dollar,decrease,1.10356,1.1033,1.10338,1.10319
"""""""@JewNamedLew: @realDonaldTrump @Macys to pay $650,000 settlement over racial profiling... http://t.co/bT6S8F9NnK""""  Boycott Macy's.""",2015-07-02 11:40:03+00:00,dollar,decrease,1.10703,1.10749,1.10738,1.10941
"Interesting that @Macys criticized me but just paid $650,000 in fines for racial profiling. Are they racists?",2015-07-01 21:10:58+00:00,dollar,decrease,1.10526,1.10523,1.10536,1.1055
"""""""@jacobmathews: @realDonaldTrump @jamalwms45 @HowardKurtz @johnnydollar01 @megynkelly I like Donald for his no fear tell the truth attitude.""",2015-06-30 00:16:25+00:00,dollar,increase,1.12166,1.12162,1.12132,1.11946
"""""""@jamalwms45: @HowardKurtz @johnnydollar01 @megynkelly For the remark Trump made on dumping NBC, I'll vote for @realDonaldTrump""""""",2015-06-30 00:10:11+00:00,dollar,no change,1.12127,1.12157,1.12164,1.11966
"Saudi Arabia should be paying the United States many billions of dollars for our defense of them. Without us, gone!  @AlWaleedbinT",2015-06-29 11:40:38+00:00,dollar,decrease,1.11142,1.11193,1.11072,1.11183
"""""""@KEEMSTARx: Wait Mhndz,  you have 5 mins to prove to me that @realDonaldTrump """" doesn't support the latinos """" if u do i'll paypal u $1k.""""""",2015-06-29 11:10:19+00:00,dollar,decrease,1.11174,1.11168,1.1109,1.11233
"""""""@joseangelSP500: @realDonaldTrump Trump for President! TRUMP2016!""""""",2015-06-28 12:41:02+00:00,sp500,increase,2069.0,2069.0,2069.0,2069.0
"For the nonbeliever, here is a photo of @Neilyoung in my office and his $$ request—total hypocrite. http://t.co/Xm4BJvetIa",2015-06-24 21:01:34+00:00,dollar,decrease,1.12058,1.12008,1.12041,1.12018
".@Neilyoung A few months ago Neil Young came to my office looking for $$ on an audio deal &amp, called me last week to go to his concert. Wow!",2015-06-24 20:52:20+00:00,dollar,increase,1.12052,1.12049,1.12061,1.12034
Entrepreneurs: Brainpower is the ultimate leverage. Don't underestimate yourself or your possibilities.,2015-06-22 19:03:04+00:00,euro,increase,1.13374,1.13394,1.13414,1.1339
"Entrepreneurs: Be tough, be smart, be personable, but don't take things personally. That's good business.",2015-06-22 18:46:14+00:00,euro,increase,1.1342,1.1341,1.13422,1.13412
Entrepreneurs: Negotiation is an art. Treat it like one.,2015-06-22 18:43:16+00:00,euro,no change,1.13462,1.13421,1.1341,1.13362
Flashback – Jeb Bush received a $4M tax payer bailout in 1990 http://t.co/R2bpNbRQRX  Guess who was POTUS then?,2015-06-22 17:16:55+00:00,dollar,no change,1.13599,1.13562,1.13572,1.13494
".@KarlRove, who spent $430 million in the last cycle and didn't win one race, said I'm not a candidate until I file papers. Next week Karl!",2015-06-21 22:28:29+00:00,dollar,decrease,1.13604,1.13614,1.13626,1.13692
"George Will was a big Iraq fool.  $2 trillion, thousands of lives lost -- &amp, we got nothing! Dummy.",2015-06-19 14:34:04+00:00,dollar,decrease,1.13414,1.13474,1.13448,1.13321
"""""""@DareMagic: Lets make this country great again and bring back the entrepreneur spirit! The only person to do that is DonaldTrump #Trump2016""",2015-06-13 22:51:37+00:00,euro,increase,,,,
"Entrepreneurs: Do not go where the path may lead, go instead where there is no path and leave a trail. -- Ralph Waldo Emerson",2015-06-12 19:46:45+00:00,euro,no change,1.12542,1.1258,1.12571,1.12606
"Entrepreneurs: Focus on your goals, not on fixed patterns. Do what's necessary and what's unnecessary will be made clear.",2015-06-12 19:40:02+00:00,euro,no change,1.12572,1.1254,1.12571,1.12586
Entrepreneurs: Don’t sell yourself short. Don’t ever think you’ve done it all already or that you’ve done your best.,2015-06-12 19:36:14+00:00,euro,no change,1.12559,1.1256,1.12542,1.12588
Entrepreneurs: Keep your eyes on your ideals as well as reality. Accentuate the positive without being blind to the negative.,2015-06-12 19:36:03+00:00,euro,no change,1.12559,1.1256,1.12542,1.12588
Entrepreneurs:  Review your work habits regularly and make sure they are taking you in the right direction. Keep your focus intact.,2015-06-11 20:46:22+00:00,euro,increase,1.12586,1.12592,1.12572,1.12466
Entrepreneurs: Take responsibility for yourself. It’s a very empowering attitude.,2015-06-11 20:45:44+00:00,euro,increase,1.12581,1.12596,1.1259,1.1248
Entrepreneurs: Follow your own path—it will bring you to the places you were meant to be.,2015-06-11 20:45:19+00:00,euro,increase,1.12581,1.12596,1.1259,1.1248
Will be doing @foxandfriends live tomorrow at 7AM ET from Europe.,2015-06-07 20:48:01+00:00,euro,no change,1.1102,1.1102,1.1102,1.10973
"Going to Scotland, Ireland &amp, other places in Europe to close up deals. Getting ready for the June 16th announcement @TrumpTowerNY!",2015-06-07 20:19:10+00:00,euro,no change,1.1102,1.1102,1.1102,1.11059
Dummy political pundit @krauthammer constantly pressed the crazy war in Iraq. Many lives and trillions of dollars wasted. U.S. got NOTHING!,2015-06-05 06:18:42+00:00,dollar,decrease,1.12292,1.12284,1.12235,1.12448
"Entrepreneurs: Vision remains vision until you focus, do the work, and bring it down to earth where it will do some good.",2015-06-04 16:13:45+00:00,euro,increase,1.12652,1.12626,1.12669,1.12804
Entrepreneurs: Negotiation is an art. Treat it like one.,2015-06-04 16:08:07+00:00,euro,no change,1.12687,1.12652,1.12626,1.12851
Entrepreneurs: Set the bar high and resolve to be bigger than your problems. Who's the boss?,2015-06-01 19:27:01+00:00,euro,increase,1.0935,1.09298,1.09271,1.09246
Entrepreneurs: There's nothing wrong with bringing your talents to the surface. Having an ego and acknowledging it is a healthy choice.,2015-06-01 19:24:23+00:00,euro,increase,1.09316,1.09308,1.09298,1.09322
"Entrepreneurs: Achievers move forward at all times. Achievement is not a plateau, it's a beginning. Get out there &amp, go for it!",2015-06-01 19:23:21+00:00,euro,increase,1.09322,1.09327,1.09296,1.0932
Entrepreneurs: Ask yourself: What can I provide that does not yet exist? Be open to new ideas. Be innovative!,2015-05-29 14:45:05+00:00,euro,increase,1.09786,1.09792,1.0968,1.09877
Entrepreneurs: Set the example. You can motivate others as well as yourself by remembering that you are setting the example.,2015-05-29 14:43:08+00:00,euro,increase,1.09828,1.09796,1.09729,1.09866
"Entrepreneurs: Get--and keep--your momentum going. Without momentum, a lot of great ideas go nowhere.",2015-05-29 14:42:22+00:00,euro,increase,1.09804,1.09788,1.09778,1.09864
Entrepreneurs: Realize that persistence can go a long way. Being stubborn is often an attribute.,2015-05-26 19:21:39+00:00,euro,increase,1.0872,1.08726,1.08716,1.08764
Entrepreneurs: Problems are a mind exercise. Enjoy the challenge.,2015-05-26 19:19:55+00:00,euro,increase,1.08687,1.0869,1.08726,1.08762
"Entrepreneurs: See yourself as victorious--look at the solution, not the problem.",2015-05-26 19:17:51+00:00,euro,increase,1.08664,1.0872,1.08725,1.08762
"Entrepreneurs: In the best negotiations, everyone wins. This is a possibility and it's the ideal situation to strive for.",2015-05-21 19:53:35+00:00,euro,increase,1.1119,1.11172,1.11125,1.11118
"Entrepreneurs: Believe in yourself. If you don't, no one else will either.",2015-05-21 19:50:31+00:00,euro,no change,1.11182,1.11194,1.11156,1.11115
Entrepreneurs: Be totally focused. Being successful requires nothing less than 100% of your concentrated effort.,2015-05-21 19:50:08+00:00,euro,increase,1.11182,1.11194,1.11156,1.11115
Entrepreneurs: Remember the golden rule of negotiating -- he who has the gold makes the rules.,2015-05-19 19:55:50+00:00,euro,no change,1.11484,1.11476,1.11486,1.115
Entrepreneurs: Work on what you will be proud to be associated with. Make your work count.,2015-05-19 19:51:50+00:00,euro,increase,1.11498,1.11484,1.11486,1.11472
"Entrepreneurs:  Be tough, be smart, be personable --  but don't take things personally. That's good business.",2015-05-19 19:50:38+00:00,euro,increase,1.11498,1.11484,1.11476,1.11466
"Who ever heard of a legal conviction statement “more probable than not” against Tom Brady? Sue them, Tom, and make lots of $. @nfl",2015-05-13 20:34:37+00:00,dollar,decrease,1.13476,1.13491,1.13506,1.13499
"Entrepreneurs: Look at the solution, not the problem. Learn to focus on what will give results.",2015-05-12 18:41:13+00:00,euro,increase,1.1223,1.12177,1.12192,1.12155
"Entrepreneurs: Keep the big picture in mind. There are always opportunites and possibilities &amp, thinking too small can negate a lot of them.",2015-05-12 18:40:20+00:00,euro,no change,1.12198,1.12162,1.1219,1.12157
Entrepreneurs: Be passionate. You have to love what you're doing to be successful at it.,2015-05-12 18:38:41+00:00,euro,increase,1.12183,1.12228,1.12194,1.12168
What a STUPID deal for Verizon to buy AOL for $4.4 billion. AOL has been bad luck for everyone who touched it. Worth less than $1 billion!,2015-05-12 13:00:42+00:00,dollar,decrease,1.12329,1.12336,1.12315,1.12516
"Can you imagine, we spend billions of dollars protecting Saudi Arabia and now the King refuses to even meet with Obama. Great leadership!",2015-05-11 23:27:59+00:00,dollar,decrease,1.1147,1.11466,1.11466,
"""""""@therealTMac11: @NRA Non-hunters don't get it. The Hunting community raises over $2billion dollars annually for conservation. #googleit""""""",2015-05-09 12:11:11+00:00,dollar,no change,,,,
"""""""@mindfreakeuropa: @realDonaldTrump @steveman905 I concur! Donald please run, the country needs you!""""""",2015-05-05 02:25:59+00:00,euro,increase,1.11394,1.11414,1.1142,1.11369
Entrepreneurs: Don't tread water. Get out there and go for it.,2015-05-01 15:37:02+00:00,euro,no change,1.11984,1.11974,1.11992,1.11984
"Entrepreneurs: Achievers move forward at all times. Achievement is not a plateau, it's a beginning.",2015-05-01 15:36:35+00:00,euro,increase,1.11994,1.1199,1.1199,1.1201
"Billions of dollars spent on Baltimore and it's still a total mess. Leadership is needed, not dollars. Our whole country is going to hell!",2015-05-01 14:21:40+00:00,dollar,decrease,1.12142,1.12182,1.12163,1.11909
"""""""@JamesDriscolli: Awesome entrepreneurial advice from @realDonaldTrump #TrumpAdvice. That's how """"Greats"""" are made. http://t.co/ABlA7WTts6""""""",2015-04-25 13:53:07+00:00,euro,increase,,,,
"""""""@Barbie_Brooks: “an entrepreneur’s ability to find strength when others want to run, hide, quit...” @realDonaldTrump""""""",2015-04-24 01:30:15+00:00,euro,no change,1.0817,1.08187,1.08172,1.08082
We are stupidly paying Iran billions of dollars that we should not be paying. Why isn't this part of the nuclear negotiations? Really dumb!,2015-04-20 22:45:58+00:00,dollar,decrease,1.07377,1.07374,1.07386,1.07446
"""""""@Sebastian_Rey10: “@CNBC: Ford is planning a $2,500,000,000 investment @realDonaldTrump in MEXICO!!!!""""  The U.S. is getting killed!""",2015-04-18 08:46:19+00:00,dollar,decrease,,,,
"""""""@erotao: @realDonaldTrump Time for an Entrepreneur President, not one of these insipid morons that have never made a payroll.....""""""",2015-04-16 03:35:08+00:00,euro,decrease,1.07068,1.07094,1.07072,1.06958
"""""""@m__a__w   @realDonaldTrump From my #european point of view,#USA needs a president like you to get a lot of things right. #Trump2016""""""",2015-04-15 12:55:45+00:00,euro,no change,1.06008,1.05874,1.06038,1.06459
Entrepreneurs: Don't be confined by expectations. There are no exact rules for negotiation--try to remain flexible and open to new ideas.,2015-04-13 19:30:40+00:00,euro,no change,1.05757,1.05746,1.05752,1.05754
"Entrepreneurs: In the best negotiations, everyone wins. This is a possibility, and it's the ideal situation to strive for.",2015-04-13 19:27:00+00:00,euro,increase,1.05772,1.05754,1.0574,1.0574
Entrepreneurs: Resolve to be bigger than your problems. Who's the boss? Don't negate your own power.,2015-04-13 19:24:42+00:00,euro,no change,1.05738,1.0577,1.05746,1.05742
"""""""@PzFeed: The glitziest jet in the sky. Donald spent $100 million on his Boeing 757. VIDEO: http://t.co/phiV9cFI2U http://t.co/HLn6tNyhY9""""""",2015-04-13 00:48:58+00:00,dollar,increase,1.06154,1.06124,1.06086,1.06072
"""""""@BradHeat: @realDonaldTrump is the entrepreneur that all entrepreneurs look up to. Keep the inspiration up."""" Thank you.""",2015-04-09 09:30:08+00:00,euro,increase,1.07417,1.07419,1.07324,1.07406
"Oil is under $50/barrel. Now is the time to increase sanctions against Iran, not lift them. No deal is better than a bad deal. #ArtOfTheDeal",2015-04-02 20:54:17+00:00,dollar,decrease,1.08788,1.08802,1.0882,1.0883
"""""""@kuhnl1: """"@realDonaldTrump: Entrepreneurs: Learn to trust yourself. Being an entrepreneur is not a group effort.""""""""""",2015-04-02 04:04:26+00:00,euro,no change,1.07676,1.07676,1.07686,1.07726
Entrepreneurs: Practice positive thinking with a lot of reality checks. Know that goals come with obstacles.,2015-04-01 20:13:55+00:00,euro,increase,1.07613,1.07595,1.07572,1.07632
Entrepreneurs: Learn to trust yourself. Being an entrepreneur is not a group effort.,2015-04-01 20:03:49+00:00,euro,no change,1.07608,1.07626,1.07613,1.07628
Entrepreneurs: Realize that success requires 100% effort and 100% focus. Nothing less.,2015-04-01 20:00:35+00:00,euro,increase,1.076,1.07624,1.07633,1.07624
"""""""@MichaelTMorgan1: @oreillyfactor Trump is RIGHT: we are dealing with zealots, animals and amateurs... WAKE UP. No deal, Walk and walk fast""""""",2015-04-01 00:29:31+00:00,euro,decrease,1.07556,1.07542,1.0758,1.07736
Entrepreneurs: Gain and use information to your advantage--see every day as an opportunity to learn.,2015-03-31 19:30:03+00:00,euro,increase,1.07472,1.07486,1.07474,1.07444
"Entrepreneurs:  See yourself as victorious. Look at the solution, not the problem. Be tough, be strong, be tenacious.",2015-03-31 19:24:29+00:00,euro,increase,1.07502,1.07473,1.0748,1.0749
Entrepreneurs: Ask yourself: What am I pretending not to see? There may be some great opportunities right around you.,2015-03-31 19:21:48+00:00,euro,increase,1.07478,1.07496,1.07475,1.07501
Entrepreneurs: Successful negotiation means knowing what the other side wants. You've got to know where they're coming from. Pay attention!,2015-03-26 18:15:18+00:00,euro,no change,1.08776,1.08771,1.08734,1.08764
"Entrepreneurs: When negotiating, don't be an open book. Know that the only person on your side might be yourself.",2015-03-26 18:10:26+00:00,euro,no change,1.08753,1.08776,1.08771,1.08736
"Entrepreneurs: Seek opportunity, and see opportunity as a perk. You never know what will evolve. Keep an open mind!",2015-03-26 18:03:32+00:00,euro,increase,1.08714,1.08751,1.08752,1.08766
"If Saudi Arabia, which has been making one billion dollars a day from oil, wants our help and protection, they must pay dearly! NO FREEBIES.",2015-03-26 10:49:40+00:00,dollar,decrease,1.10064,1.10052,1.1009,1.09942
"""""""@johnny4arizona: A Trump presidency would MAKE U.S GREAT AGAIN, MAKE MADE IN USA #1 , put more $$$ in pockets of EVERY AMERICAN #Trump2016""""""",2015-03-25 06:59:50+00:00,dollar,increase,1.09078,1.09223,1.09167,1.09522
Entrepreneurs: Take responsibility for yourself. It's a very empowering attitude.,2015-03-24 20:29:36+00:00,euro,increase,1.09194,1.092,1.09194,1.09236
"Entrepreneurs: Trust your instincts, even after you've honed your skills. They're there for a reason.",2015-03-24 20:24:57+00:00,euro,increase,1.09199,1.09194,1.092,1.09248
Entrepreneurs: Negotiation is an art. Treat it like one.,2015-03-24 20:22:42+00:00,euro,no change,1.09209,1.09196,1.09198,1.09259
"""""""@JJ55334767 @realDonaldTrump Please save America! The country has over $18 trillion in debt!  http://t.co/q0EXmWjaVr""""""",2015-03-24 18:31:56+00:00,dollar,decrease,1.09198,1.09192,1.09184,1.0925
Entrepreneurs:  Let your actions show that you're the best. See each day as an opportunity to show you can do business at the highest level.,2015-03-20 16:07:49+00:00,euro,increase,1.08006,1.08021,1.0796,1.08604
Entrepreneurs: Learn to be succinct. Can you tell someone your idea in three minutes or less? Be clear and concise.,2015-03-20 16:06:40+00:00,euro,no change,1.07946,1.08006,1.07944,1.08664
"Entrepreneurs: Set the example, and you'll be a magnet for the right people. That's the best way to work with people you like.",2015-03-20 15:50:46+00:00,euro,increase,1.07782,1.07794,1.07995,1.08334
"""""""@moniquehorsey  I really love and admire @realDonaldTrump's high level of work ethic &amp, motivation. Very inspiring to entrepreneurs!"""" Thanks""",2015-03-20 15:09:27+00:00,euro,increase,1.07802,1.07724,1.07754,1.07988
"""""""@MyTime28: @FoxBusiness @realDonaldTrump I rather see him as President than any Republican out there, at least he will think $$$$ and sense""",2015-03-18 14:11:36+00:00,dollar,no change,1.06068,1.06068,1.0609,1.06123
Entrepreneurs: See yourself as an organization. Pay attention to every facet of your life. What's strong? What's weak? What's missing?,2015-03-17 20:28:22+00:00,euro,no change,1.05902,1.05879,1.05882,1.05983
"Entrepreneurs: We win in our daily lives by being careful with every day, every moment.",2015-03-17 20:25:41+00:00,euro,increase,1.05883,1.05884,1.05882,1.05962
Entrepreneurs: Success is good. Success with significance is even better. Make your work count.,2015-03-17 20:20:07+00:00,euro,increase,1.05902,1.05883,1.05884,1.05972
"Entrepreneurs: There are no guarantees, but being ready sure beats being taken by surprise. Know everything you can about what you're doing.",2015-03-13 20:02:36+00:00,euro,no change,1.04788,1.04846,1.04841,
"Entrepreneurs: What is the standard for which you want to be known? Identify that standard &amp, then establish it. Simple, but not easy. Focus!",2015-03-13 19:53:54+00:00,euro,no change,1.04832,1.04804,1.04792,1.04931
"Entrepreneurs: A winning attitude will put things in perspective. Keep negative thoughts &amp, people where they belong--out of the big picture.",2015-03-13 19:48:06+00:00,euro,increase,1.04768,1.04832,1.04804,1.04964
"""""""@HGswiney: @realDonaldTrump is more than an entrepreneur... He's an American icon-and will definitely get my vote in 2016""""  Thank you!""",2015-03-12 05:43:13+00:00,euro,increase,1.05173,1.05252,1.05222,1.0542
"""""""@JorgeQB22: """"@realDonaldTrump: Entrepreneurs: Being stubborn is a big part of being a winner. Never give up!""""""""""",2015-03-11 22:07:05+00:00,euro,increase,1.0546,1.05464,1.05455,1.05498
Entrepreneurs: Being stubborn is a big part of being a winner. Never give up!,2015-03-11 20:29:52+00:00,euro,increase,1.05534,1.05478,1.05478,1.05437
Entrepreneurs: Problems are a mind exercise. Enjoy the challenge.,2015-03-11 20:23:42+00:00,euro,increase,1.05495,1.05544,1.05482,1.05436
Entrepreneurs: Having an ego and acknowledging it is a healthy choice. There's nothing wrong with bringing your talents to the surface.,2015-03-11 20:22:45+00:00,euro,increase,1.0547,1.0553,1.05466,1.05436
Entrepreneurs: Remember the golden rule of negotiating -- he who has the gold makes the rules.,2015-03-09 21:31:02+00:00,euro,no change,1.08508,1.08514,1.08514,1.08491
Entrepreneurs: Cover your bases. Know everything you can about what you're doing.,2015-03-09 21:18:04+00:00,euro,no change,1.085,1.085,1.0851,1.08498
Entrepreneurs: Keep an open mind. Business is a creative endeavor.,2015-03-09 21:16:52+00:00,euro,increase,1.085,1.085,1.08505,1.08495
"""""""@SamDoyle12 @realDonaldTrump great posts. As a budding entrepreneur, I appreciate the quotes""""  Great--work hard and good luck!""",2015-03-03 20:31:47+00:00,euro,increase,1.11768,1.11761,1.11765,1.11743
"Entrepreneurs: Be tough, be smart, be personable, but don’t take things personally. That’s good business.",2015-03-03 19:16:20+00:00,euro,increase,1.11866,1.11884,1.1188,1.11772
Entrepreneurs: Don’t ever think you’ve done it all already or that you’ve done your best. You haven't-- so don't limit yourself!,2015-03-03 15:51:54+00:00,euro,no change,1.11778,1.11856,1.11837,1.12034
Entrepreneurs:  Follow your instincts and keep your focus intact. You alone know where you really want to go.,2015-03-03 15:46:22+00:00,euro,no change,1.11838,1.11778,1.11856,1.12058
Entrepreneurs: Paying attention can be a cost effective way of protecting yourself.,2015-03-03 15:45:54+00:00,euro,increase,1.11862,1.11828,1.11837,1.12078
"Entrepreneurs: Look at the solution, not the problem. Learn to focus on what will give results.",2015-03-02 19:49:23+00:00,euro,increase,1.11936,1.11918,1.11862,1.11832
"Entrepreneurs: Keep your momentum. Without momentum, a lot of great ideas go nowhere.",2015-03-02 19:48:27+00:00,euro,no change,1.11949,1.11916,1.11893,1.1184
"Entrepreneurs: Keep the big picture in mind. There are always opportunities &amp, possibilities, and thinking too small can negate a lot of them",2015-03-02 19:48:16+00:00,euro,increase,1.11949,1.11916,1.11893,1.1184
"Entrepreneurs: Keep your focus and keep your momentum. Believe in yourself--if you don't, no one else will either.",2015-02-23 19:58:20+00:00,euro,increase,1.1337,1.13345,1.13298,1.13314
Entrepreneurs: Identify your goals --  and see each day as an opportunity to show what you can do at the highest level.,2015-02-23 19:49:51+00:00,euro,increase,1.13337,1.1337,1.13325,1.13333
Entrepreneurs: Review your work habits and make sure they are taking you in the right direction. Don't become complacent!,2015-02-23 19:46:37+00:00,euro,increase,1.13359,1.13363,1.1336,1.13342
"""""""@MichaelDaudel @realDonaldTrump Thank you sir for your words of inspiration to entrepreneurs.""""  My pleasure. Work hard!""",2015-02-20 21:29:54+00:00,euro,increase,1.13786,1.138,1.13774,
Entrepreneurs: Winners see problems as just another way to prove themselves. Remember to focus on the solution--not the problem.,2015-02-20 20:09:33+00:00,euro,no change,1.14,1.13856,1.13706,1.13788
Entrepreneurs: Identify your goals. Know precisely what you want to achieve. Have your own vision and stick with it!,2015-02-20 20:02:07+00:00,euro,increase,1.14058,1.13971,1.13912,1.13816
"Entrepreneurs: Difficulties, mistakes &amp, setbacks are an inevitable part of business &amp, life. Remember to keep your equilibrium intact.",2015-02-20 19:58:31+00:00,euro,no change,1.13962,1.1401,1.14002,1.13772
Entrepreneurs: Work on what you will be proud to be associated with. Make your work count.,2015-02-12 20:28:29+00:00,euro,increase,1.14093,1.14076,1.14094,1.14018
"Entrepreneurs:  Ignorance is not bliss, it's fatal. It's costly. Pay attention or get crushed. Watch, listen and learn.",2015-02-19 16:37:04+00:00,euro,decrease,1.139,1.1389,1.13877,1.13694
"Entrepreneurs:  Pay attention to your negotiation skills. It's all about persuasion, and persuasion is power.",2015-02-19 16:25:31+00:00,euro,no change,1.13945,1.13865,1.13902,1.13748
Entrepreneurs: It's often to your advantage to be underestimated.,2015-02-19 16:13:27+00:00,euro,no change,1.13842,1.13878,1.13897,1.13791
"""""""@JohnWeak: I live for every word this man says @business icon @realDonaldTrump: #realestate @business #successfactors @Entrepreneur""""""",2015-02-14 12:59:18+00:00,euro,increase,,,,
"""""""@annabelkarmel: “Without passion you don’t have energy, without energy, you have nothing”  #AKMumpreneur http://t.co/m1drqW37v9""""""",2015-02-14 12:47:50+00:00,euro,no change,,,,
Entrepreneurs: See each day as an opportunity to show what you can do at the highest level.,2015-02-12 20:32:47+00:00,euro,increase,1.14086,1.14088,1.14116,1.14025
Entrepreneurs: Success is good. Success with significance is even better.,2015-02-12 20:29:16+00:00,euro,increase,1.14086,1.14088,1.14088,1.14018
Entrepreneurs: Don't ever think you've done it all already or that you've done your best. Don't sell yourself short!,2015-02-11 18:54:04+00:00,euro,no change,1.12931,1.13067,1.1304,1.13037
Entrepreneurs: Having an ego and acknowledging it is a healthy choice. There's nothing wrong with bringing your talents to the surface.,2015-02-11 18:51:49+00:00,euro,increase,1.12932,1.12937,1.13092,1.13005
"Entrepreneurs: Listen and learn from others, but make your own decisions. Take responsibility for yourself. It's a very empowering attitude!",2015-02-11 18:47:42+00:00,euro,increase,1.12911,1.1291,1.12954,1.13013
"""""""@ericleebow: Learning that you were once 900 million in debt at one point can make any entrepreneur a believer. Amazing success story.""""""",2015-02-11 03:21:53+00:00,euro,increase,1.13258,1.13258,1.13225,1.13196
Entrepreneurs: Be totally focused. Being successful requires nothing less than 100% of your concentrated effort.,2015-02-10 22:01:30+00:00,euro,increase,1.1317,1.13162,1.13158,1.1317
Entrepreneurs: Be passionate--you have to love what you're doing to be successful at it.,2015-02-10 22:00:05+00:00,euro,increase,1.13214,1.13167,1.13158,1.1317
Entrepreneurs: Negotiation is an art. Treat it like one.,2015-02-10 21:57:50+00:00,euro,no change,1.13176,1.13176,1.13145,1.1316
"With America's debt topping $21T by the end of his presidency, Obama will have effectively bankrupted our country. @davidaxelrod",2015-02-10 15:16:40+00:00,dollar,decrease,1.13142,1.1307,1.13044,1.13224
"""""""@Stallion2011: @GlennThrush Liar. Forbes has @realDonaldTrump net worth at $4 billion.""""""",2015-02-10 13:53:35+00:00,dollar,no change,1.13016,1.12972,1.13094,1.13085
"""""""@loislane72: Had a feeling it'd be @LeezaGibbons vs @GeraldoRivera! My $ is on Leeza!  PS I wanna fly on @realDonaldTrump's jet!!""""""",2015-02-10 02:27:02+00:00,dollar,no change,1.13335,1.13395,1.13399,1.13455
"""""""@cdiprima69: Incredible season of the Celebrity Apprentice. Favorite show! The $$ you raise for charities is amazing. #inspirational""""""",2015-02-09 14:47:14+00:00,dollar,increase,1.1326,1.13337,1.13287,1.1337
"Entrepreneurs:  Look at the solution, not the problem. Learn to focus on what will give results.",2015-02-06 21:42:02+00:00,euro,increase,1.13217,1.13169,1.13134,
"""""""@EdgarCalderonMX @realDonaldTrump """"The Art of The Deal"""", one of the best books of real estate written by one of the best Entrepreneurs""""""",2015-02-06 16:57:45+00:00,euro,increase,1.13376,1.13304,1.13306,1.13185
Entrepreneurs: Be a cautious optimist. I call it positive thinking with a lot of reality checks.,2015-02-05 19:46:55+00:00,euro,increase,1.14682,1.14712,1.14729,1.14846
Entrepreneurs:  Having a product requires something very important--you have to think about the market. Do your due diligence.,2015-02-05 18:49:44+00:00,euro,no change,1.1487,1.14934,1.1497,1.1471
Entrepreneurs: Brainpower is the ultimate leverage.,2015-02-05 18:45:37+00:00,euro,increase,1.14812,1.14842,1.14954,1.1472
"Entrepreneurs:  Be curious. Discovery breeds discovery, just as success breeds success. Don't sell yourself short.",2015-02-04 18:22:38+00:00,euro,increase,1.14213,1.14236,1.14184,1.14212
Entrepreneurs:  See each day as an opportunity to show what you can do at the highest level. Take responsibility for yourself!,2015-02-04 18:20:10+00:00,euro,increase,1.14196,1.14238,1.14194,1.14194
"Entrepreneurs: Don't put blinders on or limit yourself. Reach out, seek and explore. The opportunities are always there.",2015-02-04 18:19:16+00:00,euro,increase,1.14202,1.14214,1.14225,1.14193
Via @Entrepreneur by @MDMSEO : “8 Lessons for Entrepreneurs That @ApprenticeNBC Emphasizes” http://t.co/TIYjdTG1Aa,2015-02-04 14:34:27+00:00,euro,no change,1.14281,1.14197,1.14139,1.14226
Entrepreneurs: Is the problem a blip or a catastrophe? Keep things in perspective. Learn to expect problems and keep moving forward.,2015-02-03 20:28:28+00:00,euro,no change,1.14848,1.14847,1.14846,1.14828
"Entrepreneurs: Money is not always the bottom line: it can be a score card, not the final score.",2015-02-03 20:25:59+00:00,euro,no change,1.14864,1.14831,1.1485,1.14863
"Entrepreneurs: Vision remains vision until you focus, do the work, and bring it down to earth where it will do some good.",2015-02-03 20:24:47+00:00,euro,increase,1.1483,1.14842,1.14856,1.14863
Entrepreneurs: Remember to think big by expanding your horizons at the same time you're expanding your net worth.,2015-02-02 17:08:42+00:00,euro,increase,1.13442,1.13438,1.13442,1.13358
Entrepreneurs: Paying attention is a cost effective way of protecting yourself.,2015-02-02 16:42:30+00:00,euro,increase,1.1335,1.13312,1.13346,1.13366
Entrepreneurs: Set your mind on winning and losing won't have a chance.  See yourself as victorious!,2015-02-02 16:39:59+00:00,euro,increase,1.13334,1.13356,1.13325,1.13364
"""Via @eonline:""""@IvankaTrump Wears @MissUniverse 2014's $300,000 Crown, Nails Beauty Pageant Winner Look"""" http://t.co/nTDJxommxP""",2015-01-31 22:09:21+00:00,dollar,no change,,,,
Entrepreneurs: Success is good. Success with significance is even better. Work on what you will be proud to be associated with.,2015-01-30 16:51:45+00:00,euro,increase,1.12913,1.12958,1.12905,1.12868
Entrepreneurs: What is the standard for which you want to be known? Identify that standard and then establish it.,2015-01-30 16:44:04+00:00,euro,no change,1.13016,1.12919,1.12927,1.12958
"Entrepreneurs: Knowledge requires patience, action requires courage. Put patience and courage together and you'll be a winner .",2015-01-30 16:42:33+00:00,euro,increase,1.12968,1.1295,1.12918,1.12966
"Trump Int'l Golf Links Ireland in County Clare fronts the Atlantic Ocean &amp, is #1 Resort in Europe/Conde Nast Traveler http://t.co/nl4CTl2yIx",2015-01-30 15:24:07+00:00,euro,no change,1.13141,1.13032,1.13025,1.12936
Entrepreneurs: There are no guarantees. But being ready sure beats being taken by surprise. Do your due diligence!,2015-01-29 21:42:57+00:00,euro,no change,1.13182,1.13193,1.13209,1.13246
Entrepreneurs:  Being stubborn is a big part of being a winner. Don't give in and don't give up!,2015-01-29 21:41:03+00:00,euro,increase,1.1319,1.13174,1.13194,1.13262
"Entrepreneurs: Keep your focus and keep your momentum. Listen, apply and move forward. Set the standard!",2015-01-29 21:36:09+00:00,euro,increase,1.13194,1.1319,1.13174,1.13256
"Entrepreneurs:  Be tough, be smart, be personable, but don't take things personally. That's good business.",2015-01-28 21:22:30+00:00,euro,increase,1.12838,1.12806,1.1281,1.1282
Entrepreneurs: Don't tread water. Get out there and go for it.,2015-01-28 21:19:57+00:00,euro,no change,1.12838,1.12836,1.12801,1.12836
"Entrepreneurs:  Achievers move forward at all times. Achievement is not a plateau, it's a beginning.",2015-01-28 21:18:40+00:00,euro,increase,1.12836,1.12858,1.12784,1.1281
"""""""@NBCVote: Awesome! @northwesternsig got $25k from @realDonaldTrump and $40k from @GeraldoRivera for @CoastGuardFound Charity wins!""""""",2015-01-27 03:15:13+00:00,dollar,increase,1.12416,1.1243,1.12433,1.12392
"""""""@sammielicious4u: @BrandiGlanville oh and my apologies! How wonderful of @realDonaldTrump to give $25,000 to the CGuard. Amazing heart❤️""",2015-01-27 02:22:10+00:00,dollar,increase,1.12515,1.12498,1.12451,1.1242
"@KarlRove spent $400M in 2012 &amp, didn’t win a single race http://t.co/12InRskWGn",2015-01-26 21:34:18+00:00,dollar,decrease,1.12348,1.1234,1.12378,1.12438
$ave your $. Don’t invest in @KarlRove. He doesn’t have a clue. http://t.co/12InRskWGn,2015-01-26 21:10:00+00:00,dollar,decrease,1.12555,1.1248,1.12402,1.12401
"""""""@jcthecook: @realDonaldTrump @MissUniverse hopefully europe will finally have a winner it's only been since 1990.""""""",2015-01-25 05:25:39+00:00,euro,increase,1.1153,1.1153,1.1153,1.1153
"With oil below $50, the blighted views by windfarms of historic @CulzeanCastle will be very sad. #SaveCulzean http://t.co/wQSIPBlv3o",2015-01-23 18:04:07+00:00,dollar,decrease,1.12555,1.12455,1.12384,1.1228
"""""""@RafmyMillan: Thanks @realDonaldTrump for your tips on entrepreneurship,it encouraged me to open a new chess sports club at Uni! #MyPassion""",2015-01-23 01:38:26+00:00,euro,increase,1.13692,1.13694,1.13694,1.13622
"Entrepreneurs:  Everything starts with you. Realize that you're in charge.  Whatever happens, you're responsible.",2015-01-22 20:49:46+00:00,euro,no change,1.13548,1.13582,1.1361,1.13539
Entrepreneurs:  See yourself as victorious. This will focus you in the right direction. Put everything you've got into what you're doing.,2015-01-22 20:44:57+00:00,euro,increase,1.1363,1.13548,1.13582,1.13454
Entrepreneurs:  Use your imagination. Use your intelligence to execute what your imagination presents to you.,2015-01-22 20:43:45+00:00,euro,increase,1.13636,1.1353,1.13592,1.1354
"If Scotland would have gone independent predicated on $100 - $150 oil, they would now be bust!",2015-01-21 15:51:32+00:00,dollar,decrease,1.15874,1.1608,1.15882,1.15835
"""""""@JasonPruett1:  What a true entrepreneur! Celebrity Apprentice creates great leaders, which offers successful tools along this journey!""""""",2015-01-20 02:18:28+00:00,euro,increase,1.15876,1.15886,1.15875,1.15853
"""""""@MaddyMcnabb: Love when @realDonaldTrump gives advice to entrepreneurs on twitter! It's a great motivator😊"""" Thanks.""",2015-01-15 02:33:10+00:00,euro,increase,1.17803,1.1778,1.17782,1.17866
"""""""@misnsomething:Donald was pretty amazing for taking money out of his own pocket and topping both teams off to $300,000.00 #CelebApprentice""""""",2015-01-13 08:26:15+00:00,dollar,increase,1.18358,1.18348,1.1829,1.18124
"""""""@mattygeorge: #CelebApprentice is back! 1st episode on now in Australia! Love the boardroom drama, so good raising $$ for charity""""""",2015-01-12 11:10:35+00:00,dollar,increase,1.17934,1.1795,1.18036,1.18019
"""""""@bpeazy42: @realDonaldTrump make $ while others sleep!""""""",2015-01-10 10:00:54+00:00,dollar,no change,,,,
"Entrepreneurs:  Look at the solution, not the problem. Learn to focus on what will give results.",2015-01-09 20:56:06+00:00,euro,increase,1.1841,1.18425,1.18409,1.1843
Entrepreneurs: Business is a creative endeavor. Being innovative = being open to new ideas. Keep an open mind!,2015-01-09 20:54:09+00:00,euro,increase,1.18412,1.18416,1.18404,1.18359
Entrepreneurs:  Be totally focused. Know everything you can about what you're doing. Give your work 100% of your concentrated effort.,2015-01-09 20:43:05+00:00,euro,increase,1.18411,1.18417,1.18415,1.18398
"""""""@mikeyjacques: @realDonaldTrump is a BAD A$$, I could only be so lucky to have an amazing mentor like that in my life.""""""",2015-01-09 05:37:57+00:00,dollar,increase,1.18096,1.18086,1.18081,1.18013
Via @TheYBF: “@msvivicafox Attends A Private Screening + Donald Trump DONATES $25K To @peachespulliam’S Kamp Kizzy”http://t.co/KC3CQ6QVpq,2015-01-07 21:42:11+00:00,dollar,no change,1.18402,1.18412,1.18395,1.1836
.@peachespulliam at @TrumpTowerNY this afternoon- a wonderful woman. It was an honor to donate $25K to her charity. http://t.co/GWYl31WsfP,2015-01-05 19:20:04+00:00,dollar,increase,1.19372,1.19362,1.19392,1.19432
"""""""@bethdelany: @realDonaldTrump Jamie brought in no money? her pie recipe brought in $25K #CelebrityApprentice""""""",2015-01-05 03:50:48+00:00,dollar,no change,1.19502,1.195,1.19396,1.19442
"""""""@KimberlySyring: @realDonaldTrump @BrandiGlanville I love Brandi you go girl kick some a$$!!!""""""",2015-01-05 03:01:56+00:00,dollar,increase,1.19548,1.1953,1.19524,1.1938
"I gave millions of dollars to DJT Foundation, raised or recieved millions more, ALL of which is given to charity, and media won't report!",2016-12-27 02:53:20+00:00,dollar,no change,1.04345,1.04368,1.04382,1.04366
The world was gloomy before I won - there was no hope. Now the market is up nearly 10% and Christmas spending is over a trillion dollars!,2016-12-26 23:32:28+00:00,dollar,no change,1.04546,1.04518,1.04518,
"my presidency. Isn't this a ridiculous shame? He loves these kids, has raised millions of dollars for them, and now must stop. Wrong answer!",2016-12-23 11:58:36+00:00,dollar,decrease,1.04508,1.0448,1.0447,1.04494
The F-35 program and cost is out of control. Billions of dollars can and will be saved on military (and other) purchases after January 20th.,2016-12-12 13:26:13+00:00,dollar,no change,1.06105,1.06108,1.06108,1.06218
"Masa (SoftBank) of Japan has agreed to invest $50 billion in the U.S. toward businesses and 50,000 new jobs....",2016-12-06 19:09:49+00:00,dollar,no change,1.07124,1.07126,1.07122,1.07178
"Boeing is building a brand new 747 Air Force One for future presidents, but costs are out of control, more than $4 billion. Cancel order!",2016-12-06 13:52:35+00:00,dollar,decrease,1.07362,1.07335,1.07356,1.07414
Interesting how the U.S. sells Taiwan billions of dollars of military equipment but I should not accept a congratulatory call.,2016-12-03 01:41:30+00:00,dollar,decrease,,,,
"$25 Million+ raised online in just one week! RECORD WEEK. #DrainTheSwamp Today we set a bigger record. Contribute &gt,https://t.co/CZ1QmzCxwO",2016-10-31 18:20:00+00:00,dollar,increase,1.09754,1.09754,1.09706,1.09736
'Hillary's Two Official Favors To Morocco Resulted In $28 Million For Clinton Foundation' #DrainTheSwamphttps://t.co/6qOO7FZSvF,2016-10-31 16:00:19+00:00,dollar,no change,1.0967,1.09618,1.09584,1.09656
"'Clinton Charity Got Up To $56 Million From Nations That Are Anti-Women, Gays' #CrookedHillaryhttps://t.co/eHsuBdi8XM",2016-10-24 00:07:47+00:00,dollar,decrease,1.08834,1.08833,1.08816,1.08741
#CrookedHillary “was at center of negotiating $12M commitment from King Mohammed VI of Morocco” to Clinton Fdn. https://t.co/HWOQ7jQWY2,2016-10-21 18:54:00+00:00,dollar,no change,1.08712,1.0874,1.087,1.0879
"When Obama took office in 2009 employer-provided premiums cost $13,375. Today they are $18,142. Thanks, Obama.",2016-10-20 20:52:15+00:00,dollar,no change,1.09274,1.09284,1.09288,1.09264
Crooked took MILLIONS from oppressive ME countries. Will she give the $$$ back? Probably not. Don't forget her slog... https://t.co/esLgql0Gg8,2016-10-20 20:26:01+00:00,dollar,decrease,1.09252,1.09262,1.09284,1.09274
"ISIS has infiltrated countries all over Europe by posing as refugees, and @HillaryClinton will allow it to happen h... https://t.co/MmeW2qsTQh",2016-10-20 02:31:45+00:00,euro,decrease,1.09734,1.09759,1.09778,1.09748
#CrookedHillary's plan will add $1.15 TRILLION in new taxes. We cannot afford her! #DrainTheSwamp #Debate https://t.co/jpjKY1IiQh,2016-10-20 01:45:17+00:00,dollar,decrease,1.09707,1.09737,1.09752,1.09778
"Moderator: Hillary paid $225,000 by a Brazilian bank for a speech that called for “open borders.” That’s a quote! #Debate #BigLeagueTruth",2016-10-20 01:29:22+00:00,dollar,decrease,1.09689,1.09703,1.09734,1.09736
Hillary Clinton will use American tax dollars to provide amnesty for thousands of illegals. I will put... https://t.co/ZpV33TfbR6,2016-10-20 01:22:56+00:00,dollar,decrease,1.09697,1.0969,1.09694,1.09733
"""""""@RosieGray: Peter Thiel chooses now to give $1.25mil in support of Trump https://t.co/sNEEB2n2TE""""""",2016-10-17 12:28:57+00:00,dollar,no change,1.09965,1.10003,1.1001,1.0999
A country that Crooked Hillary says has funded ISIS also gave Wild Bill $1 million for his birthday? SO CORRUPT! https://t.co/00s5tgsXrM,2016-10-16 13:15:03+00:00,dollar,decrease,1.09704,1.09704,1.09704,1.09704
"""""""@ARSenMissyIrvin: I want a """"you're fired"""" president with people in Govt who are WASTING my tax $'s. @realDonaldTrump""""""",2016-10-05 01:33:17+00:00,dollar,decrease,1.12126,1.12122,1.1214,1.12216
My supporters are the best! $18 million from hard-working people who KNOW what we can be again! Shatter the record: https://t.co/8ZHGyOth0f,2016-09-28 02:17:06+00:00,dollar,increase,1.12078,1.12068,1.12064,1.121
"In the last 24 hrs. we have raised over $13M from online donations and National Call Day, and we’re still going! Thank you America! #MAGA",2016-09-27 19:37:22+00:00,dollar,increase,1.12204,1.12196,1.12196,1.12174
.@HillaryClinton’s Nuclear Agreement Paved The Way For The $400 Million Ransom Payment #DebateNighthttps://t.co/qfZTx6aKYs,2016-09-27 02:42:49+00:00,dollar,no change,1.12442,1.1244,1.12455,1.12446
.@HillaryClinton and Obama policies increased debt by $9trillion over the last 8 years,2016-09-27 01:18:55+00:00,dollar,decrease,1.12462,1.12457,1.12437,1.12452
"Wacky @NYTimesDowd, who hardly knows me, makes up things that I never said for her boring interviews and column. A neurotic dope!",2016-09-17 17:28:43+00:00,euro,decrease,,,,
NATIONAL DEBT January 2009 = $10.6 TRILLIONAugust 2016 = $19.4 TRILLION https://t.co/dKAVaLfGAJ,2016-08-28 02:33:29+00:00,dollar,no change,1.1183,1.1183,1.1183,1.1183
"Tried watching low-rated @Morning_Joe this morning,  unwatchable! @morningmika is off the wall, a neurotic and not very bright mess!",2016-08-22 11:21:53+00:00,euro,decrease,1.13023,1.13038,1.13032,1.13068
"""""""CLINTON REFUGEE PLAN COULD BRING IN 620,000 REFUGEES IN FIRST TERM AT LIFETIME COST OF OVER $400 BILLION."""" https://t.co/COZQNt6KVs""",2016-08-15 20:26:17+00:00,dollar,no change,1.1183,1.1183,1.11844,1.11854
"""LIMITED EDITION signed copies of my book """"The Art of the Deal"""" for your donation of $184 or more. Get YOURS today! https://t.co/wzsE7SoGUG""",2016-08-06 18:08:19+00:00,dollar,no change,,,,
"""LIMITED EDITION signed copies of my book """"The Art of the Deal"""" for your donation of $184 or more. Get YOURS today! https://t.co/pvNwKWlFy1""",2016-08-06 18:05:41+00:00,dollar,no change,,,,
"The plane I saw on television was the hostage plane in Geneva, Switzerland, not the plane carrying $400 million in cash going to Iran!",2016-08-05 10:39:27+00:00,dollar,decrease,1.11455,1.11465,1.11482,1.11578
"Our incompetent Secretary of State, Hillary Clinton, was the one who started talks to give 400 million dollars, in cash, to Iran. Scandal!",2016-08-03 10:23:27+00:00,dollar,decrease,1.11968,1.1197,1.12012,1.11992
"#ICYMI: John Podesta’s Brother Pocketed $180,000 from Putin’s Uranium Company: https://t.co/d0LfyiBlvX https://t.co/I5fF3didZs",2016-08-02 18:27:51+00:00,dollar,no change,1.12321,1.12316,1.12328,1.12246
"""LIMITED EDITION signed copies of my book """"The Art of the Deal"""" for your donation of $184 or more.  Get YOURS today! https://t.co/4LnzfKRsqZ""",2016-08-02 15:11:15+00:00,dollar,no change,1.1226,1.1226,1.12262,1.1223
"""LIMITED EDITION signed copies of my book """"The Art of the Deal"""" for your donation of $184 or more.  Get YOURS today!  https://t.co/KpVEN635SH""",2016-08-02 15:10:26+00:00,dollar,no change,1.12257,1.12256,1.12258,1.1223
"""LIMITED EDITION signed copies of my book """"The Art of the Deal"""" for your donation of $184 or more.  Get YOURS today! https://t.co/NNOM5GANxD""",2016-08-02 15:07:48+00:00,dollar,no change,1.12207,1.12254,1.1225,1.12202
"Hillary, whose decisions have led to the deaths of many, accepted $ from a business linked to ISIS. Silence at CNN. https://t.co/gJYSSXtpaz",2016-08-01 22:46:28+00:00,dollar,decrease,1.11645,1.11644,1.11654,1.11655
We crushed the original goal! I will write a $2 MILLION check to our campaign if we hit our end-of-month goal!  https://t.co/n6W9Dm6FqY,2016-07-31 05:30:51+00:00,dollar,increase,1.11748,1.11748,1.11748,1.11748
I will write a $2 MILLION check to our campaign if we hit our million-dollar end-of-month goal! https://t.co/fUTugI2R2k,2016-07-30 17:45:32+00:00,dollar,increase,,,,
I will once again write a $1 MILLION check to our campaign if we hit our million-dollar end-of-month goal! https://t.co/fUTugI2R2k,2016-07-29 03:18:23+00:00,dollar,increase,1.10822,1.10809,1.10838,1.10893
I will once again write a $1 MILLION check to our campaign if we hit our million-dollar end-of-month goal! https://t.co/CgHp1CqPSp,2016-07-29 02:04:26+00:00,dollar,increase,1.1079,1.10803,1.10814,1.1082
"The highly neurotic Debbie Wasserman Schultz is angry that, after stealing and cheating her way to a Crooked Hillary victory, she's out!",2016-07-24 22:33:42+00:00,euro,decrease,1.09712,1.09705,1.09702,1.09678
Is it the same Kaine that took hundreds of thousands of dollars in gifts while Governor of Virginia and didn't get indicted while Bob M did?,2016-07-23 03:23:15+00:00,dollar,decrease,,,,
We’ve just set a new goal: raise $4 million from our grassroots supporters by MIDNIGHT! https://t.co/Ssrh55C6hW https://t.co/8E0LiC8wYE,2016-07-21 16:47:02+00:00,dollar,increase,1.1009,1.1007,1.10088,1.10043
We’ve just set a new goal: raise $4 million from our grassroots supporters by MIDNIGHT! https://t.co/Ssrh55C6hW https://t.co/9Hd6dRcojF,2016-07-21 16:45:23+00:00,dollar,increase,1.10121,1.10113,1.10074,1.10044
URGENT: we’ve just announced a $2 million fundraising goal tonight. Please stand with us! https://t.co/Ssrh55C6hW https://t.co/2KjT4TJ07Y,2016-07-20 18:41:29+00:00,dollar,increase,1.10063,1.1008,1.10081,1.10172
Despite spending $500k a day on TV ads alone #CrookedHillary falls flat in nationwide @QuinnipiacPoll. Having ZERO impact. Sad!!,2016-07-13 22:19:48+00:00,dollar,decrease,1.10997,1.10984,1.1099,1.11014
"The reason I put up approximately $50 million for my successful primary campaign is very simple, I want to MAKE AMERICA GREAT AGAIN!",2016-06-30 19:30:54+00:00,dollar,increase,1.109,1.10925,1.10896,1.11034
I have self funded my winning primary campaign with an approx. $50 million loan. I have totally terminated the loan!,2016-06-30 19:30:20+00:00,dollar,no change,1.109,1.10925,1.10896,1.11034
The very dishonest @NBCNews refuses to accept the fact that I have forgiven my $50 million loan to my campaign. Done deal!,2016-06-30 19:29:48+00:00,dollar,decrease,1.10901,1.10932,1.10888,1.11024
"""""""@Gengm7: @jakeda @realDonaldTrump As of April this year, Hillary had spent $264,000,000 on her campaign Mr.Trump $55,000,000. self funding""""""",2016-06-30 01:46:50+00:00,dollar,no change,1.11078,1.11084,1.11087,1.11096
Clinton is trying to wash away her bad judgement call on BREXIT with big dollar ads. Disgraceful!,2016-06-26 11:36:14+00:00,dollar,decrease,1.10104,1.10104,1.10104,1.10104
Obama-Clinton inherited $10T in debt and turned it into nearly $20T.  They have bankrupted... https://t.co/1COtt0RPY7,2016-06-21 16:53:07+00:00,dollar,decrease,1.12548,1.12568,1.12588,1.12632
"""""""@KathyCeurter: @realDonaldTrump please Mr.Trump make @SenatorJeffSessions your VP. He is a perfect running mate.""""  He is a great guy!""",2016-06-09 01:49:25+00:00,euro,increase,1.14053,1.14086,1.14122,1.14128
"After @TrumpTurnberry I will be visiting Aberdeen, the oil capital of Europe, to see my great club, @TrumpScotland.",2016-06-03 03:41:05+00:00,euro,increase,1.11544,1.11557,1.11552,1.11566
"So I raised/gave $5,600,000 for the veterans and the media makes me look bad! They do anything to belittle - totally biased.",2016-06-01 13:17:58+00:00,dollar,decrease,1.1169,1.1166,1.11661,1.11621
"Just finished a press conference in Trump Tower wherein I gave information on which VETERANS groups got the $5,600,000 that I raised/gave!",2016-05-31 16:53:58+00:00,dollar,no change,1.11431,1.11386,1.1139,1.11361
"After raising, w/ no obligation, almost $6M for Vets, I couldn't believe protesters formed @ Trump Tower. JUST OUT- SENT BY CROOKED HILLARY!",2016-05-25 00:32:47+00:00,dollar,decrease,1.11388,1.11386,1.114,1.11402
"While under no obligation to do so, I have raised between 5 &amp, 6 million dollars, including 1million dollars from me, for our VETERANS. Nice!",2016-05-24 02:38:48+00:00,dollar,increase,1.12088,1.12096,1.12103,1.12074
"""Thank you, Anthony @Scaramucci @WSJ """"The Entrepreneur's Case for Trump""""  https://t.co/xm45Ia1GTu""",2016-05-16 18:19:42+00:00,euro,increase,1.13167,1.13178,1.13177,1.13222
"""""""@stranahan: Sheldon Adelson Pledges $100 Million to Elect Trump President - Breitbart https://t.co/aRXPHAlCLC""""""",2016-05-15 02:06:11+00:00,dollar,no change,1.13116,1.13116,1.13116,1.13116
"""""""@R_U_OK_UK: @realDonaldTrump @glozee1 @PaulManafort @CNN @DanScavino Vote trump to save the west. Don't become like Europe - #WakeUpAmerica""",2016-04-08 12:11:29+00:00,euro,no change,1.13628,1.13668,1.13666,1.13788
"The Club For Growth,which asked me for $1,000,000 in an extortion attempt, just put up a Wisconsin ad with incorrect math.What a dumb group!",2016-04-01 04:23:25+00:00,dollar,decrease,1.13737,1.13732,1.13746,1.13784
"""""""@SpartanMaker:  Let me help you Trumpophobes with math: Trump: ($10.3B-$1.2M 74' equity)/1.2M = 858,233%. S&amp,P: 1314.5% #Derp""""""",2016-03-26 10:36:09+00:00,dollar,no change,,,,
"Wow, just released that $67 million in negative ads was spent on me. How am I still number one - by a lot?",2016-03-24 22:42:27+00:00,dollar,decrease,1.11786,1.11781,1.11783,1.1173
Europe and the U.S. must immediately stop taking in people from Syria. This will be the destruction of civilization as we know it! So sad!,2016-03-24 15:55:32+00:00,euro,decrease,1.11656,1.11638,1.11664,1.11716
"Just announced that as many as 5000 ISIS fighters have infiltrated Europe. Also, many in U.S.  I TOLD YOU SO! I alone can fix this problem!",2016-03-24 15:52:11+00:00,euro,decrease,1.11638,1.11652,1.11638,1.11714
"I think having Jeb's endorsement hurts Lyin' Ted. Jeb spent more than $150,000,000 and got nothing. I spent a fraction of that and am first!",2016-03-23 20:02:29+00:00,dollar,decrease,1.11756,1.11768,1.1178,1.11803
"Club for Growth letter- trying to extort $1,000,000.00 from me. Remember, I said- NO! https://t.co/suIfdiMg0Q",2016-03-18 20:05:51+00:00,dollar,decrease,1.12763,1.12763,1.12738,
"Club For Growth tried to extort $1,000,000 from me. When I said NO, they went hostile with negative ads. Disgraceful!",2016-03-18 19:57:35+00:00,dollar,decrease,1.12751,1.12744,1.12776,1.12722
"With millions of dollars of negative and phony ads against me by the establishment, my numbers continue to go up. Can anyone explain this?",2016-03-18 19:44:17+00:00,dollar,decrease,1.12692,1.12695,1.12716,1.12786
"RT @JohnStossel: I can skate here ONLY b/c @realdonaldtrump fixed this rink after NYC gov’t spent $13M, but FAILED! Good for Trump! https:/...",2016-03-16 18:52:15+00:00,dollar,no change,1.1225,1.12057,1.1205,1.12228
"In the last 2 weeks, I had $35M of negative ads against me in Florida &amp, I won in a massive landslide.The establishment should save their $$!",2016-03-16 17:13:17+00:00,dollar,no change,1.10775,1.10761,1.10744,1.11641
"Phony Club For Growth tried to shake me down for one million dollars, &amp, is now putting out nasty negative ads on me. They are total losers!",2016-03-09 21:46:12+00:00,dollar,decrease,1.10019,1.10014,1.10004,1.0997
"People forget, it was Club for Growth that asked me for $1 million. I said no &amp, they went negative. Extortion! https://t.co/oq8jmoep7i",2016-03-08 02:54:34+00:00,dollar,decrease,1.10252,1.1025,1.10239,1.10188
Don't believe the millions of dollars of phony television ads by lightweight Rubio and the R establishment. Dishonest people!,2016-03-07 16:50:14+00:00,dollar,decrease,1.09948,1.10042,1.10092,1.1017
"We cannot let the failing REPUBLICAN ESTABLISHMENT, who could not stop Obama (twice), ruin the MOVEMENT with millions of  $'s in false ads!",2016-03-07 13:03:16+00:00,dollar,decrease,1.09502,1.09556,1.0954,1.09546
"How do you fight millions of dollars of fraudulent commercials pushing for crooked politicians? I will be using Facebook &amp, Twitter. Watch!",2016-03-07 02:58:38+00:00,dollar,decrease,1.09898,1.099,1.09897,1.09891
"Millions of dollars being spent on false TV ads by special interest groups who own Rubio &amp, Cruz.When you see them think of your puppet POLS",2016-03-03 03:18:30+00:00,dollar,decrease,1.08652,1.08648,1.08611,1.08584
The special interests and people who control our politicians (puppets) are spending $25 million on misleading and fraudulent T.V. ads on me.,2016-03-02 17:53:38+00:00,dollar,decrease,1.08481,1.08533,1.08516,1.08656
"""""""@EmaGabi23: Rubio was kicking back on his $80k boat he bought with lobbyist money and claimed it was from book sale profit lol""""""",2016-02-28 17:57:36+00:00,dollar,no change,1.09158,1.09158,1.09158,1.09158
"I only wish my wonderful father, Fred, gave me $200 million to start my business like lightweight Rubio says. He didn't - total fabrication!",2016-02-27 16:04:35+00:00,dollar,decrease,,,,
Club for Growth is the group that came to my office seeking $1 million dollars. I told them no and now they are doing negative ads.,2016-02-23 23:08:48+00:00,dollar,decrease,1.10222,1.10207,1.10206,
"I hear the Rickets family, who own the Chicago Cubs, are secretly spending $'s against me. They better be careful, they have a lot to hide!",2016-02-22 14:42:50+00:00,dollar,decrease,1.10176,1.10176,1.10218,1.10326
I am the only candidate (in many years) who is self-funding his campaign. Lobbyists and $ interests totally control all other candidates!,2016-02-20 15:31:23+00:00,dollar,decrease,,,,
How can @JebBush beat Hillary Clinton- if he can't beat anyone else on the #GOPDebate stage with $150M? I am the only one who can!,2016-02-14 05:37:59+00:00,dollar,no change,1.12472,1.12472,1.12472,1.12472
"""""""@ThtsWhtKelSaid: I'm fed up w/ DC playing 3 card Monty w/ our tax $'s. It's time we the people play the Trump card, &amp, take back our country""",2016-02-13 19:22:39+00:00,dollar,decrease,,,,
Word is that little Morty Zuckerman’s @NYDailyNews loses more than $50 million per year---can that be possible?,2016-02-13 02:50:03+00:00,dollar,decrease,,,,
"Millions of $'s of false ads,  paid for by lobbyists-special interests of cheater @SenTedCruz  and sleepy @JebBush, are now running in S.C.",2016-02-12 21:54:11+00:00,dollar,decrease,1.12505,1.12559,,
"After hearing the news that they would not be able to extort $1M from me, they went hostile w/ a series of incorrect &amp, ill-informed ads.",2016-02-12 18:22:20+00:00,dollar,decrease,1.12437,1.12476,1.12434,1.12412
"Nothing conservative about the Club for Growth coming into my office and demanding a $1M contribution, which naturally, they did not get.",2016-02-12 18:22:06+00:00,dollar,decrease,1.12437,1.12476,1.12434,1.12412
Jeb failed as Jeb! He gave up and enlisted Mommy and his brother (who got us into the quicksand of Iraq). Spent $120 million.Weak-no chance!,2016-02-11 19:45:59+00:00,dollar,decrease,1.13292,1.13292,1.13213,1.13202
"Jeb Bush spent more than $40,000,000 in New Hampshire to come in 4 or 5, I spent $3,000,000 to come in 1st. Big difference in capability!",2016-02-11 15:11:56+00:00,dollar,no change,1.13336,1.13294,1.13335,1.13472
We will immediately repeal and replace ObamaCare - and nobody can do that like me. We will save $'s and have much better healthcare!,2016-02-09 22:15:34+00:00,dollar,increase,1.12864,1.12898,1.12875,1.12878
No-one has done more for people with disabilities than me. I have spent many millions of dollars to help out-and am happy to have done so!,2016-02-09 12:16:37+00:00,dollar,increase,1.12224,1.12156,1.12168,1.12329
"Now that Bush has wasted $120 million of special interest money on his failed campaign, he says he would end super PACs. Sad!",2016-02-08 19:47:18+00:00,dollar,decrease,1.11988,1.12075,1.12132,1.11904
Everybody is laughing at Jeb Bush-spent $100 million and is at bottom of pack. A pathetic figure!,2016-02-08 16:38:00+00:00,dollar,decrease,1.11881,1.1178,1.1176,1.11662
"If I would have done the last debate, a record would have been set (instead of the poor ratings recieved). Also, VETS got $6,000,000.",2016-01-31 14:40:25+00:00,dollar,no change,1.08326,1.08326,1.08326,1.08326
"""By not doing the failed, poorly rated debate, I was able to make the point of not allowing """"unfairness"""" - while raising $6,000,000 for VETS.""",2016-01-31 14:32:03+00:00,dollar,no change,1.08326,1.08326,1.08326,1.08326
".@bobvanderplaats asked me to do an event. The people holding the event called me to say he wanted $100,000 for himself.Phony @foxandfriends",2016-01-31 12:36:39+00:00,dollar,decrease,1.08326,1.08326,1.08326,1.08326
".@oreillyfactor  The people of Iowa love the fact that I stuck up for my rights, as I will do for the U.S. Also got $6,000,000 for our VETS!",2016-01-30 01:41:51+00:00,dollar,increase,,,,
".@FoxNews is the only network that does not even mention my very successful event last night. $6,000,000 raised in one hour for our VETS.",2016-01-30 01:31:51+00:00,dollar,no change,,,,
"Iowa was amazing last night. The event could not have worked out better. We raised $6,000,000 for our great vets. They were so happy &amp, proud",2016-01-29 13:42:58+00:00,dollar,increase,1.08909,1.087,1.08734,1.0841
"An unbelievable night in Iowa with our great Veterans! We raised $6,000,000.00 while the politicians talked! #GOPDebate",2016-01-29 03:54:32+00:00,dollar,increase,1.09118,1.09318,1.09258,1.09248
"I hear that @SenTedCruz’s $$ man, Robert Mercer, a good man, is very angry because Cruz lied to him about liquidating his (Ted’s) holdings.?",2016-01-28 19:52:03+00:00,dollar,decrease,1.09584,1.0955,1.09544,1.09448
".@bobvanderplaats begged me to do an event while asking organizers for $100,000 for himself—a bad guy!",2016-01-26 18:03:07+00:00,dollar,decrease,1.0841,1.08464,1.0849,1.0839
"Cruz says I supported TARP, which gave $25 million to Goldman Sachs, the bank which loaned him the money he didn't disclose. Puppet!",2016-01-23 01:34:26+00:00,dollar,no change,,,,
"""After spending $89 million, @JebBush is at the bottom of the barrel in polls. He is ashamed to use the name """"Bush"""" in ads. Low energy guy!""",2016-01-22 15:42:18+00:00,dollar,decrease,1.08256,1.08314,1.0835,1.08081
Low energy candidate @JebBush has wasted $80 million on his failed presidential campaign. Millions spent on me. He should go home and relax!,2016-01-21 14:32:57+00:00,dollar,decrease,1.0828,1.08266,1.08292,1.08194
"I am self-funding my campaign - putting up my own money, not controlled.  Cruz is spending $millions on ads paid for by his N.Y. bosses.",2016-01-17 21:05:47+00:00,dollar,decrease,1.0928,1.0928,1.0928,1.092
"Iran is going to buy 114 jetliners with a small part of the $150 billion we are giving them...but they won't buy from U.S., rather Airbus!",2016-01-17 15:21:46+00:00,dollar,no change,1.0928,1.0928,1.0928,1.0928
"In Iran deal we get 4 prisoners. They get $150 billion, 7 most wanted and many off watch list. This will create great incentive for others!",2016-01-17 13:51:56+00:00,dollar,increase,1.0928,1.0928,1.0928,1.0928
"Wow! Ted Cruz received $487K in campaign contributions, $11M from a NY hedge fund mogul, &amp, $1M low int. loan from Goldman Sachs. Hypocrite",2016-01-16 19:32:40+00:00,dollar,no change,,,,
"""Ted Cruz said he """"didn't know"""" that he was a Canadian Citizen. He also FORGOT to file his Goldman Sachs Million $ loan papers.Not believable""",2016-01-16 11:49:02+00:00,dollar,decrease,,,,
"Iran toys with U.S. days before we pay them, ridiculously, billions of dollars. Don't release money. We want our hostages back NOW!",2016-01-13 12:09:54+00:00,dollar,decrease,1.08219,1.08148,1.08142,1.08185
"Hank Greenberg, formerly of AIG, gave $10 million to the @JebBush campaign 3 months ago. He is not happy, a total waste of money!",2016-01-08 15:57:17+00:00,dollar,decrease,1.09044,1.09039,1.08934,1.08879
"When I look at all of the money the special interests and lobbyists are giving to candidates, beware - the candidates are mere puppets $$$$!",2016-01-02 21:01:10+00:00,dollar,decrease,,,,
"Why is the United States Post Office, which is losing many billions of dollars a year, while charging Amazon and others so little to deliver their packages, making Amazon richer and the Post Office dumber and poorer? Should be charging MUCH MORE!",2017-12-29 13:04:09+00:00,dollar,decrease,1.19947,1.19938,1.19928,1.19862
"In the East, it could be the COLDEST New Year’s Eve on record. Perhaps we could use a little bit of that good old Global Warming that our Country, but not other countries, was going to pay TRILLIONS OF DOLLARS to protect against. Bundle up!",2017-12-29 00:01:47+00:00,dollar,no change,1.19398,1.19406,1.19408,1.1945
"How can FBI Deputy Director Andrew McCabe, the man in charge, along with leakin’ James Comey, of the Phony Hillary Clinton investigation (including her 33,000 illegally deleted emails) be given $700,000 for wife’s campaign by Clinton Puppets during investigation?",2017-12-23 20:27:05+00:00,dollar,decrease,,,,
Will be signing the biggest ever Tax Cut and Reform Bill in 30 minutes in Oval Office. Will also be signing a much needed 4 billion dollar missile defense bill.,2017-12-22 15:07:55+00:00,dollar,increase,1.18486,1.18442,1.18356,1.18358
"At some point, and for the good of the country, I predict we will start working with the Democrats in a Bipartisan fashion. Infrastructure would be a perfect place to start. After having foolishly spent $7 trillion in the Middle East, it is time to start rebuilding our country!",2017-12-22 13:05:06+00:00,dollar,increase,1.18514,1.18512,1.18516,1.18543
"The train accident that just occurred in DuPont, WA shows more than ever why our soon to be submitted infrastructure plan must be approved quickly. Seven trillion dollars spent in the Middle East while our roads, bridges, tunnels, railways (and more) crumble! Not for long!",2017-12-18 18:41:05+00:00,dollar,decrease,1.17925,1.17926,1.17937,1.17795
"Today, we gathered in the Roosevelt Room for one single reason: to CUT THE RED TAPE! For many decades, an ever-growing maze of regs, rules, and restrictions has cost our country trillions of dollars, millions of jobs, countless American factories, &amp, devastated entire industries. https://t.co/ostXOVnckf",2017-12-14 20:13:04+00:00,dollar,decrease,1.17906,1.17889,1.17894,1.17819
"Despite thousands of hours wasted and many millions of dollars spent, the Democrats have been unable to show any collusion with Russia - so now they are moving on to the false accusations and fabricated stories of women who I don’t know and/or have never met. FAKE NEWS!",2017-12-12 12:10:58+00:00,dollar,decrease,1.17742,1.17751,1.17788,1.17676
"“The unemployment rate remains at a 17-year low of 4.1%. The unemployment rate in manufacturing dropped to 2.6%, the lowest ever recorded. The unemployment rate among Hispanics dropped to 4.7%, the lowest ever recorded...”@SecretaryAcosta @USDOL https://t.co/vou28s0yHN",2017-12-08 19:02:27+00:00,dollar,no change,1.17632,1.17668,1.17662,1.17685
"Across the battlefields, oceans, and harrowing skies of Europe and the Pacific throughout the war, one great battle cry could be heard by America’s friends and foes alike:“REMEMBER PEARL HARBOR.” https://t.co/dfev02TwIr",2017-12-07 21:10:28+00:00,euro,increase,1.17748,1.17732,1.17724,1.17726
"People who lost money when the Stock Market went down 350 points based on the False and Dishonest reporting of Brian Ross of @ABC News (he has been suspended), should consider hiring a lawyer and suing ABC for the damages this bad reporting has caused - many millions of dollars!",2017-12-03 13:15:21+00:00,dollar,decrease,1.18635,1.18635,1.18635,1.18635
"Today, it was my great honor to meet with the Crown Prince of Bahrain at the @WhiteHouse. Bahrain and the United States are important partners.During the Crown Prince’s visit, he is advancing $9 BILLION in commercial deals, including finalizing the purchase of F-16’s... https://t.co/vYuw7UGYmN",2017-11-30 21:00:50+00:00,dollar,increase,1.19026,1.1905,1.19067,1.19038
"RT @statedeptspox: #GES2017 highlights the important role of women #entrepreneurs &amp, demonstrates the importance of #innovation &amp, partnershi...",2017-11-28 13:04:45+00:00,euro,increase,1.18834,1.18876,1.18882,1.1899
RT @IvankaTrump: It was an honor to meet with you Prime Minister Modi. Thank you for co-hosting the 8th annual Global Entrepreneurship Summ...,2017-11-28 14:18:20+00:00,euro,increase,1.1888,1.18894,1.18843,1.18742
"The Tax Cut Bill is coming along very well, great support. With just a few changes, some mathematical, the middle class and job producers can get even more in actual dollars and savings and the pass through provision becomes simpler and really works well!",2017-11-27 14:24:36+00:00,dollar,increase,1.19493,1.195,1.19535,1.19292
"Will be speaking to President Recep Tayyip Erdogan of Turkey this morning about bringing peace to the mess that I inherited in the Middle East. I will get it all done, but what a mistake, in lives and dollars (6 trillion), to be there in the first place!",2017-11-24 12:04:13+00:00,dollar,decrease,1.18608,1.18584,1.18601,1.18729
Will be having meetings and working the phones from the Winter White House in Florida (Mar-a-Lago). Stock Market hit new Record High yesterday - $5.5 trillion gain since E. Many companies coming back to the U.S. Military building up and getting very strong.,2017-11-22 11:51:22+00:00,dollar,increase,1.1754,1.17532,1.17488,1.17405
"I don’t blame China, I blame the incompetence of past Admins for allowing China to take advantage of the U.S. on trade leading up to a point where the U.S. is losing $100's of billions. How can you blame China for taking advantage of people that had no clue? I would've done same!",2017-11-09 23:39:56+00:00,dollar,decrease,1.16426,1.16444,1.16464,
"The U.S., under my administration, is completely rebuilding its military, and they're spending hundreds of billions of dollars to the newest and finest military equipment anywhere in the world, being built right now. I want peace through strength! https://t.co/2YXkIvRIFi",2017-11-08 03:09:37+00:00,dollar,increase,1.1598,1.15982,1.15972,1.15964
"Unemployment is down to 4.1%, lowest in 17 years. 1.5 million new jobs created since I took office. Highest stock Market ever, up $5.4 trill",2017-11-04 12:35:00+00:00,dollar,increase,,,,
"Broadcom's move to America=$20 BILLION of annual rev into U.S.A., $3+ BILLION/yr. in research/engineering &amp, $6 BILLION/yr. in manufacturing. https://t.co/NsJ4PtVTtl",2017-11-02 20:33:18+00:00,dollar,no change,1.16594,1.16601,1.16604,1.16568
"""""""Senator Chuck Schumer helping to import Europes problems"""" said Col.Tony Shaffer. We will stop this craziness!  @foxandfriends""",2017-11-01 11:40:14+00:00,euro,decrease,1.16333,1.16356,1.16376,1.16207
"Report out that Obama Campaign paid $972,000 to Fusion GPS. The firm also got $12,400,000 (really?) from DNC. Nobody knows who OK'd!",2017-10-30 11:37:36+00:00,dollar,decrease,1.1633,1.16336,1.16359,1.16276
"Never seen such Republican ANGER &amp, UNITY as I have concerning the lack of investigation on Clinton made Fake Dossier (now $12,000,000?),....",2017-10-29 13:53:43+00:00,dollar,decrease,1.16136,1.16136,1.16136,1.16136
Happy Birthday @TheLeeGreenwood!#FlashbackFriday https://t.co/MCrMK6Eurm,2017-10-27 23:33:14+00:00,euro,increase,,,,
"Crooked Hillary Clinton spent hundreds of millions of dollars more on Presidential Election than I did. Facebook was on her side, not mine!",2017-10-21 21:21:08+00:00,dollar,decrease,,,,
"""Keep hearing about """"tiny"""" amount of money spent on Facebook ads. What about the billions of dollars of Fake News on CNN, ABC, NBC &amp, CBS?""",2017-10-21 20:06:00+00:00,dollar,decrease,,,,
Stock Market hits another all time high on Friday. 5.3 trillion dollars up since Election. Fake News doesn't spent much time on this!,2017-10-21 13:14:33+00:00,dollar,no change,,,,
"The U.S. has gained more than 5.2 trillion dollars in Stock Market Value since Election Day! Also, record business enthusiasm.",2017-10-16 12:57:50+00:00,dollar,increase,1.18078,1.1808,1.18092,1.18032
RT @ABCNewsRadio: Global fund championed by Ivanka Trump to help women entrepreneurs begins operations https://t.co/jUmsY3ON4x https://t.co...,2017-10-16 00:55:02+00:00,euro,no change,1.18128,1.18122,1.18122,1.18038
RT @realDonaldTrump: Happy to announce we are awarding $1M to Las Vegas - in order to help local law enforcement working OT to respond to l...,2017-10-11 07:50:03+00:00,dollar,increase,1.18268,1.18292,1.18294,1.1843
Happy to announce we are awarding $1M to Las Vegas - in order to help local law enforcement working OT to respond to last Sunday’s tragedy.,2017-10-11 19:49:21+00:00,dollar,increase,1.18681,1.18674,1.18668,1.18622
"Stock Market has increased by 5.2 Trillion dollars since the election on November 8th, a 25% increase. Lowest unemployment in 16 years and..",2017-10-11 10:21:15+00:00,dollar,increase,1.18161,1.18149,1.18168,1.18208
"""""""President Donald J. Trump Proclaims October 9, 2017, as #ColumbusDay"""" https://t.co/cbQRst4lN4""",2017-10-09 18:35:04+00:00,dollar,no change,1.1751,1.17503,1.17516,1.17538
"Our country has been unsuccessfully dealing with North Korea for 25 years, giving billions of dollars &amp, getting nothing. Policy didn't work!",2017-10-09 10:50:34+00:00,dollar,decrease,1.1742,1.17448,1.17431,1.17434
"""""""The Republican Party is racking up record amounts of small dollar donations - fueled by Trump supporters.....""""   @nypost  Thank you!""",2017-10-08 23:58:43+00:00,dollar,increase,1.17427,,,
"...contributions. The RNC is taking in far more $'s than the Dems, and much of it by my wonderful small donors. I am working hard for them!",2017-10-07 11:11:50+00:00,dollar,increase,,,,
RT @GOPChairwoman: The Trump Inaugural Committee is donating $3 million in surplus funds to victims of the latest hurricanes. https://t.co...,2017-09-29 01:07:04+00:00,dollar,no change,1.17897,1.17902,1.17888,1.17812
"...It's old electrical grid, which was in terrible shape, was devastated. Much of the Island was destroyed, with billions of dollars....",2017-09-26 00:50:40+00:00,dollar,decrease,1.18519,1.18522,1.1854,1.18567
"If a player wants the privilege of making millions of dollars in the NFL,or other leagues, he or she should not be allowed to disrespect....",2017-09-23 18:11:10+00:00,dollar,no change,,,,
RT @markets: What Is Trump worth to Twitter? One analyst estimates $2 billion https://t.co/knniVpqr35 https://t.co/djkZiRk5nL,2017-09-17 12:29:57+00:00,dollar,no change,1.19263,1.19263,1.19263,1.19263
".@IvankaTrump will lead the U.S. delegation to India this fall, supporting women’s entrepreneurship globally.#GES2017 @narendramodi",2017-08-10 20:18:30+00:00,euro,no change,1.1777,1.17794,1.1776,1.17712
United Nations Resolution is the single largest economic sanctions package ever on North Korea. Over one billion dollars in cost to N.K.,2017-08-05 23:14:18+00:00,dollar,no change,,,,
....and don't forget that Foxconn will be spending up to 10 billion dollars on a top of the line plant/plants in Wisconsin.,2017-08-04 10:21:34+00:00,dollar,no change,1.18804,1.18786,1.18748,1.18662
"Toyota &amp, Mazda to build a new $1.6B plant here in the U.S.A. and create 4K new American jobs. A great investment in American manufacturing!",2017-08-04 10:02:24+00:00,dollar,increase,1.18794,1.18806,1.18794,1.18698
"I am very disappointed in China. Our foolish past leaders have allowed them to make hundreds of billions of dollars a year in trade, yet...",2017-07-29 23:29:05+00:00,dollar,decrease,,,,
"Thank you Foxconn, for investing $10 BILLION DOLLARS with the potential for up to 13K new jobs in Wisconsin! MadeInTheUSA🇺🇸 https://t.co/jJghVeb63s",2017-07-27 00:01:35+00:00,dollar,increase,1.17317,1.17341,1.17366,1.17296
"...big dollars ($700,000) for his wife's political run from Hillary Clinton and her representatives. Drain the Swamp!",2017-07-26 13:52:57+00:00,dollar,decrease,1.16347,1.1635,1.16318,1.16382
"Problem is that the acting head of the FBI &amp, the person in charge of the Hillary investigation, Andrew McCabe, got $700,000 from H for wife!",2017-07-25 10:21:41+00:00,dollar,decrease,1.16515,1.16501,1.16511,1.16582
"...What about all of the Clinton ties to Russia, including Podesta Company, Uranium deal, Russian Reset, big dollar speeches etc.",2017-07-22 11:47:53+00:00,dollar,no change,,,,
"""""""Six months in - it is the hope of GROWTH📈that is making America🇺🇸FOUR TRILLION DOLLARS💰RICHER."""" -Stuart @VarneyCo🎥https://t.co/s7fYOicWGV https://t.co/x9MeUzDom6""",2017-07-21 15:28:38+00:00,dollar,increase,1.16516,1.16512,1.16506,1.16611
"Billions of dollars in investments &amp, thousands of new jobs in America! An initiative via Corning, Merck &amp, Pfizer: https://t.co/QneN48bSiq https://t.co/5VtMfuY3PM",2017-07-21 03:31:45+00:00,dollar,increase,1.16252,1.16272,1.16284,1.16276
I am at the @USGA  #USWomensOpen. An amateur player is co-leading for the first time in many decades - very exciting!,2017-07-16 21:00:03+00:00,euro,increase,1.14698,1.14707,1.14711,1.1472
"A strong Poland is a blessing to the nations of Europe, and a strong Europe is a blessing to the West, and to the world. https://t.co/vHzPwMtJSm",2017-07-06 20:45:21+00:00,euro,increase,1.14214,1.14236,1.14248,1.14228
"Hopefully Republican Senators, good people all, can quickly get together and pass a new (repeal &amp, replace) HEALTHCARE bill. Add saved $'s.",2017-05-31 13:05:14+00:00,dollar,increase,1.12236,1.12236,1.1226,1.12352
I suggest that we add more dollars to Healthcare and make it the best anywhere. ObamaCare is dead - the Republicans will do much better!,2017-05-28 23:57:19+00:00,dollar,no change,1.11759,,,
Just returned from Europe. Trip was a great success for America. Hard work but big results!,2017-05-28 12:10:43+00:00,euro,increase,1.1171,1.1171,1.1171,1.1171
"Bringing hundreds of billions of dollars back to the U.S.A. from the Middle East - which will mean JOBS, JOBS, JOBS!",2017-05-27 17:19:37+00:00,dollar,increase,,,,
Just arrived in Italy for the G7. Trip has been very successful. We made and saved the USA many billions of dollars and millions of jobs.,2017-05-26 10:13:41+00:00,dollar,increase,1.12215,1.12224,1.12238,1.12162
"""RT @foxandfriends: Former President Obama's $400K Wall Street speech stuns liberal base, Sen. Warren saying she """"was troubled by that"""" http...""",2017-04-28 12:12:15+00:00,dollar,decrease,1.09292,1.09272,1.09262,1.09058
"Democrats are trying to bail out insurance companies from disastrous #ObamaCare, and Puerto Rico with your tax dollars. Sad!",2017-04-26 23:06:16+00:00,dollar,decrease,1.09069,1.09088,1.09088,
"Today, I was thrilled to announce a commitment of $25 BILLION &amp, 20K AMERICAN JOBS over the next 4 years. THANK YOU... https://t.co/nWJ1hNmzoR",2017-03-24 17:59:42+00:00,dollar,increase,1.08044,1.08052,1.08042,1.08057
"Thank you to @exxonmobil for your $20 billion investment that is creating more than 45,000 manufacturing &amp, construction jobs in the USA!",2017-03-07 03:50:49+00:00,dollar,increase,1.05896,1.05882,1.05886,1.05826
"45,000 construction &amp, manufacturing jobs in the U.S. Gulf Coast region. $20 billion investment. We are already winning again, America!",2017-03-06 21:22:15+00:00,dollar,increase,1.05819,1.0582,1.05834,1.0581
"Since November 8th, Election Day, the Stock Market has posted $3.2 trillion in GAINS and consumer confidence is at a 15 year high. Jobs!",2017-03-02 11:00:41+00:00,dollar,increase,1.0527,1.05252,1.0523,1.05206
The media has not reported that the National Debt in my first month went down by $12 billion vs a $200 billion increase in Obama first mo.,2017-02-25 13:19:18+00:00,dollar,no change,,,,
"Thank you Brian Krzanich, CEO of @Intel. A great investment ($7 BILLION) in American INNOVATION and JOBS!... https://t.co/oicfDsPKHQ",2017-02-08 19:22:33+00:00,dollar,increase,1.06867,1.06856,1.06864,1.06876
"The threat from radical Islamic terrorism is very real, just look at what is happening in Europe and the Middle-East. Courts must act fast!",2017-02-07 02:49:28+00:00,euro,decrease,1.07244,1.07262,1.07227,1.0707
Iran was on its last legs and ready to collapse until the U.S. came along and gave it a life-line in the form of the Iran Deal: $150 billion,2017-02-02 11:39:49+00:00,dollar,no change,1.08059,1.0809,1.08138,1.08054
Iran is rapidly taking over more and more of Iraq even after the U.S. has squandered three trillion dollars there. Obvious long ago!,2017-02-02 03:06:14+00:00,dollar,decrease,1.07875,1.0788,1.07853,1.07924
"Our country needs strong borders and extreme vetting, NOW. Look what is happening all over Europe and, indeed, the world - a horrible mess!",2017-01-29 13:08:18+00:00,euro,decrease,1.07178,1.07178,1.07178,1.07178
The U.S. has a 60 billion dollar trade deficit with Mexico. It has been a one-sided deal from the beginning of NAFTA with massive numbers...,2017-01-26 13:51:46+00:00,dollar,no change,1.0702,1.0696,1.06926,1.06884
"Ford said last week that it will expand in Michigan and U.S. instead of building a BILLION dollar plant in Mexico. Thank you Ford &amp, Fiat C!",2017-01-09 14:16:34+00:00,dollar,increase,1.05482,1.05378,1.05382,1.05466
"It's finally happening - Fiat Chrysler just announced plans to invest $1BILLION in Michigan and Ohio plants, adding 2000 jobs. This after...",2017-01-09 14:14:10+00:00,dollar,increase,1.05416,1.05448,1.05361,1.05464
"....The United States looses soooo much money on Trade with Mexico under NAFTA, over 75 Billion Dollars a year (not including Drug Money which would be many times that amount), that I would consider closing the Southern Border a “profit making operation.” We build a Wall or.....",2018-12-28 12:42:12+00:00,dollar,decrease,1.1464,1.14664,1.14656,1.14438
"I am in the Oval Office &amp, just gave out a 115 mile long contract for another large section of the Wall in Texas. We are already building and renovating many miles of Wall, some complete. Democrats must end Shutdown and finish funding. Billions of Dollars, &amp, lives, will be saved!",2018-12-24 22:24:13+00:00,dollar,increase,,,,
"The Wall is different than the 25 Billion Dollars in Border Security. The complete Wall will be built with the Shutdown money plus funds already in hand. The reporting has been inaccurate on the point. The problem is, without the Wall, much of the rest of Dollars are wasted!",2018-12-24 17:10:22+00:00,dollar,decrease,1.14156,1.14132,1.14124,1.14198
"The only problem our economy has is the Fed. They don’t have a feel for the Market, they don’t understand necessary Trade Wars or Strong Dollars or even Democrat Shutdowns over Borders. The Fed is like a powerful golfer who can’t score because he has no touch - he can’t putt!",2018-12-24 15:55:22+00:00,dollar,decrease,1.14146,1.14135,1.1417,1.14186
"For all of the sympathizers out there of Brett McGurk remember, he was the Obama appointee who was responsible for loading up airplanes with 1.8 Billion Dollars in CASH &amp,  sending it to Iran as part of the horrific Iran Nuclear Deal (now terminated) approved by Little Bob Corker.",2018-12-24 15:23:22+00:00,dollar,decrease,1.14221,1.14244,1.14156,1.14098
"Thanks @RandPaul  “I am very proud of the President. This is exactly what he promised, and I think the people agree with him. We’ve been at war too long and in too many places...spent several trillion dollars on these wars everywhere. He’s different...that’s why he got elected.”",2018-12-23 21:18:49+00:00,dollar,increase,1.13743,1.13743,1.13743,1.13625
"AFTER TWO YEARS AND MILLIONS OF PAGES OF DOCUMENTS (and a cost of over $30,000,000), NO COLLUSION!",2018-12-08 13:01:56+00:00,dollar,no change,,,,
".....on a Border is only effective in conjunction with a Wall. Properly designed and built Walls work, and the Democrats are lying when they say they don’t. In Israel the Wall is 99.9% successful. Will not be any different on our Southern Border! Hundreds of $Billions saved!",2018-12-21 12:10:36+00:00,dollar,no change,1.1424,1.1424,1.14189,1.14096
"So hard to believe that Lindsey Graham would be against saving soldier lives &amp, billions of $$$. Why are we fighting for our enemy, Syria, by staying &amp, killing ISIS for them, Russia, Iran &amp, other locals? Time to focus on our Country &amp, bring our youth back home where they belong!",2018-12-20 19:22:19+00:00,dollar,decrease,1.14828,1.14826,1.14806,1.14714
"Does the USA want to be the Policeman of the Middle East, getting NOTHING but spending precious lives and trillions of dollars protecting others who, in almost all cases, do not appreciate what we are doing? Do we want to be there forever? Time for others to finally fight.....",2018-12-20 11:56:54+00:00,dollar,decrease,1.14669,1.14648,1.14605,1.14521
"Col. Jim Carafano on @IngrahamAngle “Trump has made the Middle East a better place. When Trump came into office, ISIS was running amuck in the Middle East. Over a million refugees poured into Western Europe - none of that is happening today. That’s all due to Trump.”",2018-12-20 05:04:05+00:00,euro,no change,1.13866,1.1386,1.13879,1.13899
"....This will keep our communities safer, and provide hope and a second chance, to those who earn it. In addition to everything else, billions of dollars will be saved. I look forward to signing this into law!",2018-12-19 02:07:02+00:00,dollar,increase,1.13806,1.13827,1.13841,1.13865
"....It will be beautiful and, at the same time, give our Country the security that our citizens deserve. It will go up fast and save us BILLIONS of dollars a month once completed!",2018-12-19 01:13:30+00:00,dollar,increase,1.13834,1.13835,1.1382,1.1383
Illegal immigration costs the United States more than 200 Billion Dollars a year. How was this allowed to happen?,2018-12-18 12:55:48+00:00,dollar,decrease,1.13794,1.13804,1.13789,1.13848
"Anytime you hear a Democrat saying that you can have good Border Security without a Wall, write them off as just another politician following the party line. Time for us to save billions of dollars a year and have, at the same time, far greater safety and control!",2018-12-17 16:05:30+00:00,dollar,no change,1.13334,1.1334,1.13362,1.13416
"It is incredible that with a very strong dollar and virtually no inflation, the outside world blowing up around us, Paris is burning and China way down, the Fed is even considering yet another interest rate hike. Take the Victory!",2018-12-17 13:27:16+00:00,dollar,increase,1.13428,1.13461,1.13488,1.13436
"Anytime you hear a Democrat saying that you can have good Boarder Security without a Wall, write them off as just another politician following the party line. Time for us to save billions of dollars a year and have, at the same time, far greater safety and control!",2018-12-17 01:08:38+00:00,dollar,no change,1.13065,1.1308,1.13076,1.13082
"The Democrats and President Obama gave Iran 150 Billion Dollars and got nothing, but they can’t give 5 Billion Dollars for National Security and a Wall?",2018-12-12 12:50:17+00:00,dollar,decrease,1.13562,1.13384,1.13458,1.13614
Thanks to Leader McConnell for agreeing to bring a Senate vote on Criminal Justice this week! These historic changes will make communities SAFER and SAVE tremendous taxpayers dollars. It brings much needed hope to many families during the Holiday Season.,2018-12-11 22:09:04+00:00,dollar,increase,1.13184,1.13183,1.13178,1.13212
"The idea of a European Military didn’t work out too well in W.W. I or 2. But the U.S. was there for you, and always will be. All we ask is that you pay your fair share of NATO. Germany is paying 1% while the U.S. pays 4.3% of a much larger GDP - to protect Europe. Fairness!",2018-12-08 12:52:39+00:00,euro,no change,,,,
"Hopefully Mitch McConnell will ask for a VOTE on Criminal Justice Reform. It is extremely popular and has strong bipartisan support. It will also help a lot of people, save taxpayer dollars, and keep our communities safe. Go for it Mitch!",2018-12-07 20:56:17+00:00,dollar,increase,1.14068,1.14075,1.1409,1.14009
"Could somebody please explain to the Democrats (we need their votes) that our Country losses 250 Billion Dollars a year on illegal immigration, not including the terrible drug flow. Top Border Security, including a Wall, is $25 Billion. Pays for itself in two months. Get it done!",2018-12-04 16:22:24+00:00,dollar,decrease,1.13556,1.1356,1.1354,1.133
"....I am a Tariff Man. When people or countries come in to raid the great wealth of our Nation, I want them to pay for the privilege of doing so. It will always be the best way to max out our economic power. We are right now taking in $billions in Tariffs. MAKE AMERICA RICH AGAIN",2018-12-04 15:03:41+00:00,dollar,increase,1.13885,1.13876,1.13856,1.13532
"We would save Billions of Dollars if the Democrats would give us the votes to build the Wall. Either way, people will NOT be allowed into our Country illegally! We will close the entire Southern Border if necessary. Also, STOP THE DRUGS!",2018-12-03 13:45:22+00:00,dollar,decrease,1.13377,1.13321,1.13303,1.13426
"I am certain that, at some time in the future, President Xi and I, together with President Putin of Russia, will start talking about a meaningful halt to what has become a major and uncontrollable Arms Race. The U.S. spent 716 Billion Dollars this year. Crazy!",2018-12-03 13:30:46+00:00,dollar,no change,1.13352,1.13368,1.13389,1.13395
"Billions of Dollars are pouring into the coffers of the U.S.A. because of the Tariffs being charged to China, and there is a long way to go. If companies don’t want to pay Tariffs, build in the U.S.A. Otherwise, lets just make our Country richer than ever before!",2018-11-29 12:32:13+00:00,dollar,no change,1.13747,1.13788,1.13772,1.13974
"When will this illegal Joseph McCarthy style Witch Hunt, one that has shattered so many innocent lives, ever end-or will it just go on forever? After wasting more than $40,000,000 (is that possible?), it has proven only one thing-there was NO Collusion with Russia. So Ridiculous!",2018-11-29 12:16:12+00:00,dollar,decrease,1.13753,1.13791,1.13763,1.13884
"RT @The_Trump_Train: Illegals can get up to $3,874 a month under Federal Assistance program. Our social security checks are on average $120...",2018-11-28 01:41:14+00:00,dollar,no change,1.12874,1.1288,1.12889,1.12918
"RT @The_Trump_Train: If GM doesn't want to keep their jobs in the United States, they should pay back the $11.2 billion bailout that was fu...",2018-11-28 01:40:48+00:00,dollar,decrease,1.1289,1.12872,1.12891,1.12911
"....terrible Gang of Angry Democrats. Look at their past, and look where they come from. The now $30,000,000 Witch Hunt continues and they’ve got nothing but ruined lives. Where is the Server? Let these terrible people go back to the Clinton Foundation and “Justice” Department!",2018-11-27 13:07:23+00:00,dollar,decrease,1.13296,1.1326,1.13312,1.13216
"Europe has to pay their fair share for Military Protection. The European Union, for many years, has taken advantage of us on Trade, and then they don’t live up to their Military commitment through NATO. Things must change fast!",2018-11-25 20:27:34+00:00,euro,decrease,1.1342,1.1342,1.1342,1.1342
The large and violent French protests don’t take into account how badly the United States has been treated on Trade by the European Union or on fair and reasonable payments for our GREAT military protection. Both of these topics must be remedied soon.,2018-11-25 13:16:56+00:00,euro,decrease,1.1342,1.1342,1.1342,1.1342
"“It’s a mean &amp, nasty world out there, the Middle East in particular. This is a long and historic commitment, &amp, one that is absolutely vital to America’s national security.” @SecPompeo  I agree 100%. In addition, many Billions of Dollars of purchases made in U.S., big Jobs &amp, Oil!",2018-11-22 11:58:24+00:00,dollar,increase,1.14188,1.14161,1.14162,1.1408
"Oil prices getting lower. Great! Like a big Tax Cut for America and the World. Enjoy! $54, was just $82. Thank you to Saudi Arabia, but let’s go lower!",2018-11-21 12:49:51+00:00,dollar,increase,1.14002,1.1406,1.14102,1.14134
"....We no longer pay Pakistan the $Billions because they would take our money and do nothing for us, Bin Laden being a prime example, Afghanistan being another. They were just one of many countries that take from the United States without giving anything in return. That’s ENDING!",2018-11-19 15:41:19+00:00,dollar,decrease,1.14606,1.14604,1.14584,1.1449
"Of course we should have captured Osama Bin Laden long before we did. I pointed him out in my book just BEFORE the attack on the World Trade Center. President Clinton famously missed his shot. We paid Pakistan Billions of Dollars &amp, they never told us he was living there. Fools!..",2018-11-19 15:26:39+00:00,dollar,decrease,1.1454,1.14614,1.14602,1.14558
"Emmanuel Macron suggests building its own army to protect Europe against the U.S., China and Russia. But it was Germany in World Wars One &amp, Two - How did that work out for France? They were starting to learn German in Paris before the U.S. came along. Pay for NATO or not!",2018-11-13 11:50:41+00:00,euro,no change,1.12522,1.12524,1.12534,1.12702
".....hundreds of billions of dollars, for the great privilege of losing hundreds of billions of dollars with these same countries on trade. I told them that this situation cannot continue - It is, and always has been, ridiculously unfair to the United States. Massive amounts.....",2018-11-12 12:10:16+00:00,dollar,decrease,1.12686,1.12653,1.12631,1.12664
"There is no reason for these massive, deadly and costly forest fires in California except that forest management is so poor. Billions of dollars are given each year, with so many lives lost, all because of gross mismanagement of the forests. Remedy now, or no more Fed payments!",2018-11-10 08:08:52+00:00,dollar,decrease,,,,
"President Macron of France has just suggested that Europe build its own military in order to protect itself from the U.S., China and Russia. Very insulting, but perhaps Europe should first pay its fair share of NATO, which the U.S. subsidizes greatly!",2018-11-09 21:10:46+00:00,euro,decrease,1.13372,1.13371,1.13362,
REMEMBER FLORIDA: I have been President of the United States for almost two years. During that time Senator Bill Nelson didn’t call me once. Rick Scott called constantly requesting dollars plus for Florida. Did a GREAT job on hurricanes. VOTE SCOTT!,2018-11-05 15:35:06+00:00,dollar,increase,1.14018,1.13999,1.13994,1.14008
"So-called Birthright Citizenship, which costs our Country billions of dollars and is very unfair to our citizens, will be ended one way or the other. It is not covered by the 14th Amendment because of the words “subject to the jurisdiction thereof.” Many legal scholars agree.....",2018-10-31 13:25:17+00:00,dollar,decrease,1.13146,1.1316,1.13132,1.13194
"The United States has been spending Billions of Dollars a year on Illegal Immigration. This will not continue. Democrats must give us the votes to pass strong (but fair) laws. If not, we will be forced to play a much tougher hand.",2018-10-26 13:55:48+00:00,dollar,decrease,1.13582,1.13597,1.13606,1.13798
"For those who want and advocate for illegal immigration, just take a good look at what has happened to Europe over the last 5 years. A total mess! They only wish they had that decision to make over again.",2018-10-24 11:52:29+00:00,euro,decrease,1.13946,1.13976,1.13916,1.1404
"Billions of dollars are, and will be, coming into United States coffers because of Tariffs. Great also for negotiations - if a country won’t give us a fair Trade Deal, we will institute Tariffs on them. Used or not, jobs and businesses will be created. U.S. respected again!",2018-10-23 16:43:46+00:00,dollar,no change,1.14772,1.14781,1.14846,1.14837
"The Fake News Media has been talking about recent approval ratings of me by countries around the world, including the European Union, as being very low....",2018-10-22 19:18:31+00:00,euro,decrease,1.14692,1.14689,1.14689,1.14672
"The only thing keeping Tester alive is he has millions and millions of dollars from outside liberals and leftists, who couldn’t care less about our Country!",2018-10-19 00:11:14+00:00,dollar,decrease,1.14596,1.14558,1.1456,1.14596
"Christopher Columbus’s spirit of determination &amp, adventure has provided inspiration to generations of Americans. On #ColumbusDay, we honor his remarkable accomplishments as a navigator, &amp, celebrate his voyage into the unknown expanse of the Atlantic Ocean. https://t.co/Mg3dxRfPuN",2018-10-08 13:36:11+00:00,dollar,increase,1.14662,1.14702,1.14722,1.1479
Congressman Bishop is doing a GREAT job! He helped pass tax reform which lowered taxes for EVERYONE! Nancy Pelosi is spending hundreds of thousands of dollars on his opponent because they both support a liberal agenda of higher taxes and wasteful spending!,2018-10-04 22:17:48+00:00,dollar,increase,1.1514,1.15154,1.15152,1.1517
"Our Steel Industry is the talk of the World. It has been given new life, and is thriving. Billions of Dollars is being spent on new plants all around the country!",2018-09-17 10:15:52+00:00,dollar,increase,1.16554,1.16561,1.16581,1.1658
"Tariffs have put the U.S. in a very strong bargaining position, with Billions of Dollars, and Jobs, flowing into our Country - and yet cost increases have thus far been almost unnoticeable. If countries will not make fair deals with us, they will be “Tariffed!”",2018-09-17 10:11:31+00:00,dollar,decrease,1.16522,1.16555,1.1657,1.16588
".....This was done by the Democrats in order to make me look as bad as possible when I was successfully raising Billions of Dollars to help rebuild Puerto Rico. If a person died for any reason, like old age, just add them onto the list. Bad politics. I love Puerto Rico!",2018-09-13 12:49:12+00:00,dollar,decrease,1.16762,1.16725,1.16789,1.16949
"14 days for $28 MILLION - $2 MILLION a day, No Collusion. A great day for America!",2018-09-07 21:39:37+00:00,dollar,increase,,,,
I smile at Senators and others talking about how good free trade is for the U.S. What they don’t say is that we lose Jobs and over 800 Billion Dollars a year on really dumb Trade Deals....and these same countries Tariff us to death. These lawmakers are just fine with this!,2018-08-28 14:21:08+00:00,dollar,decrease,1.17126,1.17064,1.17091,1.17222
"“Bruce Ohr is at the center of FALSE ALLEGATIONS which led to a multi-million dollar investigation into what apparently didn’t happen.” Darrell Issa, House Oversight. We can take out the word “apparently.”  @FoxNews",2018-08-20 14:46:15+00:00,dollar,decrease,1.14393,1.14377,1.14333,1.14354
"Everybody wants to keep their Security Clearance, it’s worth great prestige and big dollars, even board seats, and that is why certain people are coming forward to protect Brennan. It certainly isn’t because of the good job he did! He is a political “hack.”",2018-08-20 14:23:57+00:00,dollar,no change,1.14344,1.14412,1.14401,1.14403
"The United States has ended the ridiculous 230 Million Dollar yearly development payment to Syria. Saudi Arabia and other rich countries in the Middle East will start making payments instead of the U.S. I want to develop the U.S., our military and countries that help us!",2018-08-18 21:51:11+00:00,dollar,no change,,,,
"The Boston Globe, which was sold to the the Failing New York Times for 1.3 BILLION DOLLARS (plus 800 million dollars in losses &amp, investment), or 2.1 BILLION DOLLARS, was then sold by the Times for 1 DOLLAR. Now the Globe is in COLLUSION with other papers on free press. PROVE IT!",2018-08-16 14:00:00+00:00,dollar,no change,1.1401,1.14044,1.14019,1.13914
"Our Economy is doing better than ever. Money is pouring into our cherished DOLLAR like rarely before, companies earnings are higher than ever, inflation is low &amp, business optimism is higher than it has ever been. For the first time in many decades, we are protecting our workers!",2018-08-16 12:43:33+00:00,dollar,increase,1.139,1.13771,1.13731,1.13868
"Why isn’t the FBI giving Andrew McCabe text messages  to Judicial Watch or appropriate governmental authorities. FBI said they won’t give up even one (I may have to get involved, DO NOT DESTROY). What are they hiding? McCabe wife took big campaign dollars from Hillary people.....",2018-08-11 13:17:09+00:00,dollar,decrease,,,,
"Why isn’t the FBI giving Andrew McCabe text massages to Judicial Watch or appropriate governmental authorities. FBI said they won’t give up even one (I may have to get involved, DO NOT DESTROY). What are they hiding? McCabe wife took big campaign dollars from Hillary people......",2018-08-11 12:35:31+00:00,dollar,decrease,,,,
"Had a very good phone call with @EmmanuelMacron, President of France. Discussed various subjects, in particular Security and Trade. Many other calls and conversations today. Looking forward to dinner tonight with Tim Cook of Apple. He is investing big dollars in U.S.A.",2018-08-10 22:47:45+00:00,dollar,increase,,,,
"I have just authorized a doubling of Tariffs on Steel and Aluminum with respect to Turkey as their currency, the Turkish Lira, slides rapidly downward against our very strong Dollar! Aluminum will now be 20% and Steel 50%. Our relations with Turkey are not good at this time!",2018-08-10 12:47:42+00:00,dollar,decrease,1.1453,1.14524,1.14441,1.1426
"..Because of Tariffs we will be able to start paying down large amounts of the $21 Trillion in debt that has been accumulated, much by the Obama Administration, while at the same time reducing taxes for our people. At minimum, we will make much better Trade Deals for our country!",2018-08-05 12:06:25+00:00,dollar,increase,1.15695,1.15695,1.15695,1.15695
"....Tariffs have had a tremendous positive impact on our Steel Industry. Plants are opening all over the U.S., Steelworkers are working again, and big dollars are flowing into our Treasury. Other countries use Tariffs against, but when we use them, foolish people scream!",2018-08-04 19:53:22+00:00,dollar,increase,,,,
July is just the ninth month since 1970 that unemployment has fallen below 4%. Our economy has added 3.7 million jobs since I won the Election. 4.1 GDP. More than 4 million people have received a pay raise due to tax reform. $400 Billion brought back from “overseas.” @FoxNews,2018-08-03 22:10:35+00:00,dollar,increase,,,,
"Charles Koch of Koch Brothers, who claims to be giving away millions of dollars to politicians even though I know very few who have seen this (?), now makes the ridiculous statement that what President Trump is doing is unfair to “foreign workers.” He is correct, AMERICA FIRST!",2018-08-02 10:38:15+00:00,dollar,decrease,1.16206,1.16194,1.162,1.16198
"The biggest and best results coming out of the good GDP report was that the quarterly Trade Deficit has been reduced by $52 Billion and, of course, the historically low unemployment numbers, especially for African Americans, Hispanics, Asians and Women.",2018-07-29 12:42:52+00:00,dollar,increase,1.16582,1.16582,1.16582,1.16582
"European Union representatives told me that they would start buying soybeans from our great farmers immediately. Also, they will be buying vast amounts of LNG!",2018-07-26 01:07:28+00:00,euro,no change,1.17354,1.17342,1.17346,1.17368
Great to be back on track with the European Union. This was a big day for free and fair trade!,2018-07-26 01:01:08+00:00,euro,increase,1.17346,1.17346,1.1734,1.17337
"Obviously the European Union, as represented by @JunckerEU and the United States, as represented by yours truly, love each other! https://t.co/42ImacgCN0",2018-07-25 23:49:34+00:00,euro,increase,1.17388,1.17372,1.17378,
...along quickly. European Union Nations will be open to the United States and at the same time benefiting by everything we are doing for them. There was great warmth and feeling in the room - a breakthrough has been quickly made that nobody thought possible!,2018-07-25 23:42:24+00:00,euro,increase,1.17349,1.1736,1.17378,
"Great meeting on Trade today with @JunckerEU and representatives of the European Union. We have come to a very strong understanding and are all believers in no tariffs, no barriers and no subsidies. Work on documents has already started and the process is moving...",2018-07-25 23:42:23+00:00,euro,increase,1.17349,1.1736,1.17378,
The United States and the European Union have a $1 TRILLION bilateral trade relationship – the largest economic relationship in the world. We want to further strengthen this trade relationship to the benefit of all American and European citizens... https://t.co/4zlmEEtCpG,2018-07-25 20:57:24+00:00,dollar,increase,1.17282,1.17312,1.17316,1.17264
"China is targeting our farmers, who they know I love &amp, respect, as a way of getting me to continue allowing them to take advantage of the U.S. They are being vicious in what will be their failed attempt. We were being nice - until now! China made $517 Billion on us last year.",2018-07-25 11:20:28+00:00,dollar,decrease,1.16942,1.16949,1.16944,1.169
"Every time I see a weak politician asking to stop Trade talks or the use of Tariffs to counter unfair Tariffs, I wonder, what can they be thinking? Are we just going to continue and let our farmers and country get ripped off?  Lost $817 Billion on Trade last year. No weakness!",2018-07-25 11:01:05+00:00,dollar,decrease,1.16924,1.16927,1.16922,1.1693
"The European Union is coming to Washington tomorrow to negotiate a deal on Trade. I have an idea for them. Both the U.S. and the E.U. drop all Tariffs, Barriers and Subsidies! That would finally be called Free Market and Fair Trade! Hope they do it, we are ready - but they won’t!",2018-07-25 00:08:01+00:00,euro,no change,1.16856,1.1688,1.1687,1.16889
RT @DanScavino: “Coast Guard seizes $729M worth of cocaine from boats moving drugs from Central America to the US” https://t.co/R7fFD5BJTb,2018-07-24 11:01:27+00:00,dollar,no change,1.17113,1.17104,1.17112,1.1707
"The NFL National Anthem Debate is alive and well again - can’t believe it! Isn’t it in contract that players must stand at attention, hand on heart? The $40,000,000 Commissioner must now make a stand. First time kneeling, out for game. Second time kneeling, out for season/no pay!",2018-07-20 22:17:21+00:00,dollar,decrease,,,,
"RT @realDonaldTrump: I told you so! The European Union just slapped a Five Billion Dollar fine on one of our great companies, Google. They...",2018-07-20 14:39:21+00:00,dollar,no change,1.17058,1.17068,1.17072,1.17048
"China, the European Union and others have been manipulating their currencies and interest rates lower, while the U.S. is raising rates while the dollars gets stronger and stronger with each passing day - taking away our big competitive edge. As usual, not a level playing field...",2018-07-20 12:43:05+00:00,dollar,decrease,1.1691,1.1699,1.17056,1.17118
"I told you so! The European Union just slapped a Five Billion Dollar fine on one of our great companies, Google. They truly have taken advantage of the U.S., but not for long!",2018-07-19 13:11:17+00:00,dollar,decrease,1.15928,1.15974,1.15948,1.16146
"Thank you to Congressman Kevin Yoder! He secured $5 BILLION for Border Security. Now we need Congress to support. Kevin has been strong on Crime, the Border, the 2nd Amendment, and he loves our Military and Vets. @RepKevinYoder has my full and total endorsement!",2018-07-18 21:29:06+00:00,dollar,increase,1.16442,1.16431,1.16436,1.16436
"While the NATO meeting in Brussels was an acknowledged triumph, with billions of dollars more being put up by member countries at a faster pace, the meeting with Russia may prove to be, in the long run, an even greater success. Many positive things will come out of that meeting..",2018-07-18 10:08:36+00:00,dollar,increase,1.16312,1.1626,1.16251,1.1617
"I had a great meeting with NATO. They have paid $33 Billion more and will pay hundreds of Billions of Dollars more in the future, only because of me. NATO was weak, but now it is strong again (bad for Russia). The media only says I was rude to leaders, never mentions the money!",2018-07-17 13:53:39+00:00,dollar,no change,1.16916,1.16868,1.16974,1.16876
"RT @realDonaldTrump: ....On top of it all, Germany just started paying Russia, the country they want protection from, Billions of Dollars f...",2018-07-14 09:17:24+00:00,dollar,decrease,,,,
Great success today at NATO! Billions of additional dollars paid by members since my election. Great spirit!,2018-07-12 17:52:33+00:00,dollar,increase,1.16784,1.16768,1.16752,1.16736
"....On top of it all, Germany just started paying Russia, the country they want protection from, Billions of Dollars for their Energy needs coming out of a new pipeline from Russia. Not acceptable! All NATO Nations must meet their 2% commitment, and that must ultimately go to 4%!",2018-07-12 06:12:05+00:00,dollar,decrease,1.16736,1.16732,1.16754,1.168
"Presidents have been trying unsuccessfully for years to get Germany and other rich NATO Nations to pay more toward their protection from Russia. They pay only a fraction of their cost. The U.S. pays tens of Billions of Dollars too much to subsidize Europe, and loses Big on Trade!",2018-07-12 06:03:29+00:00,dollar,decrease,1.1682,1.16764,1.16737,1.16784
"Billions of additional dollars are being spent by NATO countries since my visit last year, at my request, but it isn’t nearly enough. U.S. spends too much. Europe’s borders are BAD! Pipeline dollars to Russia are not acceptable!",2018-07-11 23:33:33+00:00,dollar,decrease,1.1676,1.16764,1.16777,
RT @realDonaldTrump: What good is NATO if Germany is paying Russia billions of dollars for gas and energy? Why are there only 5 out of 29 c...,2018-07-11 21:11:54+00:00,dollar,decrease,1.16732,1.16734,1.16771,1.16744
"What good is NATO if Germany is paying Russia billions of dollars for gas and energy? Why are there only 5 out of 29 countries that have met their commitment? The U.S. is paying for Europe’s protection, then loses billions on Trade. Must pay 2% of GDP IMMEDIATELY, not by 2025.",2018-07-11 17:07:27+00:00,dollar,decrease,1.16838,1.16854,1.16774,1.16692
"What good is NATO if Germany is paying Russia billions of dollars for gas and energy? Why are their only 5 out of 29 countries that have met their commitment? The U.S. is paying for Europe’s protection, then loses billions on Trade. Must pay 2% of GDP IMMEDIATELY, not by 2025.",2018-07-11 04:50:49+00:00,dollar,decrease,1.17247,1.17277,1.1728,1.17304
Democrats in Congress must no longer Obstruct - vote to fix our terrible Immigration Laws now. I am watching what is going on from Europe - it would be soooo simple to fix. Judges run the system and illegals and traffickers know how it works. They are just using children!,2018-07-11 16:41:12+00:00,euro,decrease,1.17063,1.17076,1.16988,1.16784
"The European Union makes it impossible for our farmers and workers and companies to do business in Europe (U.S. has a $151 Billion trade deficit), and then they want us to happily defend them through NATO, and nicely pay for it. Just doesn’t work!",2018-07-10 18:52:21+00:00,dollar,decrease,1.17444,1.17442,1.17446,1.17456
"Getting ready to leave for Europe. First meeting - NATO. The U.S. is spending many times more than any other country in order to protect them. Not fair to the U.S. taxpayer. On top of that we lose $151 Billion on Trade with the European Union. Charge us big Tariffs (&amp, Barriers)!",2018-07-10 09:35:05+00:00,dollar,decrease,1.1724,1.17218,1.17232,1.1719
"Pfizer &amp, others should be ashamed that they have raised drug prices for no reason. They are merely taking advantage of the poor &amp, others unable to defend themselves, while at the same time giving bargain basement prices to other countries in Europe &amp, elsewhere. We will respond!",2018-07-09 17:08:29+00:00,euro,decrease,1.1739,1.17402,1.17371,1.1751
"...Europe far more than it does the U.S. By some accounts, the U.S. is paying for 90% of NATO, with many countries nowhere close to their 2% commitment. On top of this the European Union has a Trade Surplus of $151 Million with the U.S., with big Trade Barriers on U.S. goods. NO!",2018-07-09 12:04:02+00:00,dollar,decrease,1.17844,1.17854,1.1789,1.17792
"RT @Scavino45: “ICE says it seized $43M worth of counterfeit items in Laredo, Texas”https://t.co/d6X8uKkHWd",2018-07-07 12:06:44+00:00,dollar,no change,,,,
"The OPEC Monopoly must remember that gas prices are up &amp, they are doing little to help. If anything, they are driving prices higher as the United States defends many of their members for very little $’s. This must be a two way street. REDUCE PRICING NOW!",2018-07-04 20:46:00+00:00,dollar,decrease,1.16552,1.16566,1.16568,1.16575
"When is Bob Mueller going to list his Conflicts of Interest? Why has it taken so long? Will they be listed at the top of his $22,000,000 Report...And what about the 13 Angry Democrats, will they list their conflicts with Crooked H? How many people will be sent to jail and......",2018-06-28 12:43:25+00:00,dollar,decrease,1.15929,1.15895,1.15862,1.15708
"Surprised that Harley-Davidson, of all companies, would be the first to wave the White Flag. I fought hard for them and ultimately they will not pay tariffs selling into the E.U., which has hurt us badly on trade, down $151 Billion. Taxes just a Harley excuse - be patient!  #MAGA",2018-06-25 21:28:06+00:00,dollar,no change,1.17035,1.17018,1.1702,1.1702
"Based on the Tariffs and Trade Barriers long placed on the U.S. &amp, its great companies and workers by the European Union, if these Tariffs and Barriers are not soon broken down and removed, we will be placing a 20% Tariff on all of their cars coming into the U.S. Build them here!",2018-06-23 00:34:33+00:00,euro,decrease,,,,
"Based on the Tariffs and Trade Barriers long placed on the U.S. and it great companies and workers by the European Union, if these Tariffs and Barriers are not soon broken down and removed, we will be placing a 20% Tariff on all of their cars coming into the U.S. Build them here!",2018-06-22 02:25:01+00:00,euro,decrease,1.16054,1.16055,1.16034,1.16137
We don’t want what is happening with immigration in Europe to happen with us!,2018-06-18 13:04:28+00:00,euro,decrease,1.16076,1.16058,1.16029,1.1606
The people of Germany are turning against their leadership as migration is rocking the already tenuous Berlin coalition. Crime in Germany is way up. Big mistake made all over Europe in allowing millions of people in who have so strongly and violently changed their culture!,2018-06-18 13:02:43+00:00,euro,decrease,1.16049,1.1602,1.1604,1.16072
Great discussions with European Union Commission President Jean-Claude Juncker and EU Council President Donald Tusk at the #G7Summit in Canada last week. https://t.co/kGxXe50459,2018-06-15 22:32:18+00:00,euro,increase,,,,
"The sleazy New York Democrats, and their now disgraced (and run out of town) A.G. Eric Schneiderman, are doing everything they can to sue me on a foundation that took in $18,800,000 and gave out to charity more money than it took in, $19,200,000. I won’t settle this case!...",2018-06-14 15:09:12+00:00,dollar,decrease,1.16464,1.16442,1.16428,1.16294
"Stock Market up almost 40% since the Election, with 7 Trillion Dollars of U.S. value built throughout the economy. Lowest unemployment rate in many decades, with Black &amp, Hispanic unemployment lowest in History, and Female unemployment lowest in 21 years. Highest confidence ever!",2018-06-11 21:52:36+00:00,dollar,increase,1.17828,1.17821,1.17802,1.17745
"....Germany pays 1% (slowly) of GDP towards NATO, while we pay 4% of a MUCH larger GDP. Does anybody believe that makes sense? We protect Europe (which is good) at great financial loss, and then get unfairly clobbered on Trade. Change is coming!",2018-06-11 01:42:35+00:00,euro,decrease,1.18014,1.18032,1.18034,1.17982
....And add to that the fact that the U.S. pays close to the entire cost of NATO-protecting many of these same countries that rip us off on Trade (they pay only a fraction of the cost-and laugh!). The European Union had a $151 Billion Surplus-should pay much more for Military!,2018-06-11 01:29:29+00:00,dollar,decrease,1.17962,1.17981,1.17999,1.17988
"Why should I, as President of the United States, allow countries to continue to make Massive Trade Surpluses, as they have for decades, while our Farmers, Workers &amp, Taxpayers have such a big and unfair price to pay? Not fair to the PEOPLE of America! $800 Billion Trade Deficit...",2018-06-11 01:17:17+00:00,dollar,decrease,1.17964,1.17966,1.17974,1.18006
"Fair Trade is now to be called Fool Trade if it is not Reciprocal. According to a Canada release, they make almost 100 Billion Dollars in Trade with U.S. (guess they were bragging and got caught!). Minimum is 17B. Tax Dairy from us at 270%. Then Justin acts hurt when called out!",2018-06-11 01:05:07+00:00,dollar,decrease,1.17988,1.17992,1.17972,1.18024
"Why isn’t the European Union and Canada informing the public that for years they have used massive Trade Tariffs and non-monetary Trade Barriers against the U.S. Totally unfair to our farmers, workers &amp, companies. Take down your tariffs &amp, barriers or we will more than match you!",2018-06-08 02:15:37+00:00,euro,decrease,1.18048,1.18036,1.18018,1.17947
"Please tell Prime Minister Trudeau and President Macron that they are charging the U.S. massive tariffs and create non-monetary barriers. The EU trade surplus with the U.S. is $151 Billion, and Canada keeps our farmers and others out. Look forward to seeing them tomorrow.",2018-06-07 22:04:04+00:00,dollar,no change,1.17978,1.17972,1.17983,1.17968
"“$3 billion payoff: 101 utilities cut rates, credit GOP tax cuts” https://t.co/x1a1OJuRgd",2018-06-07 15:50:50+00:00,dollar,no change,1.18254,1.1816,1.18174,1.18082
"Alan Dershowitz, Harvard Law Professor: “It all proves that we never needed a Special Counsel....All of this could have been done by the Justice Dept. Don’t need a multi-million dollar group of people with a target on someone’s back. Not the way Justice should operate.” So true!",2018-06-07 13:05:24+00:00,dollar,decrease,1.1829,1.1828,1.18354,1.18163
"Alan Dershowitz, Harvard Law Professor: “It all proves that we never needed a Special Councel....All of this could have been done by the Justice Dept. Don’t need a multi-million dollar group of people with a target on someone’s back. Not the way Justice should operate.” So true!",2018-06-07 12:58:39+00:00,dollar,decrease,1.18332,1.18328,1.1826,1.18116
"The HISTORIC Rescissions Package we’ve proposed would cut $15,000,000,000 in Wasteful Spending! We are getting our government back on track.",2018-06-05 20:06:27+00:00,dollar,increase,1.17138,1.1714,1.17154,1.17144
The U.S. has an increased economic value of more than 7 Trillion Dollars since the Election. May be the best economy in the history of our country. Record Jobs numbers. Nice!,2018-06-05 10:51:07+00:00,dollar,increase,1.16928,1.16869,1.16805,1.16768
"....We had Repeal &amp, Replace done (and the saving to our country of one trillion dollars) except for one person, but it is getting done anyway. Individual Mandate is gone and great, less expensive plans will be announced this month. Drug prices coming down &amp, Right to Try!",2018-06-04 12:18:07+00:00,dollar,increase,1.17352,1.17314,1.17281,1.1714
"When you’re almost 800 Billion Dollars a year down on Trade, you can’t lose a Trade War! The U.S. has been ripped off by other countries for years on Trade, time to get smart!",2018-06-02 21:23:15+00:00,dollar,decrease,,,,
"Why is it that the Wall Street Journal, though well meaning, never mentions the unfairness of the Tariffs routinely charged against the U.S. by other countries, or the many Billions of Dollars that the Tariffs we are now charging are, and will be, pouring into U.S. coffers?",2018-06-02 20:57:30+00:00,dollar,decrease,,,,
"....“$17 million spent, it’s a scam Investigation. Americans are being worked. We now know there was Russian collusion, with Russians and the Democrats. The Mueller team is stacked with anti-Trumpers, who actually represented Clinton people (&amp, gave $’s to Crooked H).” Dan Bongino",2018-06-02 12:40:48+00:00,dollar,decrease,,,,
"A.P. has just reported that the Russian Hoax Investigation has now cost our government over $17 million, and going up fast. No Collusion, except by the Democrats!",2018-06-01 11:05:16+00:00,dollar,decrease,1.17069,1.17015,1.1706,1.1674
"Senator Schumer and Obama Administration let phone company ZTE flourish with no security checks. I closed it down then let it reopen with high level security guarantees, change of management and board, must purchase U.S. parts and pay a $1.3 Billion fine. Dems do nothing....",2018-05-25 23:07:19+00:00,dollar,decrease,,,,
Funny to watch the Democrats criticize Trade Deals being negotiated by me when they don’t even know what the deals are and when for 8 years the Obama Administration did NOTHING on trade except let other countries rip off the United States. Lost almost $800 Billion/year under “O”,2018-05-25 22:45:32+00:00,dollar,decrease,,,,
"Clapper has now admitted that there was Spying in my campaign. Large dollars were paid to the Spy, far beyond normal. Starting to look like one of the biggest political scandals in U.S. history. SPYGATE - a terrible thing!",2018-05-24 12:21:08+00:00,dollar,decrease,1.1729,1.1728,1.17302,1.17238
"When you’re already $500 Billion DOWN, you can’t lose!",2018-04-04 13:20:31+00:00,dollar,no change,1.22917,1.22922,1.22932,1.23035
"...in the Hillary Clinton Campaign where she deleted 33,000 Emails, got $145,000,000 while Secretary of State, paid McCabes wife $700,000 (and got off the FBI hook along with Terry M) and so much more. Republicans and real Americans should start getting tough on this Scam.",2018-05-20 13:19:34+00:00,dollar,decrease,1.17728,1.17728,1.17728,1.17728
"....At what point does this soon to be $20,000,000 Witch Hunt, composed of 13 Angry and Heavily Conflicted Democrats and two people who have worked for Obama for 8 years, STOP! They have found no Collussion with Russia, No Obstruction, but they aren’t looking at the corruption...",2018-05-20 13:11:05+00:00,dollar,decrease,1.17728,1.17728,1.17728,1.17728
"Why isn’t disgraced FBI official Andrew McCabe being investigated for the $700,000 Crooked Hillary Democrats in Virginia, led by Clinton best friend Terry M (under FBI investigation that they killed) gave to McCabe’s wife in her run for office? Then dropped case on Clinton!",2018-05-18 13:38:11+00:00,dollar,decrease,1.17646,1.17624,1.17658,1.17695
The Washington Post and CNN have typically written false stories about our trade negotiations with China. Nothing has happened with ZTE except as it pertains to the larger trade deal. Our country has been losing hundreds of billions of dollars a year with China...,2018-05-16 13:09:19+00:00,dollar,decrease,1.1778,1.17754,1.17834,1.18141
"Can you believe that with all of the made up, unsourced stories I get from the Fake News Media, together with the  $10,000,000 Russian Witch Hunt (there is no Collusion), I now have my best Poll Numbers in a year. Much of the Media may be corrupt, but the People truly get it!",2018-05-15 14:08:21+00:00,dollar,decrease,1.18405,1.18474,1.18484,1.1857
"Trade negotiations are continuing with China. They have been making hundreds of billions of dollars a year from the U.S., for many years. Stay tuned!",2018-05-15 12:35:30+00:00,dollar,no change,1.18668,1.18589,1.1856,1.18352
"This spring marks 4yrs since the Phoenix VA crisis. We won't forget what happened to our GREAT VETS. Choice is vital, but the program needs work &amp, is running out of $. Congress must fix Choice Program by Memorial Day so VETS can get the care they deserve. I will sign immediately!",2018-05-03 16:49:29+00:00,dollar,no change,1.19836,1.19866,1.19882,1.19854
"During Small Business Week, we celebrate the great, hard-working entrepreneurs across our country who have started and operate a small business!",2018-04-30 22:39:34+00:00,euro,increase,1.20786,1.2079,1.20796,1.20828
RT @SJPFISH: Home Depot co-founder Slams Dem candidates for claiming Millionaires didn't work for their $$$$$$@9mmcassy@Briteeye777@pjbo...,2019-12-28 04:01:59+00:00,dollar,decrease,,,,
"The big questions in Comey’s badly reviewed book aren’t answered like, how come he gave up Classified Information (jail), why did he lie to Congress (jail), why did the DNC refuse to give Server to the FBI (why didn’t they TAKE it), why the phony memos, McCabe’s $700,000 &amp, more?",2018-04-15 11:57:14+00:00,dollar,decrease,1.23318,1.23318,1.23318,1.23318
"RT @realDonaldTrump: So proud of our great Military which will soon be, after the spending of billions of fully approved dollars, the fines...",2018-04-15 11:25:12+00:00,dollar,increase,1.23318,1.23318,1.23318,1.23318
"So proud of our great Military which will soon be, after the spending of billions of fully approved dollars, the finest that our Country has ever had. There won’t be anything, or anyone, even close!",2018-04-14 12:29:48+00:00,dollar,increase,,,,
"While Security spending was somewhat more than his predecessor, Scott Pruitt has received death threats because of his bold actions at EPA. Record clean Air &amp, Water while saving USA Billions of Dollars. Rent was about market rate, travel expenses OK. Scott is doing a great job!",2018-04-08 00:03:23+00:00,dollar,increase,1.22847,1.22847,1.22847,1.22847
"The United States hasn’t had a Trade Surplus with China in 40 years. They must end unfair trade, take down barriers and charge only Reciprocal Tariffs. The U.S. is losing $500 Billion a year, and has been losing Billions of Dollars for decades. Cannot continue!",2018-04-07 18:03:56+00:00,dollar,decrease,,,,
"We are not in a trade war with China, that war was lost many years ago by the foolish, or incompetent, people who represented the U.S. Now we have a Trade Deficit of $500 Billion a year, with Intellectual Property Theft of another $300 Billion. We cannot let this continue!",2018-04-04 11:22:03+00:00,dollar,decrease,1.22876,1.22868,1.22852,1.2277
I am right about Amazon costing the United States Post Office massive amounts of money for being their Delivery Boy. Amazon should pay these costs (plus) and not have them bourne by the American Taxpayer. Many billions of dollars. P.O. leaders don’t have a clue (or do they?)!,2018-04-03 13:55:37+00:00,dollar,decrease,1.22636,1.22602,1.22634,1.22734
"...does not include the Fake Washington Post, which is used as a “lobbyist” and should so  REGISTER. If the P.O. “increased its parcel rates, Amazon’s shipping costs would rise by $2.6 Billion.” This Post Office scam must stop. Amazon must pay real costs (and taxes) now!",2018-03-31 12:52:59+00:00,dollar,decrease,,,,
"While we are on the subject, it is reported that the U.S. Post Office will lose $1.50 on average for each package it delivers for Amazon. That amounts to Billions of Dollars. The Failing N.Y. Times reports that “the size of the company’s lobbying staff has ballooned,” and that...",2018-03-31 12:45:41+00:00,dollar,decrease,,,,
"RT @realDonaldTrump: Because of the $700 &amp, $716 Billion Dollars gotten to rebuild our Military, many jobs are created and our Military is a...",2018-03-27 02:38:07+00:00,dollar,increase,1.2449,1.24474,1.24458,1.24532
"Much can be done with the $1.6 Billion given to building and fixing the border wall. It is just a down payment. Work will start immediately. The rest of the money will come - and remember DACA, the Democrats abandoned you (but we will not)!",2018-03-25 10:42:20+00:00,dollar,no change,1.23513,1.23513,1.23513,1.23513
"Because of the $700 &amp, $716 Billion Dollars gotten to rebuild our Military, many jobs are created and our Military is again rich. Building a great Border Wall, with drugs (poison) and enemy combatants pouring into our Country, is all about National Defense. Build WALL through M!",2018-03-25 10:33:25+00:00,dollar,increase,1.23513,1.23513,1.23513,1.23513
"Got $1.6 Billion to start Wall on Southern Border, rest will be forthcoming. Most importantly, got $700 Billion to rebuild our Military, $716 Billion next year...most ever. Had to waste money on Dem giveaways in order to take care of military pay increase and new equipment.",2018-03-22 03:00:36+00:00,dollar,decrease,1.2358,1.23587,1.23572,1.23632
"The Fake News is beside themselves that McCabe was caught, called out and fired. How many hundreds of thousands of dollars was given to wife’s campaign by Crooked H friend, Terry M, who was also under investigation? How many lies? How many leaks? Comey knew it all, and much more!",2018-03-17 17:34:21+00:00,dollar,decrease,,,,
"“According to the Center for Immigration Studies, the $18 billion wall will pay for itself by curbing the importation of crime, drugs and illegal immigrants who tend to go on the federal dole...” https://t.co/NdLC6jZwWE",2018-03-13 15:24:23+00:00,dollar,no change,1.23952,1.23937,1.23964,1.2392
Secretary of Commerce Wilbur Ross will be speaking with representatives of the European Union about eliminating the large Tariffs and Barriers they use against the U.S.A. Not fair to our farmers and manufacturers.,2018-03-12 12:20:03+00:00,euro,decrease,1.22996,1.22976,1.22976,1.23024
"The European Union, wonderful countries who treat the U.S. very badly on trade, are complaining about the tariffs on Steel &amp, Aluminum. If they drop their horrific barriers &amp, tariffs on U.S. products going in, we will likewise drop ours. Big Deficit. If not, we Tax Cars etc. FAIR!",2018-03-10 21:29:37+00:00,euro,decrease,,,,
"Spoke to Prime Minister Abe of Japan, who is very enthusiastic about talks with North Korea. Also discussing opening up Japan to much better trade with the U.S. Currently have a massive $100 Billion Trade Deficit. Not fair or sustainable. It will all work out!",2018-03-10 17:23:16+00:00,dollar,increase,,,,
"China has been asked to develop a plan for the year of a One Billion Dollar reduction in their massive Trade Deficit with the United States. Our relationship with China has been a very good one, and we look forward to seeing what ideas they come back with. We must act soon!",2018-03-07 15:10:48+00:00,dollar,increase,1.2409,1.24098,1.24098,1.24
"From Bush 1 to present, our Country has lost more than 55,000 factories, 6,000,000 manufacturing jobs and accumulated Trade Deficits of more than 12 Trillion Dollars. Last year we had a Trade Deficit of almost 800 Billion Dollars. Bad Policies &amp, Leadership. Must WIN again!  #MAGA",2018-03-07 11:40:29+00:00,dollar,decrease,1.24249,1.24227,1.24227,1.24108
"@MarkBurnettTV @RealRomaDowney From Bush 1 to present, our Country has lost more than 55,000 factories, 6,000,000 manufacturing jobs and accumulated Trade Deficits of more than 12 Trillion Dollars. Last year we had a Trade Deficit of almost 800 Billion Dollars. Bad policies &amp, leadership. Must win again!  #MAGA",2018-03-07 11:24:42+00:00,dollar,decrease,1.2426,1.2425,1.2424,1.24082
The United States has an $800 Billion Dollar Yearly Trade Deficit because of our “very stupid” trade deals and policies. Our jobs and wealth are being given to other countries that have taken advantage of us for years. They laugh at what fools our leaders have been. No more!,2018-03-03 17:43:26+00:00,dollar,decrease,,,,
"When a country Taxes our products coming in at, say, 50%, and we Tax the same product coming into our country at ZERO, not fair or smart. We will soon be starting RECIPROCAL TAXES so that we will charge the same thing as they charge us. $800 Billion Trade Deficit-have no choice!",2018-03-02 13:57:22+00:00,dollar,decrease,1.23074,1.23142,1.23092,1.23108
"When a country (USA) is losing many billions of dollars on trade with virtually every country it does business with, trade wars are good, and easy to win. Example, when we are down $100 billion with a certain country and they get cute, don’t trade anymore-we win big. It’s easy!",2018-03-02 10:50:34+00:00,dollar,no change,1.22838,1.22838,1.22898,1.23122
RT @Scavino45: “Trump Comes Through — Saves $1.4 Billion On New Air Force One” https://t.co/cN3TAQywpR,2018-03-02 02:58:35+00:00,dollar,increase,1.22738,1.22764,1.22758,1.22802
"Never gotten over the fact that Obama was able to send $1.7 Billion Dollars in CASH to Iran and nobody in Congress, the FBI or Justice called for an investigation!",2018-02-18 12:02:52+00:00,dollar,decrease,1.24022,1.24022,1.24022,1.24022
"This will be a big week for Infrastructure. After so stupidly spending $7 trillion in the Middle East, it is now time to start investing in OUR Country!",2018-02-12 12:46:56+00:00,dollar,decrease,1.22568,1.22567,1.22608,1.22447
"According to the @nytimes, a Russian sold phony secrets on “Trump” to the U.S. Asking price was $10 million, brought down to $1 million to be paid over time. I hope people are now seeing &amp, understanding what is going on here. It is all now starting to come out - DRAIN THE SWAMP!",2018-02-10 15:20:05+00:00,dollar,decrease,,,,
"Today, Americans everywhere remember the brave men and women of @NASA who lost their lives in our Nation’s eternal quest to expand the boundaries of human potential. https://t.co/clBsJTGz8B https://t.co/jTJkusdBQA",2018-01-25 22:38:21+00:00,dollar,no change,1.23816,1.23814,1.23812,1.23944
"....The Wall will be paid for, directly or indirectly, or through longer term reimbursement, by Mexico, which has a ridiculous $71 billion dollar trade surplus with the U.S. The $20 billion dollar Wall is “peanuts” compared to what Mexico makes from the U.S. NAFTA is a bad joke!",2018-01-18 11:25:03+00:00,dollar,decrease,1.22374,1.22394,1.22385,1.22467
Main Street is BACK! Strongest Holiday Sales bump since the Great Recession -- beating forecasts by BILLIONS OF DOLLARS. https://t.co/kDcGbMieSt,2018-01-17 23:36:44+00:00,dollar,increase,1.21875,1.21868,1.2184,
"RT @EricTrump: I will be always be incredibly proud of my work for @StJude, raising $16.3+ million dollars over the last 10 years at a 9.2%...",2018-01-16 00:50:19+00:00,dollar,increase,1.22616,1.22663,1.22613,1.22622
RT @LouDobbs: The stock market has gained an incredible 7.8 Trillion dollars in market value since @POTUS was elected! Looks like 4% econom...,2018-01-14 03:42:07+00:00,dollar,increase,1.21944,1.21944,1.21944,1.21944
"Reason I canceled my trip to London is that I am not a big fan of the Obama Administration having sold perhaps the best located and finest embassy in London for “peanuts,” only to build a new one in an off location for 1.2 billion dollars. Bad deal. Wanted me to cut ribbon-NO!",2018-01-12 04:57:57+00:00,dollar,decrease,1.2053,1.2053,1.20528,1.20415
"More great news as a result of historical Tax Cuts and Reform: Fiat Chrysler announces plan to invest more than $1 BILLION in Michigan plant, relocating their heavy-truck production from Mexico to Michigan, adding 2,500 new jobs and paying $2,000 bonus to U.S. employees! https://t.co/47azKD0l9B",2018-01-12 02:49:56+00:00,dollar,increase,1.20472,1.20474,1.20471,1.20478
"Cutting taxes and simplifying regulations makes America the place to invest! Great news as Toyota and Mazda announce they are bringing 4,000 JOBS and investing $1.6 BILLION in Alabama, helping to further grow our economy! https://t.co/Kcg8IVH6iA",2018-01-10 23:37:41+00:00,dollar,increase,1.19567,1.19589,1.1958,
"The Democrats will do anything to avoid a trial in the Senate in order to protect Sleepy Joe Biden, and expose the millions and millions of dollars that “Where’s” Hunter, &amp, possibly Joe, were paid by companies and countries for doing NOTHING. Joe wants no part of this mess!",2019-12-31 11:16:26+00:00,dollar,decrease,1.12181,1.12188,1.12172,1.12303
"We will always provide for our Veterans and their mental health. I pushed Congress to provide $10 Billion for Vet mental health, suicide prevention outreach, and funding for my PREVENTS Initiative to end Vet suicide. Congress responded. A big win for our Vets!",2019-12-21 03:31:10+00:00,dollar,increase,,,,
"Last year I signed legislation that gives our Veterans CHOICE, through private providers, and at urgent care facilities! Today we fully funded this $10 billion a year effort that gets our brave Veterans care quickly, and close to home.",2019-12-21 03:30:44+00:00,dollar,increase,,,,
"I will be signing our 738 Billion Dollar Defense Spending Bill today. It will include 12 weeks  Paid Parental Leave, gives our troops a raise, importantly creates the SPACE FORCE, SOUTHERN BORDER WALL FUNDING, repeals “Cadillac Tax” on Health Plans, raises smocking age to 21! BIG",2019-12-20 01:54:52+00:00,dollar,increase,1.1117,1.11186,1.11156,1.11162
"Chuck Schumer sat for years during the Obama Administration and watched as China ripped off the United States. He &amp, the Do Nothing Democrats did NOTHING as this $ carnage took place. Now, without even seeing it, he snipes at our GREAT new deal with China. Too bad Cryin’ Chuck!",2019-12-14 19:09:26+00:00,dollar,decrease,,,,
"""RT @dcexaminer: .@RepMattGaetz ripped the House majority's impeachment counsel Daniel Goldman for donating """"tens of thousands of dollars"""" t...""",2019-12-12 12:43:38+00:00,dollar,no change,1.11324,1.11317,1.11336,1.11463
RT @realDonaldTrump: They were just upset that I demanded they pay their fair share for NATO. Their countries are delinquent. I raised $530...,2019-12-12 12:23:36+00:00,dollar,decrease,1.1135,1.11338,1.11333,1.11372
They were just upset that I demanded they pay their fair share for NATO. Their countries are delinquent. I raised $530 Billion more from NATO countries! Thank you Charles. https://t.co/1klX5GtK8r,2019-12-11 14:19:27+00:00,dollar,decrease,1.1095,1.10948,1.10936,1.10922
"I got NATO countries to pay 530 Billion Dollars a year more, and the U.S. less, and came home to a Fake News Media that mocked me. Didn’t think that was possible!",2019-12-08 19:59:51+00:00,dollar,decrease,1.10596,1.10596,1.10596,1.10596
"....Biden on the board of the largest natural gas company in Ukraine, getting paid $83,000 a month, 10 times as much as a board member of @exxonmobil.” Thank you Ted. He also  made a fortune from China and others, but zero before his father became V.P. @MeetThePress",2019-12-08 16:50:13+00:00,dollar,no change,1.10596,1.10596,1.10596,1.10596
"Taken during the Obama Administration (despite $150 Billion gift), returned during the Trump Administration. Thank you to Iran on a very fair negotiation. See, we can make a deal together! https://t.co/rZaY9p8xzV",2019-12-07 17:32:30+00:00,dollar,increase,,,,
"RT @OANN: One America News has just launched a live 24/7, 365 days a year, uninterrupted cable feed on Facebook, and it's only $4.99 per mo...",2019-12-07 03:06:42+00:00,dollar,increase,,,,
"Tremendous things achieved for U.S. on my NATO trip. Proudly for our Country, no President has ever achieved so much in so little time. Without a U.S. increase, other countries have already increased by $130 Billion-with $400 Billion soon. Such a thing has never been done before!",2019-12-05 12:20:47+00:00,dollar,increase,1.10945,1.10958,1.10936,1.1092
"The Fake News Media is doing everything possible to belittle my VERY successful trip to London for NATO. I got along great with the NATO leaders, even getting them to pay $130 Billion a year more, &amp, $400 Billion a year more in 3 years. No increase for U.S., only deep respect!",2019-12-04 22:36:31+00:00,dollar,no change,1.10783,1.10783,1.10783,1.10825
"Great progress has been made by NATO over the last three years. Countries other than the U.S. have agreed to pay 130 Billion Dollars more per year, and by 2024, that number will be 400 Billion Dollars. NATO will be richer and stronger than ever before....",2019-12-04 14:26:36+00:00,dollar,increase,1.1107,1.11052,1.11011,1.10908
"RT @TeamTrump: There's no denying that since @realDonaldTrump took office, @NATO has been significantly stronger.The president secured $1...",2019-12-04 00:14:26+00:00,dollar,increase,1.10839,1.10829,1.10824,1.1077
RT @GOPChairwoman: Thanks to @realDonaldTrump’s efforts with #NATO:*$130B in new defense spending*the biggest increase in a generation...,2019-12-04 00:12:53+00:00,dollar,increase,1.10842,1.10842,1.10829,1.10778
RT @SBAgov: #DidYouKnow small businesses create 2 out of every 3 net new jobs in the United States? 😮Show your support for entrepreneurs...,2019-11-30 17:17:34+00:00,euro,increase,,,,
"...lawyer has already stated that I did nothing wrong. John Bolton is a patriot and may know that I held back the money from Ukraine because it is considered a corrupt country, &amp, I wanted to know why nearby European countries weren’t putting up money also. Likewise, I would....",2019-11-26 15:43:26+00:00,euro,no change,1.10176,1.10156,1.10172,1.10127
RT @WhiteHouse: President Trump signed the Women’s Suffrage Centennial Commemorative Coin Act! @USTreasury will issue $1 coins commemorat...,2019-11-26 01:05:39+00:00,dollar,no change,1.10086,1.10077,1.10097,1.10106
RT @MZHemingway: Oh dear. Hunter Biden-linked company received $130M in special federal loans while Joe Biden was vice president https://t....,2019-11-24 19:30:40+00:00,dollar,no change,1.10176,1.10176,1.10176,1.10176
"Too bad we didn’t have the G-7 here. I offered to pick up the entire cost, would have saved at least $35,000,000 for the USA. Best location. Very stupid people thought I would gain. Wrong! Looking at Camp David. Will announce soon. https://t.co/8RF7IHVyxN",2019-11-24 14:43:08+00:00,dollar,decrease,1.10176,1.10176,1.10176,1.10176
"Bob Mueller, after spending two years and 45 million dollars, went over all of my financials, &amp, my taxes, and found nothing. Now the Witch Hunt continues with local New York Democrat prosecutors going over every financial deal I have ever done. This has never happened to a.....",2019-11-21 12:58:57+00:00,dollar,decrease,1.10913,1.10946,1.10931,1.10756
"During my visit yesterday to Austin, Texas, for the startup of the new Mac Pro, &amp, the discussion of a new one $billion campus, also in Texas, I asked Tim Cook to see if he could get Apple involved in building 5G in the U.S. They have it all - Money, Technology, Vision &amp, Cook!l",2019-11-21 12:31:40+00:00,dollar,increase,1.10842,1.10844,1.10848,1.10851
"Congressman Van Drew (D-NJ): We’ve spent millions of Dollars, in my opinion, tons of money, tons of time, tons of hurt, fracturing the Nation apart. I haven’t seen this to be a good thing.”",2019-11-20 02:25:19+00:00,dollar,decrease,1.10707,1.10726,1.10765,1.10738
"Just finished a very good &amp, cordial meeting at the White House with Jay Powell of the Federal Reserve. Everything was discused including interest rates, negative interest, low inflation, easing, Dollar strength &amp, its effect on manufacturing, trade with China, E.U. &amp, others, etc.",2019-11-18 03:49:55+00:00,dollar,increase,1.10634,1.10634,1.1064,1.10608
Walmart announces great numbers. No impact from Tariffs (which are contributing $Billions to our Treasury). Inflation low (do you hear that Powell?)!,2019-11-14 14:32:35+00:00,dollar,increase,1.10021,1.1002,1.10032,1.09979
".....”no pressure” put on him to investigate Sleepy Joe Biden even though, as President, I have an “obligation” to look into corruption, and Biden’s actions, on tape, about firing the prosecutor, and his son’s taking millions of dollars, with no knowledge or talent, from a.....",2019-11-12 11:25:15+00:00,dollar,decrease,1.10209,1.10216,1.102,1.10132
RT @cvpayne: All three major equity indices finished higher and at new all-time highs all while there are $360 billion in tariffs current o...,2019-11-09 11:58:18+00:00,dollar,increase,,,,
"RT @RepLeeZeldin: The George Kent transcript was just released &amp, once again there’s ZERO 1st hand info of US $ to Ukraine being linked to s...",2019-11-09 11:55:01+00:00,dollar,no change,,,,
"..Every year, as the fire’s rage &amp, California burns, it is the same thing-and then he comes to the Federal Government for $$$ help. No more. Get your act together Governor. You don’t see close to the level of burn in other states...But our teams are working well together in.....",2019-11-03 14:11:58+00:00,dollar,decrease,1.117,1.117,1.117,1.117
RT @IvankaTrump: This week @POTUS’s Interagency Task Force to combat #humantrafficking met and announced investments totaling $75M in the P...,2019-11-02 02:17:21+00:00,dollar,no change,,,,
"“This is the biggest, most disgusting scandal, and it’s all on the Democrat  Party that has highjacked the Impeachment process, our tax dollars, the House of Representatives, to push their 2020 Election. That’s what’s going on.” @marklevinshow  Cannot be said any better!",2019-11-01 12:29:39+00:00,dollar,decrease,1.11518,1.11349,1.11363,1.11529
"....New York, and always will, but unfortunately, despite the fact that I pay millions of dollars in city, state and local taxes each year, I have been treated very badly by the political leaders of both the city and state. Few have been treated worse. I hated having to make....",2019-11-01 01:32:44+00:00,dollar,decrease,1.11585,1.11605,1.11605,1.11639
RT @IngrahamAngle: Heroin addict drags NYPD cop with his car — and wins $11 million in court https://t.co/jWsRXdljBj via @nypmetro,2019-11-01 00:38:45+00:00,dollar,no change,1.11508,1.11508,1.11544,1.11602
"People are VERY disappointed in Jay Powell and the Federal Reserve. The Fed has called it wrong from the beginning, too fast, too slow. They even tightened in the beginning. Others are running circles around them and laughing all the way to the bank. Dollar &amp, Rates are hurting...",2019-10-31 14:37:39+00:00,dollar,decrease,1.11406,1.11408,1.1139,1.11466
"“Over in Europe and Japan they have NEGATIVE RATES. They get paid to borrow money. Don’t we have to follow our competitors?” @Varneyco  Yes we do. The Fed doesn’t have a clue! We have unlimited potential, only held back by the Federal Reserve. But we are winning anyway!",2019-10-29 15:13:58+00:00,euro,no change,1.11131,1.1113,1.11132,1.11142
"I can’t believe that Nancy Pelosi’s District in San Francisco is in such horrible shape that the City itself is in violation of many sanitary &amp, environmental orders, causing it to owe the Federal Government billions of dollars - and all she works on is Impeachment.....",2019-10-26 11:29:04+00:00,dollar,decrease,,,,
"....USA has gained Trillions of Dollars in wealth since November 2016. All others way down. Our power is Economic before having to use our newly rebuilt Military, a much better alternative. Oil is secured. Our soldiers have left and are leaving Syria for other places, then....",2019-10-25 12:32:06+00:00,dollar,no change,1.11039,1.11013,1.10986,1.11003
"“The Ambassador to the European Union has already testified, he said there was no quid pro quo. He said the President had told him that.” @kilmeade  @foxandfriends",2019-10-22 11:11:32+00:00,euro,no change,1.11412,1.11412,1.11384,1.1131
"Doral in Miami would have been the best place to hold the G-7, and free, but too much heat from the Do Nothing Radical Left Democrats &amp, their Partner, the Fake News Media! I’m surprised that they allow me to give up my $400,000 Plus Presidential Salary! We’ll find someplace else!",2019-10-21 13:17:53+00:00,dollar,decrease,1.11622,1.11615,1.11602,1.11602
"RT @IvankaTrump: Thru #WGDP’s partnership w/ @WorldBank, #WeFi, $2.6 Billion will be mobilized for women entrepreneurs in 26 developing cou...",2019-10-20 06:01:23+00:00,dollar,no change,1.11708,1.11708,1.11708,1.11708
RT @charliekirk11: Obama foreign policy:—Let Syria cross his “red line”—Hillary’s Failed Russian Reset—$150 Billion in cash to our en...,2019-10-19 16:05:30+00:00,dollar,decrease,,,,
"....I have just been notified that some European Nations are now willing, for the first time, to take the ISIS Fighters that came from their nations. This is good news, but should have been done after WE captured them. Anyway, big progress being made!!!!",2019-10-18 15:42:37+00:00,euro,increase,1.11564,1.11578,1.11578,1.11534
"....Don't the Europeans have a lot of responsibility?” @KatiePavlich Thank you Katie, I offered ISIS prisoners to the European countries from where they came, and was rejected on numerous occasions. They probably figured that the U.S. would bear the tremendous cost as always!",2019-10-14 19:06:17+00:00,euro,decrease,1.10288,1.10274,1.10276,1.10256
"“To his credit the Europeans didn't step up to deal with this ISIS problem – it’s a lot of the reason why we are in this situation today. Now, Angela Merkel of Germany is finally stepping up and telling Turkey to back off....",2019-10-14 19:06:17+00:00,euro,decrease,1.10288,1.10274,1.10276,1.10256
"....Kurds may be releasing some to get us involved. Easily recaptured by Turkey or European Nations from where many came, but they should move quickly. Big sanctions on Turkey coming! Do people really think we should go to war with NATO Member Turkey? Never ending wars will end!",2019-10-14 11:14:09+00:00,euro,decrease,1.10278,1.10286,1.10285,1.10306
"Brian Kilmeade over at @foxandfriends got it all wrong. We are not going into another war between people who have been fighting with each other for 200 years. Europe had a chance to get their ISIS prisoners, but didn’t want the cost. “Let the USA pay,” they said...",2019-10-14 11:14:09+00:00,euro,decrease,1.10278,1.10286,1.10285,1.10306
"The U.S. has the worst of the ISIS prisoners. Turkey and the Kurds must not let them escape. Europe should have taken them back after numerous requests. They should do it now. They will never come to, or be allowed in, the United States!",2019-10-13 23:27:49+00:00,euro,decrease,1.10288,1.10278,1.10252,
"The same people that got us into the Middle East Quicksand, 8 Trillion Dollars and many thousands of lives (and millions of lives when you count the other side), are now fighting to keep us there. Don’t listen to people that haven’t got a clue. They have proven to be inept!",2019-10-13 04:06:38+00:00,dollar,decrease,1.10329,1.10329,1.10329,1.10329
RT @WhiteHouse: ✅ Median household income is at a record high✅ The average household saw a $1400 tax cut✅ Unemployment has fallen to 3.5%...,2019-10-11 15:32:59+00:00,dollar,increase,1.10474,1.10421,1.1042,1.10392
"So pathetic to see Sleepy Joe Biden, who with his son, Hunter, and to the detriment of the American Taxpayer, has ripped off at least two countries for millions of dollars, calling for my impeachment - and I did nothing wrong. Joe’s Failing Campaign gave him no other choice!",2019-10-09 17:55:33+00:00,dollar,decrease,1.09769,1.09742,1.09766,1.0972
The United States has spent EIGHT TRILLION DOLLARS fighting and policing in the Middle East. Thousands of our Great Soldiers have died or been badly wounded. Millions of people have died on the other side. GOING INTO THE MIDDLE EAST IS THE WORST DECISION EVER MADE.....,2019-10-09 12:14:02+00:00,dollar,decrease,1.09814,1.09804,1.09822,1.09817
"Fighting between various groups that has been going on for hundreds of years. USA should never have been in Middle East. Moved our 50 soldiers out. Turkey MUST take over captured ISIS fighters that Europe refused to have returned. The stupid endless wars, for us, are ending! https://t.co/Fbcem9i55Z",2019-10-09 11:36:10+00:00,euro,decrease,1.0978,1.09762,1.09768,1.09768
"RT @senatemajldr: The USMCA would create 176,000 jobs for American workers and generate $68 billion in wealth for America. House Democrats...",2019-10-09 01:59:12+00:00,dollar,increase,1.09614,1.09622,1.09623,1.09652
"Gasoline Prices in the State of California are MUCH HIGHER than anywhere else in the Nation ($2.50 vs. $4.50). I guess those very expensive and unsafe cars that they are mandating just aren’t doing the trick! Don’t worry California, relief is on the way. The State doesn’t get it!",2019-10-09 01:57:35+00:00,dollar,decrease,1.09622,1.09622,1.0962,1.09652
"RT @GOPChairwoman: New data is out on median income growth:Under Barack Obama, incomes rose $11 a month.Under @realDonaldTrump, incomes...",2019-10-08 03:54:58+00:00,dollar,no change,1.0975,1.09751,1.09743,1.0976
"As I have stated strongly before, and just to reiterate, if Turkey does anything that I, in my great and unmatched wisdom, consider to be off limits, I will totally destroy and obliterate the Economy of Turkey (I’ve done before!). They must, with Europe and others, watch over...",2019-10-07 15:38:09+00:00,euro,decrease,1.09911,1.09916,1.0989,1.09822
"....down, watching over a quagmire, &amp, spending big dollars to do so. When I took over, our Military was totally depleted. Now it is stronger than ever before. The endless and ridiculous wars are ENDING! We will be focused on the big picture, knowing we can always go back &amp, BLAST!",2019-10-07 15:20:49+00:00,dollar,no change,1.09974,1.0996,1.09922,1.09821
"....doesn’t even include the almost $2000 that the families got from the Trump Tax Cut.” Stephen Moore, Freedomworks  That means $5000 to $6000 more in disposable yearly income that Americans have right now because of President Trump!",2019-10-07 14:01:05+00:00,dollar,decrease,1.09909,1.09932,1.09926,1.0994
"Heritage Foundation “These numbers are blockbusters. Just since Donald Trump took office, Median Family Incomrs are up over $4,100. In 8 years under President Obama, they only went up $1000. In one third the time, President Trump has increased incomes 4 times as much, and that...",2019-10-07 14:01:04+00:00,dollar,increase,1.09909,1.09932,1.09926,1.0994
"....almost 3 years, but it is time for us to get out of these ridiculous Endless Wars, many of them tribal, and bring our soldiers home. WE WILL FIGHT WHERE IT IS TO OUR BENEFIT, AND ONLY FIGHT TO WIN. Turkey, Europe, Syria, Iran, Iraq, Russia and the Kurds will now have to.....",2019-10-07 11:40:35+00:00,euro,decrease,1.09782,1.09783,1.0981,1.09936
"....including capturing thousands of ISIS fighters, mostly from Europe. But Europe did not want them back, they said you keep them USA! I said “NO, we did you a great favor and now you want us to hold them in U.S. prisons at tremendous cost. They are yours for trials.” They.....",2019-10-07 11:40:34+00:00,euro,decrease,1.09782,1.09783,1.0981,1.09936
".@60Minutes “forgot” to report that we are helping the great farmers of the USA to the tune of 28 Billion Dollars, for the last two years, paid for out of Tariffs paid to the United States by China for targeting the farmer. They devalued their currency, therefore paying the cost!",2019-10-06 23:54:51+00:00,dollar,decrease,1.09838,1.09834,,
"....and separately got 1.5 Billion Dollars from China despite no experience and for no apparent reason. There is NO WAY these can be legitimate transactions? As lawyers &amp, others have stated, as President, I have an OBLIGATION to look into possible, or probable, CORRUPTION!",2019-10-06 14:58:32+00:00,dollar,decrease,1.09818,1.09818,1.09818,1.09818
"It is INCREDIBLE to watch and read the Fake News and how they pull out all stops to protect Sleepy Joe Biden and his thrown out of the Military son, Hunter, who was handed $100,000 a month (Plus,Plus) from a Ukrainian based company, even though he had no experience in energy,...",2019-10-06 14:58:31+00:00,dollar,decrease,1.09818,1.09818,1.09818,1.09818
RT @GOPChairwoman: Dollars are the real polls right now. We’re DOUBLE where President Obama was at this point in his re-election. Ameri...,2019-10-06 13:22:59+00:00,dollar,no change,1.09818,1.09818,1.09818,1.09818
"The U.S. won a $7.5 Billion award from the World Trade Organization against the European Union, who has for many years treated the USA very badly on Trade due to Tariffs, Trade Barriers, and more. This case going on for years, a nice victory!",2019-10-03 10:00:00+00:00,dollar,increase,1.0947,1.0947,1.0948,1.09574
"As I predicted, Jay Powell and the Federal Reserve have allowed the Dollar to get so strong, especially relative to ALL other currencies, that our manufacturers are being negatively affected. Fed Rate too high. They are their own worst enemies, they don’t have a clue. Pathetic!",2019-10-01 14:34:45+00:00,dollar,decrease,1.09156,1.0919,1.0916,1.0934
"RT @realDonaldTrump: BIG NEWS by @Hyundai, @Kia, and @Aptiv on a 4 BILLION DOLLAR joint venture to develop autonomous driving technologies...",2019-10-01 10:07:58+00:00,dollar,increase,1.08943,1.08975,1.09024,1.09046
RT @realDonaldTrump: Navistar will be building a new 250 MILLION DOLLAR truck factory in San Antonio with 600 new jobs. Congratulations San...,2019-10-01 09:56:46+00:00,dollar,increase,1.08951,1.08928,1.08941,1.0901
"BIG NEWS by @Hyundai, @Kia, and @Aptiv on a 4 BILLION DOLLAR joint venture to develop autonomous driving technologies in the USA. That’s a lot of $$ and JOBS! Great jobs coming back to America!!",2019-09-30 19:08:06+00:00,dollar,increase,1.09011,1.09006,1.09028,1.08998
Navistar will be building a new 250 MILLION DOLLAR truck factory in San Antonio with 600 new jobs. Congratulations San Antonio and Texas! America makes the GREATEST trucks in the world! https://t.co/kp4FICFLcf,2019-09-30 18:55:53+00:00,dollar,increase,1.09012,1.0902,1.09024,1.09018
"Very simple! I was looking for Corruption and also why Germany, France and others in the European Union don’t do more for Ukraine. Why is it always the USA that does so much and puts up so much money for Ukraine and other countries? By the way, the Bidens were corrupt!",2019-09-30 13:58:55+00:00,euro,decrease,1.09014,1.09072,1.09098,1.09017
"RT @EricTrump: UPDATE: We have now raised almost $15 million in small dollar donations (including 50,000 NEW donors) since @SpeakerPelosi s...",2019-09-28 04:13:33+00:00,dollar,no change,,,,
RT @GOPChairwoman: We already raised over $500K to beat Democrat Elissa Slotkin next November.She promised she'd work with @realDonaldTru...,2019-09-28 04:11:37+00:00,dollar,no change,,,,
"The President of Ukraine said that he was NOT pressured by me to do anything wrong. Can’t have better testimony than that! As V.P., Biden had his son, on the other hand, take out millions of dollars by strong arming the Ukrainian President. Also looted millions from China. Bad!",2019-09-26 23:02:38+00:00,dollar,decrease,1.092,1.09188,1.09188,
No one has done more behind the scenes for STRONG BORDER SECURITY than @SenCapito. Her bill passed Committee today with $5B for the BORDER WALL. West Virginia is a great State and Shelley gets it done. Keep it up!,2019-09-26 23:01:12+00:00,dollar,increase,1.092,1.09188,1.09186,
"I have informed @GOPLeader Kevin McCarthy and all Republicans in the House that I fully support transparency on so-called whistleblower information but also insist on transparency from Joe Biden and his son Hunter, on the millions of dollars that have been quickly and easily....",2019-09-25 20:17:32+00:00,dollar,no change,1.09443,1.09438,1.09434,1.09452
"..Breaking News: The Ukrainian Government just said they weren’t pressured at all during the “nice” call. Sleepy Joe Biden, on the other hand, forced a tough prosecutor out from investigating his son’s company by threat of not giving big dollars to Ukraine. That’s the real story!",2019-09-23 00:03:56+00:00,dollar,decrease,1.10178,1.1018,1.10175,1.10184
"“The U.S. Economy is the envy of the world, as Europe and Asia slide ever toward recession. But the Left is trying to avoid talking about the Trump Economy.” @IngrahamAngle  The Best Is Yet To Come.",2019-09-20 02:49:50+00:00,euro,no change,1.10566,1.1057,1.10592,1.1056
RT @IvankaTrump: It secured the largest ever increase (from $2.9 to $5.3 billion) in the Child Care and Development Block Grant program as...,2019-09-18 11:58:19+00:00,dollar,increase,1.10516,1.10528,1.10532,1.1057
"They failed on the Mueller Report, they failed on Robert Mueller’s testimony, they failed on everything else, so now the Democrats are trying to build a case that I enrich myself by being President. Good idea, except I will, and have always expected to, lose BILLIONS of DOLLARS..",2019-09-16 14:01:14+00:00,dollar,decrease,1.10128,1.10063,1.10078,1.0998
"Producer prices in China shrank most in 3 years due to China’s big devaluation of their currency, coupled with monetary stimulus. Federal Reserve not watching? Will Fed ever get into the game? Dollar strongest EVER! Really bad for exports. No Inflation...Highest Interest Rates...",2019-09-16 11:47:56+00:00,dollar,decrease,1.10322,1.10302,1.10304,1.10308
"House Judiciary has given up on the Mueller Report, sadly for them after two years and $40,000,000 spent - ZERO COLLUSION, ZERO OBSTRUCTION. So they say, OK, lets look at everything else, and all of the deals that “Trump” has done over his lifetime. But it doesn’t....",2019-09-16 11:03:18+00:00,dollar,decrease,1.10414,1.10428,1.10398,1.10295
"Illegal Immigration costs the USA over 300 Billion Dollars a year. There is no reason for this, and things are being set in motion to have this number come WAY DOWN. Democrats could end Loopholes and it would be a whole lot easier, and faster. But it will all happen anyway!....",2019-09-13 14:41:32+00:00,dollar,decrease,1.10737,1.10738,1.10767,1.10754
"European Central Bank, acting quickly, Cuts Rates 10 Basis Points. They are trying, and succeeding, in depreciating the Euro against the VERY strong Dollar, hurting U.S. exports.... And the Fed sits, and sits, and sits. They get paid to borrow money, while we are paying interest!",2019-09-12 12:13:09+00:00,dollar,no change,1.0961,1.09707,1.09673,1.09546
"....on October 1st, we have agreed, as a gesture of good will, to move the increased Tariffs on 250 Billion Dollars worth of goods (25% to 30%), from October 1st to October 15th.",2019-09-11 23:17:19+00:00,dollar,no change,1.10108,1.10114,1.10136,
"I had nothing to do with the decision of our great @VP Mike Pence to stay overnight at one of the Trump owned resorts in Doonbeg, Ireland. Mike’s family has lived in Doonbeg for many years, and he thought that during his very busy European visit, he would stop and see his family!",2019-09-09 13:52:47+00:00,euro,no change,1.1051,1.1054,1.10568,1.10493
"China just enacted a major stimulus plan. With all the Tariffs THEY are paying to the USA, Billions and Billions of Dollars, they need it! In the meantime, our Federal Reserve sits back and does NOTHING!",2019-09-07 03:05:01+00:00,dollar,decrease,,,,
"“China is eating the Tariffs.” Billions pouring into USA. Targeted Patriot Farmers getting massive Dollars from the incoming Tariffs! Good Jobs Numbers, No Inflation(Fed). China having worst year in decades. Talks happening, good for all!",2019-09-06 15:14:20+00:00,dollar,no change,1.10492,1.1048,1.1049,1.10421
"....Trump is doing to China is not lost on the rest of the world. Europe has had among the most protectionist policies forever. They’re sitting there and saying, gee, are we next? Maybe you are! We’ve got to change the rules. The U.S. can’t defend the world and pay for it....",2019-09-04 14:18:05+00:00,euro,decrease,1.10209,1.10311,1.10262,1.10279
“U.S. Winning Trade War With China In Dollars.” CNBC,2019-09-04 13:52:58+00:00,dollar,no change,1.10144,1.10138,1.10114,1.10294
"....Trump is doing to China is not lost on the rest of the world. Europe has had among the most protectionist policies forever. They’re sitting there and saying, gee, are we next? Maybe you are! We’ve got to change the rules. The U.S. can’t defend the world and pay for it........",2019-09-04 01:44:01+00:00,euro,decrease,1.09783,1.09764,1.09762,1.09753
"We are doing very well in our negotiations with China. While I am sure they would love to be dealing with a new administration so they could continue their practice of “ripoff USA”($600 B/year),16 months PLUS is a long time to be hemorrhaging jobs and companies on a long-shot....",2019-09-03 13:12:02+00:00,dollar,no change,1.09399,1.09428,1.09372,1.09735
"....and watched. NAFTA is the worst Trade Deal ever made - terrible for labor - and Richard let it stand. No wonder unions are losing so much. The workers will vote for me in 2020 (lowest unemployment, most jobs ever), and should stop paying exorbitant $Dues, not worth it!",2019-09-02 11:46:58+00:00,dollar,decrease,1.09737,1.09717,1.09692,1.09644
"Since my election, many trillions of dollars of worth has been created for our Country, and the Stock Market is up over 50%. If you followed the advice of the Failing New York Times columnist, Paul Krugman, you’d be doing VERY poorly - you’d be angry and hurt. He never got it!",2019-09-02 11:38:59+00:00,dollar,decrease,1.09735,1.0975,1.09734,1.0967
"Just watched Congresswoman Debbie Dingell, and many other Democrats, wanting to give up on our very successful Trade battle with China, which has had its worst Economic year in memory (and getting worse). We are taking in $Billions. Will be big for Farmers and ALL!",2019-08-31 18:29:37+00:00,dollar,decrease,,,,
"The Euro is dropping against the Dollar “like crazy,” giving them a big export and manufacturing advantage...and the Fed does NOTHING! Our Dollar is now the strongest in history. Sounds good, doesn’t it? Except to those (manufacturers) that make product for sale outside the U.S.",2019-08-30 13:55:41+00:00,dollar,increase,1.10491,1.10462,1.10438,1.1029
"Puerto Rico is one of the most corrupt places on earth. Their political system is broken and their politicians are either Incompetent or Corrupt. Congress approved Billions of Dollars last time, more than anyplace else has ever gotten, and it is sent to Crooked Pols. No good!....",2019-08-28 14:45:28+00:00,dollar,decrease,1.10812,1.10808,1.10788,1.10802
"Wow! Yet another big storm heading to Puerto Rico. Will it ever end? Congress approved 92 Billion Dollars for Puerto Rico last year, an all time record of its kind for “anywhere.”",2019-08-27 16:09:22+00:00,dollar,increase,1.10902,1.10875,1.10902,1.10912
"...Additionally, the remaining 300 BILLION DOLLARS of goods and products from China, that was being taxed from September 1st at 10%, will now be taxed at 15%. Thank you for your attention to this matter!",2019-08-23 21:00:33+00:00,dollar,no change,,,,
"...unfair Trading Relationship. China should not have put new Tariffs on 75 BILLION DOLLARS of United States product (politically motivated!). Starting on October 1st, the 250 BILLION DOLLARS of goods and products from China, currently being taxed at 25%, will be taxed at 30%...",2019-08-23 21:00:33+00:00,dollar,decrease,,,,
"For many years China (and many other countries) has been taking advantage of the United States on Trade, Intellectual Property Theft, and much more. Our Country has been losing HUNDREDS OF BILLIONS OF DOLLARS a year to China, with no end in sight....",2019-08-23 21:00:32+00:00,dollar,decrease,,,,
"Our Country has lost, stupidly, Trillions of Dollars with China over many years. They have stolen our Intellectual Property at a rate of Hundreds of Billions of Dollars a year, &amp, they want to continue. I won’t let that happen! We don’t need China and, frankly, would be far....",2019-08-23 14:59:03+00:00,dollar,decrease,1.11098,1.11175,1.11271,1.11474
"As usual, the Fed did NOTHING! It is incredible that they can “speak” without knowing or asking what I am doing, which will be announced shortly. We have a very strong dollar and a very weak Fed. I will work “brilliantly” with both, and the U.S. will do great...",2019-08-23 14:57:40+00:00,dollar,increase,1.11042,1.11094,1.11217,1.11458
"As usual, the Fed did NOTHING! It is incredible that they can “speak” without knowing or asking what I am doing, which will be announced shortly. We have a very strong dollar and a very weak Fed. I will work “brilliantly” with both, and the U.S. will do great...",2019-08-23 02:40:56+00:00,dollar,increase,1.10736,1.10738,1.10724,1.10698
"Germany sells 30 year bonds offering negative yields. Germany competes with the USA. Our Federal Reserve does not allow us to do what we must do. They put us at a disadvantage against our competition. Strong Dollar, No Inflation! They move like quicksand. Fight or go home!",2019-08-22 12:53:13+00:00,dollar,decrease,1.10827,1.1078,1.10822,1.10975
"The Legendary Henry Ford and Alfred P. Sloan, the Founders of Ford Motor Company and General Motors, are “rolling over” at the weakness of current car company executives willing to spend more money on a car that is not as safe or good, and cost $3,000 more to consumers. Crazy!",2019-08-21 22:50:27+00:00,dollar,decrease,1.10918,1.10916,1.10908,1.1091
"....Because of me, these countries have agreed to pay ONE HUNDRED BILLION DOLLARS more - but still way short of what they should pay for the incredible military protection provided. Sorry!",2019-08-21 17:32:33+00:00,dollar,decrease,1.11028,1.11018,1.10988,1.10922
"For the record, Denmark is only at 1.35% of GDP for NATO spending. They are a wealthy country and should be at 2%. We protect Europe and yet, only 8 of the 28 NATO countries are at the 2% mark. The United States is at a much, much higher level than that....",2019-08-21 17:32:32+00:00,euro,no change,1.11028,1.11018,1.10988,1.10922
"So Germany is paying Zero interest and is actually being paid to borrow money, while the U.S., a far stronger and more important credit, is paying interest and just stopped (I hope!) Quantitative Tightening. Strongest Dollar in History, very tough on exports. No Inflation!.....",2019-08-21 13:56:12+00:00,dollar,no change,1.10988,1.1098,1.10964,1.1094
"My proposal to the politically correct Automobile Companies would lower the average price of a car to consumers by more than $3000, while at the same time making the cars substantially safer. Engines would run smoother. Very little impact on the environment! Foolish executives!",2019-08-21 13:38:25+00:00,dollar,no change,1.10969,1.10978,1.10984,1.1098
".....We are competing with many countries that have a far lower interest rate, and we should be lower than them. Yesterday, “highest Dollar in U.S.History.” No inflation. Wake up Federal Reserve. Such growth potential, almost like never before!",2019-08-21 12:52:27+00:00,dollar,no change,1.11038,1.11029,1.11036,1.10978
"RT @VP: The average household has seen their income go up by more than $5,000, wages are rising at their fastest pace in an almost decade—a...",2019-08-20 13:16:53+00:00,dollar,increase,1.1075,1.10734,1.10764,1.10914
"Our Economy is very strong, despite the horrendous lack of vision by Jay Powell and the Fed, but the Democrats are trying to “will” the Economy to be bad for purposes of the 2020 Election.  Very Selfish! Our dollar is so strong that it is sadly hurting other parts of the world...",2019-08-19 15:26:20+00:00,dollar,decrease,1.10946,1.10946,1.10958,1.1096
"RT @charliekirk11: Do the math:At the most, the Wall will cost $20 billionIllegals cost US taxpayers $165 billion a year",2019-08-17 22:01:25+00:00,dollar,decrease,,,,
"I donate 100% of my President’s salary, $400,000, back to our Country, and feel very good about it! https://t.co/cX8Op2qyw7",2019-08-16 22:52:54+00:00,dollar,increase,,,,
"“So far, you’ve had Tariffs imposed on 300 Billion Dollars worth of Chinese products, but you can’t tell me that it has hurt our economy...&amp, it really hasn’t led to any kind of serious rise in prices at the consumer level.” @Varneyco  @FoxBusiness  And we are taking in $Billions!",2019-08-14 15:51:00+00:00,dollar,decrease,1.11419,1.11427,1.11424,1.11428
"RT @RichardGrenell: There are 34,000 U.S. troops in Germany protecting Germans and Europeans. I can tell you this: @RolandNelles &amp, @SPIEGEL...",2019-08-13 19:43:40+00:00,euro,no change,1.11752,1.11743,1.11737,1.11716
"Through massive devaluation of their currency and pumping vast sums of money into their system, the tens of billions of dollars that the U.S. is receiving is a gift from China. Prices not up, no inflation. Farmers getting more than China would be spending. Fake News won’t report!",2019-08-13 12:49:05+00:00,dollar,decrease,1.12235,1.1221,1.12168,1.1192
"China wants to make a deal so badly. Thousands of companies are leaving because of the Tariffs, they must stem the flow. At the same time China may be hoping for a Democrat to win so they could continue the great ripoff of America, &amp, the theft of hundreds of Billions of $’s!",2019-08-10 21:58:09+00:00,dollar,decrease,,,,
"RT @GOPChairwoman: Thanks to the unhinged mob on the left, @realDonaldTrump raised $12M today, $2M more than originally expected.The supp...",2019-08-09 20:36:30+00:00,dollar,no change,1.12018,1.12016,1.12024,
"....John Deere, our car companies, &amp, others, to compete on a level playing field. With substantial Fed Cuts (there is no inflation) and no quantitative tightening, the dollar will make it possible for our companies to win against any competition. We have the greatest companies...",2019-08-08 14:38:17+00:00,dollar,increase,1.12143,1.11996,1.11987,1.12125
"As your President, one would think that I would be thrilled with our very strong dollar. I am not! The Fed’s high interest rate level, in comparison to other countries, is keeping the dollar high, making it more difficult for our great manufacturers like Caterpillar, Boeing,.....",2019-08-08 14:38:16+00:00,dollar,decrease,1.12143,1.11996,1.11987,1.12125
"South Korea has agreed to pay substantially more money to the United States in order to defend itself from North Korea. Over the past many decades, the U.S. has been paid very little by South Korea, but last year, at the request of President Trump, South Korea paid $990,000,000..",2019-08-07 10:21:11+00:00,dollar,no change,1.11859,1.11875,1.1185,1.11908
"China is intent on continuing to receive the hundreds of Billions of Dollars they have been taking from the U.S. with unfair trade practices and currency manipulation. So one-sided, it should have been stopped many years ago!",2019-08-05 16:00:14+00:00,dollar,decrease,1.11969,1.11971,1.11974,1.12107
"Based on the historic currency manipulation by China, it is now even more obvious to everyone that Americans are not paying for the Tariffs – they are being paid for compliments of China, and the U.S. is taking in tens of Billions of Dollars! China has always....",2019-08-05 15:58:59+00:00,dollar,decrease,1.11946,1.11974,1.11979,1.1212
"Things are going along very well with China. They are paying us Tens of Billions of Dollars, made possible by their monetary devaluations and pumping in massive amounts of cash to keep their system going. So far our consumer is paying nothing - and no inflation. No help from Fed!",2019-08-03 12:46:45+00:00,dollar,increase,,,,
"A$AP Rocky released from prison and on his way home to the United States from Sweden. It was a Rocky Week, get home ASAP A$AP!",2019-08-02 17:41:30+00:00,dollar,increase,1.111,1.11084,1.11085,1.11102
"...during the talks the U.S. will start, on September 1st, putting a small additional Tariff of 10% on the remaining 300 Billion Dollars of goods and products coming from China into our Country. This does not include the 250 Billion Dollars already Tariffed at 25%...",2019-08-01 17:26:10+00:00,dollar,no change,1.1065,1.1074,1.10797,1.10792
"What the Market wanted to hear from Jay Powell and the Federal Reserve was that this was the beginning of a lengthy and aggressive rate-cutting cycle which would keep pace with China, The European Union and other countries around the world....",2019-07-31 20:41:17+00:00,euro,no change,1.10708,1.10751,1.10755,1.1074
"Baltimore’s numbers are the worst in the United States on Crime and the Economy. Billions of dollars have been pumped in over the years, but to no avail. The money was stolen or wasted. Ask Elijah Cummings where it went. He should investigate himself with his Oversight Committee!",2019-07-30 01:45:34+00:00,dollar,decrease,1.11386,1.11384,1.1138,1.11422
Give A$AP Rocky his FREEDOM. We do so much for Sweden but it doesn’t seem to work the other way around. Sweden should focus on its real crime problem! #FreeRocky,2019-07-25 21:24:21+00:00,dollar,decrease,1.1147,1.11474,1.11475,1.11468
"Very disappointed in Prime Minister Stefan Löfven for being unable to act. Sweden has let our African American Community down in the United States. I watched the tapes of A$AP Rocky, and he was being followed and harassed by troublemakers. Treat Americans fairly! #FreeRocky",2019-07-25 21:19:04+00:00,dollar,decrease,1.11468,1.1147,1.11474,1.11464
"....Tariffs, Remittance Fees, or all of the above. Guatemala has not been good. Big U.S. taxpayer dollars going to them was cut off by me 9 months ago.",2019-07-23 12:23:59+00:00,dollar,decrease,1.11688,1.1172,1.11732,1.1169
"Farmers are starting to do great again, after 15 years of a downward spiral. The 16 Billion Dollar China “replacement” money didn’t exactly hurt!",2019-07-23 11:54:02+00:00,dollar,increase,1.11786,1.11727,1.11728,1.11706
"Just had a very good call with @SwedishPM Stefan Löfven who assured me that American citizen A$AP Rocky will be treated fairly. Likewise, I assured him that A$AP was not a flight risk and offered to personally vouch for his bail, or an alternative....",2019-07-20 13:52:30+00:00,dollar,increase,,,,
"RT @pulte: Pulte awards President Trump’s retweet Recipient, a Female Combat Veteran and Single Mom, with $30,000 ($20k Brand New Car!) and...",2019-07-20 11:12:11+00:00,dollar,increase,,,,
RT @realDonaldTrump: Just spoke to @KanyeWest about his friend A$AP Rocky’s incarceration. I will be calling the very talented Prime Minist...,2019-07-20 11:02:22+00:00,dollar,no change,,,,
Just spoke to @KanyeWest about his friend A$AP Rocky’s incarceration. I will be calling the very talented Prime Minister of Sweden to see what we can do about helping A$AP Rocky. So many people would like to see this quickly resolved!,2019-07-19 20:01:47+00:00,dollar,increase,1.12189,1.12184,1.122,
"A lot of bad things are happening in Puerto Rico. The Governor is under siege, the Mayor of San Juan is a despicable and incompetent person who I wouldn’t trust under any circumstance, and the United States Congress foolishly gave 92 Billion Dollars for hurricane relief, much....",2019-07-18 14:54:15+00:00,dollar,decrease,1.12141,1.12181,1.12212,1.12263
"....with the U.S., and wishes it had not broken the original deal in the first place. In the meantime, we are receiving Billions of Dollars in Tariffs from China, with possibly much more to come. These Tariffs are paid for by China devaluing &amp, pumping, not by the U.S. taxpayer!",2019-07-15 10:43:20+00:00,dollar,decrease,1.12822,1.1281,1.12782,1.12753
"House Minority Leader Kevin McCarthy is a far superior leader than was Lame Duck Speaker Paul Ryan. Tougher, smarter and a far better fundraiser, Kevin is already closing in on 44 Million Dollars. Paul’s final year numbers were, according to Breitbart, “abysmal.” People like.....",2019-07-13 21:19:21+00:00,dollar,increase,,,,
RT @senatemajldr: Increased agency coordination. Millions of dollars in direct aid to state election officials. Updating election systems....,2019-07-13 11:47:30+00:00,dollar,no change,,,,
"RT @USCG: Earlier today, the @VP welcomed back CGC Munro from patrol as they offloaded $569 million of cocaine in San Diego. If you misse...",2019-07-12 02:26:59+00:00,dollar,no change,1.12669,1.12655,1.12644,1.1267
"...and International. We have only one real currency in the USA, and it is stronger than ever, both dependable and reliable. It is by far the most dominant currency anywhere in the World, and it will always stay that way. It is called the United States Dollar!",2019-07-12 00:15:23+00:00,dollar,increase,1.12525,1.12508,1.1251,1.12604
"Iran has long been secretly “enriching,” in total violation of the terrible 150 Billion Dollar deal made by John Kerry and the Obama Administration. Remember, that deal was to expire in a short number of years. Sanctions will soon be increased, substantially!",2019-07-10 14:14:52+00:00,dollar,decrease,1.12456,1.12435,1.12439,1.12458
"...a “source” of information (ask the Times what they paid for the Boston Globe, &amp, what they sold it for (lost 1.5 Billion Dollars), or their old headquarters building disaster, or their unfunded liability? @FoxNews is changing fast, but they forgot the people who got them there!",2019-07-07 23:50:19+00:00,dollar,decrease,1.12279,1.12278,,
"RT @CBPSouthTexas: #CBP officers seize $4.1M in methamphetamine, cocaine at Laredo Port of Entry. Read more here and below. https://t.co/KJ...",2019-07-06 12:13:19+00:00,dollar,no change,,,,
"China and Europe playing big currency manipulation game and pumping money into their system in order to compete with USA. We should MATCH, or continue being the dummies who sit back and politely watch as other countries continue to play their games - as they have for many years!",2019-07-03 14:21:52+00:00,euro,decrease,1.1294,1.1299,1.12988,1.12785
"Iran was violating the 150 Billion Dollar (plus 1.8 Billion Dollar in CASH) Nuclear Deal with the United States, and others who paid NOTHING, long before I became President - and they have now breached their stockpile limit. Not good!",2019-07-03 04:06:20+00:00,dollar,decrease,1.12871,1.1287,1.12884,1.12892
"I am pleased to announce that it is my intention to nominate Judy Shelton, Ph. D., U.S. Executive Dir, European Bank of Reconstruction &amp, Development to be on the board of the Federal Reserve....",2019-07-02 22:36:48+00:00,euro,increase,1.12912,1.12901,1.1291,1.129
"I am pleased to announce that it is my intention to nominate Judy Shelton, Ph. D., U.S. Executive Dir, European Bank of Reconstruction &amp, Development. Judy is a Founding Member of the board of directors of Empower America and has served on the board of directors of Hilton Hotels.",2019-07-02 10:10:44+00:00,euro,increase,1.13084,1.13055,1.1299,1.12992
"According to Fake News (and low ratings) @CNN, “Democrats say hearings could change impeachment debate.” That’s because they have lost the impeachment debate (80% say NO), and they are hoping that yet another DO OVER, after 2 1/2 years and $40,000,000, will turn things around....",2019-06-26 21:46:45+00:00,dollar,decrease,1.13738,1.13738,1.13732,1.13733
"Iran leadership doesn’t understand the words “nice” or “compassion,” they never have. Sadly, the thing they do understand is Strength and Power, and the USA is by far the most powerful Military Force in the world, with 1.5 Trillion Dollars invested over the last two years alone..",2019-06-25 14:42:29+00:00,dollar,no change,1.13885,1.13888,1.13914,1.13853
"Despite a Federal Reserve that doesn’t know what it is doing - raised rates far too fast (very low inflation, other parts of world slowing, lowering &amp, easing) &amp, did large scale tightening, $50 Billion/month, we are on course to have one of the best Months of June in US history...",2019-06-24 12:53:34+00:00,dollar,increase,1.13872,1.13874,1.13871,1.13878
"Despite a Federal Reserve that doesn’t know what it is doing - raised rates far to fast (very low inflation, other parts of world slowing, lowering &amp, easing) &amp, did large scale tightening, $50 Billion/month, we are on course to have one of the best Months of June in U.S. history..",2019-06-24 12:29:49+00:00,dollar,increase,1.13928,1.13958,1.1392,1.13838
"I am at Camp David working on many things, including Iran! We have a great Economy, Tariffs have been very helpful both with respect to the huge Dollars coming IN, &amp, on helping to make good Trade Deals. The Dow heading to BEST June in 80 years! Stock Market BEST June in 50 years!",2019-06-22 16:55:49+00:00,dollar,increase,,,,
"President Obama made a desperate and terrible deal with Iran - Gave them 150 Billion Dollars plus I.8 Billion Dollars in CASH! Iran was in big trouble and he bailed them out. Gave them a free path to Nuclear Weapons, and SOON. Instead of saying thank you, Iran yelled.....",2019-06-21 13:03:14+00:00,dollar,decrease,1.13254,1.13223,1.13218,1.13284
"Since Election Day 2016, Stocks up almost 50%, Stocks gained 9.2 Trillion Dollars in value, and more than 5,000,000 new jobs added to the Economy. @LouDobbs If our opponent had won, there would have been a market crash, plain and simple! @TuckerCarlson @seanhannity @IngrahamAngle",2019-06-20 00:12:31+00:00,dollar,increase,1.12456,1.12436,1.1247,1.12647
European Markets rose on comments (unfair to U.S.) made today by Mario D!,2019-06-18 11:21:34+00:00,euro,increase,1.1195,1.11945,1.11924,1.11864
"Mario Draghi just announced more stimulus could come, which immediately dropped the Euro against the Dollar, making it unfairly easier for them to compete against the USA. They have been getting away with this for years, along with China and others.",2019-06-18 10:53:44+00:00,dollar,no change,1.11958,1.12042,1.11959,1.11918
RT @TomFitton: Coup Update: Bruce Ohr gets $28k bonus in middle of Russiagate spying on @RealDonaldTrump -- and then gets a raise AFTER he...,2019-06-15 11:09:36+00:00,dollar,no change,,,,
"RT @realDonaldTrump: ....No Obstruction. The Dems were devastated - after all this time and money spent ($40,000,000), the Mueller Report w...",2019-06-10 10:02:33+00:00,dollar,decrease,1.13066,1.13068,1.13058,1.13098
"This is because the Euro and other currencies are devalued against the dollar, putting the U.S. at a big disadvantage. The Fed Interest rate way too high, added to ridiculous quantitative tightening! They don’t have a clue! https://t.co/0CpnUzJqB9",2019-06-11 12:47:09+00:00,dollar,decrease,1.13132,1.13187,1.13197,1.13171
"This is because the Euro and other currencies are devalued against the dollar, putting the U.S. at a big disadvantage. The Fed Interest rate way to high, added to ridiculous quantitative tightening! They don’t have a clue! https://t.co/0CpnUzJqB9",2019-06-11 12:08:30+00:00,dollar,decrease,1.1318,1.13186,1.13135,1.1316
RT @bopinion: European landmarks have a question they desperately need answering: How do you stop the tourists from coming? https://t.co/7R...,2019-06-11 11:57:19+00:00,euro,no change,1.13058,1.13042,1.1307,1.13197
"....No Obstruction. The Dems were devastated - after all this time and money spent ($40,000,000), the Mueller Report was a disaster for them. But they want a Redo, or Do Over. They are even bringing in @CNN sleazebag attorney John Dean. Sorry, no Do Overs - Go back to work!",2019-06-09 22:50:57+00:00,dollar,decrease,1.13222,1.13183,1.13166,1.132
"“The President has received glowing reviews from the British Media. Here at home, not so much. MSNBC Ramps up hateful coverage and promotes conspiracy theories during Trump’s trip to Europe.”  @seanhannity  The good news is that @maddow is dying in the ratings, along with @CNN!",2019-06-06 05:55:49+00:00,euro,decrease,1.1234,1.12338,1.12356,1.1229
"House just passed the 19.1 Billion Dollar Disaster Aid Bill. Great, now we will get it done in the Senate! Farmers, Puerto Rico and all will be very happy.",2019-06-03 11:58:38+00:00,dollar,increase,1.11792,1.11832,1.11864,1.11946
"Washington Post got it wrong, as usual. The U.S. is charging 25% against 250 Billion Dollars of goods shipped from China, not 200 BD. Also, China is paying a heavy cost in that they will subsidize goods to keep them coming, devalue their currency, yet companies are moving to.....",2019-06-01 20:37:03+00:00,dollar,decrease,,,,
"90% of the Drugs coming into the United States come through Mexico &amp, our Southern Border. 80,000 people died last year, 1,000,000 people ruined. This has gone on for many years &amp, nothing has been done about it. We have a 100 Billion Dollar Trade Deficit with Mexico. It’s time!",2019-05-31 14:41:24+00:00,dollar,decrease,1.11786,1.11714,1.11626,1.11522
"The Greatest Presidential Harassment in history. After spending $40,000,000 over two dark years, with unlimited access, people, resources and cooperation, highly conflicted Robert Mueller would have brought charges, if he had ANYTHING, but there were no charges to bring!",2019-05-30 11:21:45+00:00,dollar,decrease,1.11372,1.11382,1.11369,1.11353
"I don’t know why the Radical Left Democrats want Bob Mueller to testify when he just issued a 40 Million Dollar Report that states, loud &amp, clear &amp, for all to hear, No Collusion and No Obstruction (how do you Obstruct a NO crime?) Dems are just looking for trouble and a Do-Over!",2019-05-24 12:34:47+00:00,dollar,decrease,1.12005,1.11966,1.1193,1.11898
"The U.S. Senate has just approved a 19 Billion Dollar Disaster Relief Bill, with my total approval. Great!",2019-05-24 00:11:19+00:00,dollar,increase,1.11817,1.11818,1.11824,1.11826
"So sad that Nancy Pelosi and Chuck Schumer will never be able to see or understand the great promise of our Country. They can continue the Witch Hunt which has already cost $40M and been a tremendous waste of time and energy for everyone in America, or get back to work....",2019-05-22 17:01:21+00:00,dollar,decrease,1.11554,1.11564,1.11563,1.1159
"Everybody, including me, thought that when the 40 Million Dollar Mueller Report was released with No Collusion and No Obstruction (of a crime caused by others), that was the end. But no, the Democrats want to keep it going in an effort to help them in 2020. Bad for the Country!",2019-05-22 13:50:42+00:00,dollar,decrease,1.11584,1.11618,1.11623,1.11585
"After spending 40 Million Dollars, reviewing 1.4 million pages of documents, &amp, interviewing 500 people with the total support of the White House, the Mueller Report was a BIG DISAPPOINTMENT to the Democrats, so they want a DO OVER. It doesn’t work that way-so bad for our Country!",2019-05-22 00:32:40+00:00,dollar,decrease,1.11621,1.1163,1.11623,1.1163
"....at a conclusion of NO COLLUSION and NO OBSTRUCTION! The Dems were unhappy with the outcome of the $40M Mueller Report, so now they want a do-over.",2019-05-21 21:22:52+00:00,dollar,decrease,1.11633,1.11634,1.11625,1.11641
"Billions of Dollars, and moving jobs back to the USA where they belong. Other countries are already negotiating with us because they don’t want this to happen to them. They must be a part of USA action. This should have been done by our leaders many years ago. Enjoy!",2019-05-14 10:51:41+00:00,dollar,no change,1.12292,1.12292,1.12305,1.12336
"China buys MUCH less from us than we buy from them, by almost 500 Billion Dollars, so we are in a fantastic position. Make your product at home in the USA and there is no Tariff. You can also buy from a non-Tariffed country instead of China. Many companies are leaving China.....",2019-05-14 10:31:10+00:00,dollar,no change,1.12269,1.12254,1.12281,1.12336
"Great to welcome Chairman Shin from Lotte Group to the WH. They just invested $3.1 BILLION into Louisiana-biggest investment in U.S. EVER from a South Korean company, &amp, thousands more jobs for Americans. Great partners like ROK know the U.S. economy is running stronger than ever! https://t.co/WaJxDeTuxj",2019-05-13 21:53:28+00:00,dollar,increase,1.12247,1.12248,1.12247,1.12316
"Today, I officially updated my budget to include $18 million for our GREAT @SpecialOlympics, whose athletes inspire us and make our Nation so PROUD!",2019-05-13 21:41:51+00:00,dollar,increase,1.12244,1.12246,1.12244,1.12314
"We must protect our Great Lakes, keeping them clean and beautiful for future generations. That’s why I am fighting for $300 million in my updated budget for the Great Lakes Restoration Initiative.",2019-05-13 21:38:29+00:00,dollar,increase,1.12232,1.12246,1.12244,1.12305
"Under my Administration, we are restoring @NASA to greatness and we are going back to the Moon, then Mars. I am updating my budget to include an additional $1.6 billion so that we can return to Space in a BIG WAY!",2019-05-13 21:34:50+00:00,dollar,increase,1.12229,1.12234,1.12244,1.12286
My Administration will be fighting for $200 million for the Army Corps Everglades restoration work this year. Congress needs to help us complete the world’s largest intergovernmental watershed restoration project ASAP! Good for Florida and good for the environment.,2019-05-13 21:32:11+00:00,dollar,increase,1.1223,1.12232,1.12244,1.12276
....and the Democrat National Committee-The Democrat Party apparatus-has been caught using donor Dollars to Collude with Russian Intelligence to attack a domestic political opponent (me). The FBI has no leadership. The Director is protecting the same gang.....that tried to....,2019-05-13 02:00:47+00:00,dollar,decrease,1.12342,1.12335,1.12316,1.12334
"Despite two years and millions of dollars spent, the Democrats are acting like crazed lunatics ever since the results of the Mueller Report were made public. But they knew there was NOTHING even before the Report was started. It is all a big Hoax, the biggest in American history!",2019-05-12 23:03:16+00:00,dollar,decrease,1.12354,1.12354,1.12372,
"We are right where we want to be with China. Remember, they broke the deal with us &amp, tried to renegotiate. We will be taking in Tens of Billions of Dollars in Tariffs from China. Buyers of product can make it themselves in the USA (ideal), or buy it from non-Tariffed countries...",2019-05-12 21:06:05+00:00,dollar,no change,1.12357,1.12365,1.12372,1.12367
"I think that China felt they were being beaten so badly in the recent negotiation that they may as well wait around for the next election, 2020, to see if they could get lucky &amp, have a Democrat win - in which case they would continue to rip-off the USA for $500 Billion a year....",2019-05-11 22:18:30+00:00,dollar,decrease,,,,
"RT @tedcruz: The Russia investigation is over. After 2 years of Dem &amp, media hysteria, after millions of dollars, after 2800 subpoenas, the...",2019-05-11 12:20:24+00:00,dollar,decrease,,,,
"We have lost 500 Billion Dollars a year, for many years, on Crazy Trade with China. NO MORE!",2019-05-10 11:24:39+00:00,dollar,decrease,1.12286,1.12294,1.12319,1.12281
"RT @realDonaldTrump: ....If we bought 15 Billion Dollars of Agriculture from our Farmers, far more than China buys now, we would have more...",2019-05-11 00:11:23+00:00,dollar,no change,,,,
"....If we bought 15 Billion Dollars of Agriculture from our Farmers, far more than China buys now, we would have more than 85 Billion Dollars left over for new Infrastructure, Healthcare, or anything else. China would greatly slow down, and we would automatically speed up!",2019-05-10 12:07:24+00:00,dollar,no change,1.12324,1.123,1.12307,1.12395
"Talks with China continue in a very congenial manner - there is absolutely no need to rush - as Tariffs are NOW being paid to the United States by China of 25% on 250 Billion Dollars worth of goods &amp, products. These massive payments go directly to the Treasury of the U.S....",2019-05-10 11:43:56+00:00,dollar,no change,1.12326,1.12344,1.12342,1.12419
"....The process has begun to place additional Tariffs at 25% on the remaining 325 Billion Dollars. The U.S. only sells China approximately 100 Billion Dollars of goods &amp, products, a very big imbalance. With the over 100 Billion Dollars in Tariffs that we take in, we will buy.....",2019-05-10 11:43:56+00:00,dollar,no change,1.12326,1.12344,1.12342,1.12419
"....If we bought 15 Billion Dollars of Agriculture from our Farmers, far more than China buys now, we would have more than 85 Billion Dollars left over for new Infrastructure, Healthcare, or anything else. China would greatly slow down, and we would automatically speed up!",2019-05-10 11:22:22+00:00,dollar,no change,1.12282,1.1229,1.12305,1.12294
"....The process has begun to place additional Tariffs at 25% on the remaining 325 Billion Dollars. The U.S. only sells China approximately 100 Billion Dollars of goods &amp, products, a very big imbalance. With the over 100 Billion Dollars in Tariffs that we take in, we will buy.....",2019-05-10 11:22:22+00:00,dollar,no change,1.12282,1.1229,1.12305,1.12294
"....If we bought 15 Billion Dollars of Agriculture from our Farmers, far more than China buys now, we would have more than 85 Billion Dollars left over for new Infrastructure, Healthcare, or anything else. China would greatly slow down, and we would automatically speed up!",2019-05-10 10:53:56+00:00,dollar,no change,1.12302,1.12327,1.1232,1.12342
"....The process has begun to place additional Tariffs at 25% on the remaining 325 Billion Dollars. The U.S. only sells China approximately 100 Billion Dollars of goods &amp, products, a very big imbalance. With the over 100 Billion Dollars in Tariffs that we take in, we will buy.....",2019-05-10 10:53:55+00:00,dollar,no change,1.12302,1.12327,1.1232,1.12342
"Talks with China continue in a very congenial manner - there is absolutely no need to rush - as Tariffs are NOW being paid to the United States by China of 25% on 250 Billion Dollars worth of goods &amp, products. These massive payments go directly to the Treasury of the U.S.......",2019-05-10 10:53:55+00:00,dollar,no change,1.12302,1.12327,1.1232,1.12342
"Getting ready to leave for one of my favorite places, the Florida Panhandle, where we’ve given, and are giving, billions of $$$ for the devastation caused by Hurricane Michael. Even though the Dems are totally in our way (they don’t want money to go there) we’re getting it done!",2019-05-08 19:30:31+00:00,dollar,increase,1.11934,1.11942,1.11939,1.11898
"GREAT NEWS FOR OHIO! Just spoke to Mary Barra, CEO of General Motors, who informed me that, subject to a UAW agreement etc., GM will be selling their beautiful Lordstown Plant to Workhorse, where they plan to build Electric Trucks. GM will also be spending $700,000,000 in Ohio...",2019-05-08 15:18:41+00:00,dollar,increase,1.12012,1.12056,1.12054,1.11852
"....Guess what, that’s not going to happen! China has just informed us that they (Vice-Premier) are now coming to the U.S. to make a deal. We’ll see, but I am very happy with over $100 Billion a year in Tariffs filling U.S. coffers...great for U.S., not good for China!",2019-05-08 12:48:16+00:00,dollar,decrease,1.11965,1.1199,1.1197,1.12022
"The reason for the China pullback &amp, attempted renegotiation of the Trade Deal is the sincere HOPE that they will be able to “negotiate” with Joe Biden or one of the very weak Democrats, and thereby continue to ripoff the United States (($500 Billion a year)) for years to come....",2019-05-08 12:48:15+00:00,dollar,decrease,1.11965,1.1199,1.1197,1.12022
"RT @realDonaldTrump: Puerto Rico has been given more money by Congress for Hurricane Disaster Relief, 91 Billion Dollars, than any State in...",2019-05-08 02:21:37+00:00,dollar,no change,1.12008,1.12006,1.12022,1.12045
"Puerto Rico has been given more money by Congress for Hurricane Disaster Relief, 91 Billion Dollars, than any State in the history of the U.S. As an example, Florida got $12 Billion &amp, Texas $39 Billion for their monster hurricanes. Now the Democrats are saying NO Relief to......",2019-05-06 13:48:41+00:00,dollar,decrease,1.11906,1.11908,1.11928,1.119
"The United States has been losing, for many years, 600 to 800 Billion Dollars a year on Trade. With China we lose 500 Billion Dollars. Sorry, we’re not going to be doing that anymore!",2019-05-06 11:08:41+00:00,dollar,decrease,1.11979,1.11998,1.12014,1.11997
"After spending more than $35,000,000 over a two year period, interviewing 500 people, using 18 Trump Hating Angry Democrats &amp, 49 FBI Agents - all culminating in a more than 400 page Report showing NO COLLUSION - why would the Democrats in Congress now need Robert Mueller.......",2019-05-05 18:03:29+00:00,dollar,decrease,1.11713,1.11713,1.11713,1.11713
"For 10 months, China has been paying Tariffs to the USA of 25% on 50 Billion Dollars of High Tech, and 10% on 200 Billion Dollars of other goods. These payments are partially responsible for our great economic results. The 10% will go up to 25% on Friday. 325 Billions Dollars....",2019-05-05 16:08:46+00:00,dollar,no change,1.11713,1.11713,1.11713,1.11713
"There is nothing easy about a USA Infrastructure Plan, especially when our great Country has spent an astounding 7 trillion dollars in the Middle East over the last 19 years, but I am looking hard at a bipartisan plan of 1 to 2 trillion dollars. Badly needed!",2019-05-04 11:56:15+00:00,dollar,no change,,,,
Congrats to @U_S_Steel for investing $1+ BILLION in America's most INNOVATIVE steel mill. 232 Tariffs make Pennsylvania and USA more prosperous/secure by bringing Steel and Aluminum industries BACK. Tariffs are working. Pittsburgh is again The Steel City. USA Economy is BOOMING! https://t.co/XPXjxli6uc,2019-05-02 21:33:57+00:00,dollar,increase,1.1173,1.11724,1.11724,1.11744
RT @broncolee70: @dbongino @KurtSchlichter That’s why I am not in the IFFA. Don’t want my $$$ going to dems,2019-05-01 10:07:28+00:00,dollar,decrease,1.12358,1.12354,1.12362,1.12355
"....European countries are not helping at all, even though this was very much done for their benefit. They are refusing to take back prisoners from their specific countries. Not good!",2019-04-30 16:31:50+00:00,euro,decrease,1.12118,1.12127,1.12129,1.12159
"No money was paid to North Korea for Otto Warmbier, not two Million Dollars, not anything else. This is not the Obama Administration that paid 1.8 Billion Dollars for four hostages, or gave five terroist hostages plus, who soon went back to battle, for traitor Sgt. Bergdahl!",2019-04-26 11:12:21+00:00,dollar,decrease,1.11339,1.1135,1.1136,1.11336
"The Mueller Report, despite being written by Angry Democrats and Trump Haters, and with unlimited money behind it ($35,000,000), didn’t lay a glove on me. I DID NOTHING WRONG. If the partisan Dems ever tried to Impeach, I would first head to the U.S. Supreme Court. Not only......",2019-04-24 12:10:06+00:00,dollar,decrease,1.12084,1.121,1.12091,1.11883
"....big, fat, waste of time, energy and money - $30,000,000 to be exact. It is now finally time to turn the tables and bring justice to some very sick and dangerous people who have committed very serious crimes, perhaps even Spying or Treason. This should never happen again!",2019-04-19 20:47:34+00:00,dollar,decrease,1.12457,1.12444,1.12443,
"Bernie Sanders and wife should pay the Pre-Trump Taxes on their almost $600,000 in income. He is always complaining about these big TAX CUTS, except when it benefits him. They made a fortune off of Trump, but so did everyone else - and that’s a good thing, not a bad thing!",2019-04-17 01:11:47+00:00,dollar,no change,1.12845,1.1287,1.12866,1.13012
"Why should Radical Left Democrats in Congress have a right to retry and examine the $35,000,000 (two years in the making) No Collusion Mueller Report, when the crime committed was by Crooked Hillary, the DNC and Dirty Cops? Attorney General Barr will make the decision!",2019-04-13 12:21:05+00:00,dollar,decrease,,,,
"House Democrats want to negotiate a $2 TRILLION spending increase but can’t even pass their own plan. We can’t afford it anyway, and it’s not happening!",2019-04-11 23:14:47+00:00,dollar,decrease,1.12604,1.12604,1.1261,
"Too bad that the European Union is being so tough on the United Kingdom and Brexit. The E.U. is likewise a brutal trading partner with the United States, which will change. Sometimes in life you have to let people breathe before it all comes back to bite you!",2019-04-11 02:52:50+00:00,euro,decrease,1.1276,1.12761,1.12756,1.12766
"The World Trade Organization finds that the European Union subsidies to Airbus has adversely impacted the United States, which will now put Tariffs on $11 Billion of EU products! The EU has taken advantage of the U.S. on trade for many years. It will soon stop!",2019-04-09 11:34:39+00:00,dollar,decrease,1.12761,1.1274,1.12759,1.12796
".....years and $30 million, and they found No Collusion, No Obstruction. But the Democrats, no matter what we give them, will NEVER be satisfied. A total waste of time. As @FrankLuntz has just stated, “Enough, America has had enough. What have you accomplished. Public is fed up.”",2019-04-06 14:31:09+00:00,dollar,decrease,,,,
"....This will supersede USMCA. Likewise I am looking at an economic penalty for the 500 Billion Dollars in illegal DRUGS that are shipped and smuggled through Mexico and across our Southern Border. Over 100,00 Americans die each year, sooo many families destroyed!",2019-04-05 13:19:46+00:00,dollar,decrease,1.12302,1.12284,1.12246,1.12292
"Robert Mueller was a God-like figure to the Democrats, until he ruled No Collusion in the long awaited $30,000,000 Mueller Report. Now the Dems don’t even acknowledge his name, have become totally unhinged, and would like to go through the whole process again. It won’t happen!",2019-04-02 12:46:29+00:00,dollar,decrease,1.1207,1.12046,1.12052,1.11996
"Puerto Rico got 91 Billion Dollars for the hurricane, more money than has ever been gotten for a hurricane before, &amp, all their local politicians do is complain &amp, ask for more money. The pols are grossly incompetent, spend the money foolishly or corruptly, &amp, only take from USA....",2019-04-02 11:33:17+00:00,dollar,decrease,1.1204,1.12039,1.12024,1.12058
"....the crazed and incompetent Mayor of San Juan have done such a poor job  of bringing the Island back to health. 91 Billion Dollars to Puerto Rico, and now the Dems want to give them more, taking dollars away from our Farmers and so many others. Disgraceful!",2019-04-02 03:38:29+00:00,dollar,decrease,1.12004,1.12016,1.12007,1.11992
"The cost of ObamaCare is far too high for our great citizens. The deductibles, in many cases way over $7000, make it almost worthless or unusable. Good things are going to happen! @SenRickScott  @senatemajldr @SenJohnBarrasso  @SenBillCassidy",2019-04-01 13:41:23+00:00,dollar,decrease,1.12376,1.12395,1.12399,1.12234
Can you believe that the Radical Left Democrats want to do our new and very important Census Report without the all important Citizenship Question. Report would be meaningless and a waste of the $Billions (ridiculous) that it costs to put together!,2019-04-01 13:03:28+00:00,dollar,decrease,1.12398,1.12375,1.12431,1.12282
"The DEMOCRATS have given us the weakest immigration laws anywhere in the World. Mexico has the strongest, &amp, they make more than $100 Billion a year on the U.S. Therefore, CONGRESS MUST CHANGE OUR WEAK IMMIGRATION LAWS NOW, &amp, Mexico must stop illegals from entering the U.S....",2019-03-29 15:23:50+00:00,dollar,decrease,1.12238,1.12264,1.1226,1.12244
"Great news from @Ford! They are investing nearly $1 BILLION in Flat Rock, Michigan for auto production on top of a $1 BILLION investment last month in a facility outside of Chicago. Companies are pouring back into the United States - they want to be where the action is!",2019-03-20 20:51:41+00:00,dollar,increase,1.14124,1.14108,1.1413,1.14226
"Rep. Devin Nunes Files $250M Defamation Lawsuit Against Twitter, Two Anonymous Twitter Accounts https://t.co/fT9ZXdWg7z via @thedailybeast",2019-03-19 01:32:29+00:00,dollar,no change,1.13409,1.13412,1.13416,1.13414
"While the press doesn’t like writing about it, nor do I need them to, I donate my yearly Presidential salary of $400,000.00 to different agencies throughout the year, this to Homeland Security. If I didn’t do it there would be hell to pay from the FAKE NEWS MEDIA! https://t.co/xqIGUOwh4x",2019-03-18 22:29:29+00:00,dollar,decrease,1.13366,1.13368,1.13371,1.13364
"Because the economy is so good, General Motors must get their Lordstown, Ohio, plant open, maybe in a different form or with a new owner, FAST! Toyota is investing 13.5 $Billion in U.S., others likewise. G.M. MUST ACT QUICKLY. Time is of the essence!",2019-03-16 21:01:21+00:00,dollar,increase,,,,
"RT @ChuckRossDC: NEW: Dark money group gave $2 Million DEMOCRACY INTEGRITY PROJECT, the org that hired Fusion GPS and Chris Steele to bolst...",2019-03-11 01:58:07+00:00,dollar,no change,1.12289,1.12305,1.12294,1.12312
"I hope the grandstanding Governor of California is able to spend his very highly taxed citizens money on asylum holds more efficiently than money has been spent on the so-called Fast Train, which is $Billions over budget &amp, in total disarray. Time to reduce taxes in California!",2019-03-09 21:50:23+00:00,dollar,no change,,,,
"The reason I do not want military drills with South Korea is to save hundreds of millions of dollars for the U.S. for which we are not reimbursed. That was my position long before I became President. Also, reducing tensions with North Korea at this time is a good thing!",2019-03-03 20:18:23+00:00,dollar,decrease,1.13826,1.13826,1.13826,1.13826
"Fiat Chrysler will be adding more than 6,500 JOBS in Michigan (Detroit area), doubling its hourly workforce as part of a 4.5 Billion Dollar investment. Thank you Fiat Chrysler. They are all coming back to the USA, it’s where the action is!",2019-02-27 09:20:25+00:00,dollar,increase,1.13903,1.13908,1.13928,1.13939
RT @seanhannity: **REPORT: “China is proposing that it could buy an additional $30 billion a year of U.S. agricultural products including s...,2019-02-24 04:02:02+00:00,dollar,no change,1.13361,1.13361,1.13361,1.13361
California now wants to scale back their already failed “fast train” project by substantially shortening the distance so that it no longer goes from L.A. to San Francisco. A different deal and record cost overruns. Send the Federal Government back the Billions of Dollars WASTED!,2019-02-20 14:13:25+00:00,dollar,decrease,1.13344,1.13376,1.13374,1.1341
"As I predicted, 16 states, led mostly by Open Border Democrats and the Radical Left, have filed a lawsuit in, of course, the 9th Circuit! California, the state that has wasted billions of dollars on their out of control Fast Train, with no hope of completion, seems in charge!",2019-02-19 13:52:18+00:00,dollar,decrease,1.12984,1.12964,1.12995,1.13187
"As I predicted, 16 cities, led mostly by Open Border Democrats and the Radical Left, have filed a lawsuit in, of course, the 9th Circuit! California, the state that has wasted billions of dollars on their out of control Fast Train, with no hope of completion, seems in charge!",2019-02-19 12:44:43+00:00,dollar,decrease,1.12836,1.12835,1.12836,1.12953
"RT @realDonaldTrump: ....Many of the top FBI brass were fired, forced to leave, or left. McCabe’s wife received BIG DOLLARS from Clinton pe...",2019-02-17 23:49:31+00:00,dollar,decrease,1.12956,1.12951,1.12951,
"....Will be getting almost $23 BILLION for Border Security. Regardless of Wall money, it is being built as we speak!",2019-02-12 23:47:24+00:00,dollar,no change,1.13352,1.1334,1.13322,
"....The U.S. does not want to watch as these ISIS fighters permeate Europe, which is where they are expected to go. We do so much, and spend so much - Time for others to step up and do the job that they are so capable of doing. We are pulling back after 100% Caliphate victory!",2019-02-17 04:01:37+00:00,euro,decrease,1.1293,1.1293,1.1293,1.1293
"The United States is asking Britain, France, Germany and other European allies to take back over 800 ISIS fighters that we captured in Syria and put them on trial. The Caliphate is ready to fall. The alternative is not a good one in that we will be forced to release them........",2019-02-17 03:51:24+00:00,euro,decrease,1.1293,1.1293,1.1293,1.1293
"Trade negotiators have just returned from China where the meetings on Trade were very productive. Now at meetings with me at Mar-a-Lago giving the details. In the meantime, Billions of Dollars are being paid to the United States by China in the form of Trade Tariffs!",2019-02-17 00:17:44+00:00,dollar,no change,1.1293,1.1293,1.1293,1.1293
"....Many of the top FBI brass were fired, forced to leave, or left. McCabe’s wife received BIG DOLLARS from Clinton people for her campaign - he gave Hillary a pass. McCabe is a disgrace to the FBI and a disgrace to our Country. MAKE AMERICA GREAT AGAIN!",2019-02-14 14:55:09+00:00,dollar,decrease,1.12964,1.12947,1.12866,1.12706
California has been forced to cancel the massive bullet train project after having spent and wasted many billions of dollars. They owe the Federal Government three and a half billion dollars. We want that money back now. Whole project is a “green” disaster!,2019-02-14 01:29:43+00:00,dollar,decrease,1.12666,1.12668,1.12662,1.12708
"RT @WhiteHouse: Americans pay 180 percent of what Europeans, Canadians, and Japanese pay for the exact same drugs!Our seniors aren't goin...",2019-02-13 02:53:27+00:00,euro,decrease,1.13358,1.13358,1.1336,1.1339
"The Border Committee Democrats are behaving, all of a sudden, irrationally. Not only are they unwilling to give dollars for the obviously needed Wall (they overrode recommendations of Border Patrol experts), but they don’t even want to take muderers into custody! What’s going on?",2019-02-10 21:54:00+00:00,dollar,decrease,1.13196,1.13196,1.13203,1.13193
"I inherited a total mess in Syria and Afghanistan, the “Endless Wars” of unlimited spending and death. During my campaign I said, very strongly, that these wars must finally end. We spend $50 Billion a year in Afghanistan and have hit them so hard that we are now talking peace...",2019-02-01 13:23:07+00:00,dollar,decrease,1.1471,1.14732,1.14596,1.14684
Thank you to Brit. This is a very big deal in Europe. Fake News is the Enemy of the People! https://t.co/WX0o8gaiMC,2019-01-27 15:27:29+00:00,euro,decrease,1.1402,1.1402,1.1402,1.1402
"We are not even into February and the cost of illegal immigration so far this year is $18,959,495,168. Cost Friday was $603,331,392. There are at least 25,772,342 illegal aliens, not the 11,000,000 that have been reported for years, in our Country. So ridiculous! DHS",2019-01-27 13:44:39+00:00,dollar,decrease,1.1402,1.1402,1.1402,1.1402
"Kevin Corke, @FoxNews “Don’t forget, Michael Cohen has already been convicted of perjury and fraud, and as recently as this week, the Wall Street Journal has suggested that he may have stolen tens of thousands of dollars....”  Lying to reduce his jail time! Watch father-in-law!",2019-01-18 15:02:41+00:00,dollar,decrease,1.13747,1.13711,1.13754,1.13663
"There are now 77 major or significant Walls built around the world, with 45 countries planning or building Walls. Over 800 miles of Walls have been built in Europe since only 2015. They have all been recognized as close to 100% successful. Stop the crime at our Southern Border!",2019-01-16 12:33:04+00:00,euro,no change,1.13878,1.13892,1.13944,1.13893
"Volkswagen will be spending 800 million dollars in Chattanooga, Tennessee. They will be making Electric Cars. Congratulations to Chattanooga and Tennessee on a job well done. A big win!",2019-01-15 12:25:45+00:00,dollar,increase,1.14228,1.14256,1.14245,1.14201
"Drug prices declined in 2018, the first time in nearly half a century. During the first 19 months of my Administration, Americans saved $26 Billion on prescription drugs. Our policies to get cheaper generic drugs to market are working!",2019-01-11 23:21:41+00:00,dollar,increase,,,,
"I often said during rallies, with little variation, that “Mexico will pay for the Wall.” We have just signed a great new Trade Deal with Mexico. It is Billions of Dollars a year better than the very bad NAFTA deal which it replaces. The difference pays for Wall many times over!",2019-01-11 12:05:00+00:00,dollar,increase,1.15335,1.15345,1.15334,1.1528
"Billions of dollars are sent to the State of California for Forest fires that, with proper Forest Management, would never happen. Unless they get their act together, which is unlikely, I have ordered FEMA to send no more money. It is a disgraceful situation in lives &amp, money!",2019-01-09 15:25:43+00:00,dollar,decrease,1.1534,1.15306,1.15244,1.15234
"Billions of dollars are sent to the State of California for Forrest fires that, with proper Forrest Management, would never happen. Unless they get their act together, which is unlikely, I have ordered FEMA to send no more money. It is a disgraceful situation in lives &amp, money!",2019-01-09 02:36:05+00:00,dollar,decrease,1.14539,1.1454,1.14549,1.14584
"....The only reason they do not want to build a Wall is that Walls Work! 99% of our illegal Border crossings will end, crime in our Country will go way down and we will save billions of dollars a year! A properly planned and constructed Wall will pay for itself many times a year!",2019-01-06 12:33:39+00:00,dollar,no change,1.13974,1.13974,1.13974,1.13974
"The Democrats want Billions of Dollars for Foreign Aid, but they don’t want to spend a small fraction of that number on properly securing our Border. Figure that one out!",2019-01-05 15:54:42+00:00,dollar,decrease,,,,
The United States Treasury has taken in MANY billions of dollars from the Tariffs we are charging China and other countries that have not treated us fairly. In the meantime we are doing well in various Trade Negotiations currently going on. At some point this had to be done!,2019-01-03 14:52:13+00:00,dollar,no change,1.13627,1.13635,1.13942,1.13942
Mexico is paying for the Wall through the new USMCA Trade Deal. Much of the Wall has already been fully renovated or built. We have done a lot of work. $5.6 Billion Dollars that House has approved is very little in comparison to the benefits of National Security. Quick payback!,2019-01-02 13:35:30+00:00,dollar,no change,1.13856,1.13828,1.1379,1.13708
"MEXICO IS PAYING FOR THE WALL through the many billions of dollars a year that the U.S.A. is saving through the new Trade Deal, the USMCA, that will replace the horrendous NAFTA Trade Deal, which has so badly hurt our Country. Mexico &amp, Canada will also thrive - good for all!",2019-01-01 00:40:26+00:00,dollar,increase,1.14649,1.14649,1.14649,1.14649
